0,1,2,3,4,label
0.6793126,-0.07530689,-0.18633197,0.54881036,-0.8046363,1
-0.32424396,0.6420358,0.05527638,0.7094999,-0.75728136,0
-0.012613326,0.67091936,-0.34285644,0.7110661,-0.7673804,0
-0.09170067,0.52994394,-0.3323593,0.6241811,-0.82769257,1
-0.08608207,0.61784095,0.09493551,0.71327764,-0.6995306,0
0.5410309,0.85157585,0.18140617,0.60237306,-0.7971493,1
0.77918017,0.43362772,-0.05412498,0.63196105,-0.7937469,0
0.12421477,0.28499216,-0.1994893,0.6816358,-0.78253007,0
0.38219133,0.52486897,-0.57618225,0.40318984,-0.8710577,1
0.28587475,0.37562037,-0.35094756,0.8543786,-0.6823465,1
-0.10849902,0.6327832,-0.31098545,0.66049945,-0.81944245,1
0.87374634,0.16151932,-0.61696434,0.4985394,-0.847544,1
-0.3537386,0.5577949,-0.07656259,0.47764385,-0.8986331,1
0.8855464,0.18130194,0.022363499,0.60263413,-0.8023663,1
0.08985485,0.25887716,-0.25806534,0.77611405,-0.74632865,0
0.46242017,0.21528976,-0.09998954,0.6763874,-0.75645006,0
-0.44619185,0.3090581,0.26551962,0.555818,-0.83886164,0
-0.35140854,0.53451407,-0.23964861,0.50901747,-0.8880304,1
0.19756544,-0.30213737,-0.5227115,0.51273465,-0.7835166,1
0.27523643,-0.8266908,-0.3506497,0.4706247,-0.8044059,1
-0.13530001,0.006142527,0.3447215,0.7953223,-0.68092525,1
-0.40570486,0.6928093,-0.2616215,0.39140257,-0.9601711,1
0.11747867,0.59324145,-0.40838933,0.76479346,-0.7499322,1
0.4327958,0.84077364,-0.026566982,0.4776065,-0.8588444,1
0.14878532,0.3294358,-0.36357096,0.76892096,-0.7635739,0
0.44496614,0.6351637,-0.4452073,0.4656723,-0.87079275,1
-0.042195648,0.6727838,0.31891018,0.2599956,-0.9401804,0
0.79831403,0.39494485,-0.22863719,0.55885506,-0.83009875,1
0.69945896,0.45340544,0.0021524876,0.6391187,-0.7869784,0
0.74326336,0.320009,-0.15225613,0.5759789,-0.8221926,0
-0.076015174,0.5802742,-0.23312782,0.7341528,-0.76292056,1
0.73519933,0.55309486,0.034198746,0.6459933,-0.78451186,0
0.5033497,0.7606149,-0.17407313,0.69135493,-0.7707285,0
0.94716394,0.29797444,-0.05707982,0.5862156,-0.8192391,1
-0.08660233,0.79707205,-0.5662324,0.6470932,-0.8559292,0
0.010690838,0.33291814,0.48253405,0.73422617,-0.7077965,0
0.16290402,0.3900759,-0.257142,0.73188627,-0.7349569,1
0.6446676,0.8222469,0.0050549954,0.53780067,-0.8272569,1
0.7181939,0.45914415,-0.08368868,0.67774814,-0.7777493,0
0.04853502,-0.060321987,-0.09040136,0.6739388,-0.79698205,1
0.59751534,0.5474287,-0.22512576,0.69669867,-0.77277124,0
0.6143148,0.48406082,0.013013929,0.74850017,-0.71498877,0
-0.27963936,0.63016295,-0.1780297,0.6262394,-0.8112555,1
-0.09282377,0.7742175,-0.2600956,0.5374655,-0.8684179,0
0.6702528,0.37373754,-0.45726976,0.56153345,-0.802826,0
0.047602177,-0.15889835,-0.09184824,0.58183205,-0.83942866,0
0.922226,0.5668044,-0.028671145,0.6133346,-0.80498284,0
0.24006835,0.38674304,-0.4465982,0.7243606,-0.7822382,0
-0.0037092566,-0.18464416,-0.13182256,0.7513274,-0.75918776,0
0.7271292,0.25627387,0.0901348,0.6264061,-0.7904453,0
0.8278019,0.14102045,-0.1977162,0.5494488,-0.82600856,0
0.68925756,0.46867105,-0.018115014,0.63045835,-0.79221207,0
-0.22477877,0.45875135,0.06865232,0.7075629,-0.7560033,0
0.58918434,0.6656227,-0.14369227,0.49951386,-0.8475153,1
0.6238643,0.6223965,-0.42488134,0.69688684,-0.7709401,1
0.10838166,0.35245407,-0.3138532,0.753996,-0.7684221,1
0.66510427,0.54880893,-0.23750529,0.7167257,-0.7557269,0
0.11233875,0.024805278,-0.5244423,0.6213257,-0.83790773,1
0.40282363,0.59204024,0.0810239,0.44184232,-0.870078,1
0.71731853,0.7699619,0.2256695,0.535199,-0.8284021,1
0.55060583,0.4405153,0.045886174,0.76359135,-0.7161175,0
0.56540364,0.77309024,-0.36774534,0.66259885,-0.78416663,0
-0.32381338,0.46935138,-0.07136337,0.5093912,-0.8741152,1
-0.20375085,0.40440896,-0.055074617,0.6589096,-0.793145,1
0.31853962,0.8008009,0.12858146,0.6569225,-0.7712067,0
0.60460705,0.33410522,-0.102009475,0.5724489,-0.79092896,1
0.34914473,0.7096752,0.0057188272,0.46419132,-0.86964893,1
-0.051391125,-0.18467927,0.043836474,0.59806496,-0.8162801,1
0.57959557,0.26938754,0.35392755,0.59956473,-0.77759176,0
0.8618425,0.56574315,-0.24053869,0.59054786,-0.8156678,1
-0.1626383,0.58268225,-0.02076736,0.76255834,-0.7551395,0
0.65833724,0.27327162,-0.235888,0.70136255,-0.768498,0
0.002309233,-0.71152127,0.21465084,0.5807135,-0.6968006,1
0.1676181,0.3695439,-0.5111597,0.7020695,-0.7969175,1
0.34697208,0.9602178,-0.25951642,0.57385963,-0.82972324,0
-0.3786524,0.7663955,0.18685994,0.57112163,-0.7669851,0
0.7531532,0.6886312,-0.09630173,0.4699632,-0.8740201,1
-0.13746387,0.71305585,-0.167847,0.6960278,-0.8000376,0
-0.0722875,-0.06050104,-0.18103023,0.6421776,-0.80735797,1
0.8626031,0.4495025,-0.03026411,0.5973329,-0.809616,1
0.4939251,0.59055036,-0.19849497,0.69306093,-0.7565488,0
0.106575534,0.30361438,-0.40830356,0.7488445,-0.78993475,0
0.10231879,0.35171187,-0.3690541,0.7331383,-0.7827093,0
-0.11380789,0.78983676,-0.27103892,0.55857736,-0.8527538,0
0.610996,0.017374963,0.27179077,0.5805771,-0.7900367,1
-0.30348366,0.5576352,-0.3556799,0.4285388,-0.947739,1
0.6759311,0.12320638,-0.34521466,0.539637,-0.81230205,1
0.4498158,0.3590554,0.24246454,0.78420174,-0.68658525,0
-0.15758538,0.63199157,-0.33661348,0.72470284,-0.782583,0
0.70855486,0.3819507,-0.20738447,0.6869005,-0.76614213,0
-0.14963534,0.53386134,-0.42186987,0.51402426,-0.91256344,0
-0.32220733,-0.005814165,0.20978981,0.48127133,-0.7516588,1
-0.14670211,0.678913,0.19753072,0.7402192,-0.7422913,0
0.6100496,-0.4216103,0.39841312,0.661928,-0.7717129,0
0.73760134,0.33904788,0.12606516,0.62309146,-0.78507745,0
0.5323218,0.6219781,-0.17346132,0.49835595,-0.83495575,1
0.087796554,0.045715988,-0.29316923,0.7457042,-0.7599078,1
0.07304084,0.023628712,-0.15554352,0.70133543,-0.8002811,0
-0.15973419,-0.2953769,-0.032351494,0.5216245,-0.8475047,1
0.57959247,0.61121047,-0.30657163,0.48214027,-0.84081715,1
-0.051200986,-0.38763762,-0.29082465,0.3847407,-0.82883215,1
0.5512999,0.6676613,-0.36560833,0.72670966,-0.75486064,0
0.31780007,0.30075738,0.20577356,0.7238617,-0.71378505,0
0.00038206577,0.12533918,-0.35445458,0.65164405,-0.82184446,1
0.70675355,0.38156328,-0.1399398,0.59810597,-0.7908631,1
0.6694882,0.35050702,-0.2265932,0.57046473,-0.8153098,1
0.597283,0.6070292,-0.10646827,0.7366851,-0.7491598,0
0.30701715,0.36283746,-0.50325465,0.7391703,-0.77671343,0
0.6894424,0.050370246,-0.30374736,0.5955379,-0.80471706,0
0.20020115,0.68606687,-0.46578944,0.650739,-0.814806,0
0.9225055,0.46580368,-0.16291958,0.59663117,-0.8169344,1
0.33231935,0.7018162,0.14611936,0.566909,-0.7986493,0
0.1594592,-0.06353578,-0.65500134,0.6155173,-0.82163244,1
-0.07952884,0.7822444,-0.30897987,0.56790704,-0.85022044,0
-1.0,0.3863016,0.95371383,0.21661428,-0.92291296,1
-0.22493464,0.3458477,-0.3777187,0.37420025,-0.85416365,1
0.8594603,0.31009185,-0.028429806,0.5728406,-0.82083946,1
0.13661326,-0.034484684,-0.20858182,0.6625667,-0.8137305,0
0.6506653,0.7093811,-0.37917078,0.48691612,-0.8478628,1
0.7502884,0.48772565,0.08942513,0.654627,-0.7776673,0
0.058513492,-0.14633614,-0.24997112,0.67624587,-0.80310506,1
0.46316546,0.91819865,0.09420669,0.651315,-0.7806715,0
-0.01583597,-0.05673957,-0.22845778,0.6586255,-0.80352676,1
0.41705632,0.82356596,-0.43081227,0.6037196,-0.8057039,0
0.6195091,0.33322588,-0.71038467,0.49954492,-0.83060753,1
0.48444456,0.65834713,-0.049667433,0.584221,-0.7823755,1
-0.16031462,0.6794342,-0.11766727,0.73566735,-0.7683871,1
0.55783284,0.8389177,-0.09049536,0.54644644,-0.83862394,0
0.26536506,0.78629553,0.14704672,0.5056967,-0.831481,0
-0.29978728,0.54406554,-0.28613085,0.45692414,-0.9210427,0
0.6158456,0.8442489,-0.13201967,0.6960573,-0.7728989,1
0.47670808,0.6754525,0.076248944,0.53541625,-0.82382745,1
-0.0435825,0.73578924,-0.36441022,0.7042919,-0.776733,0
0.7823595,0.10486868,-0.0004403442,0.60961837,-0.7989717,0
0.7039825,0.14336044,-0.1725957,0.62542325,-0.79285324,1
0.47997236,0.4308196,0.17250714,0.7611001,-0.70428103,0
0.7637762,0.16222432,-0.13283208,0.6351817,-0.789972,1
-0.55889916,0.6033343,-0.05837831,0.34740824,-0.96446466,1
0.82492995,0.52438104,-0.26277325,0.65608495,-0.8103366,0
0.7042401,0.61836827,-0.18700333,0.67451775,-0.78241026,0
0.8484409,0.3634356,-0.27720854,0.555353,-0.80911094,1
0.62575483,0.8839469,-0.32152826,0.6216015,-0.8041823,0
0.7009951,0.14791489,-0.14810462,0.5516149,-0.8042911,1
0.7027504,0.14340138,0.32279977,0.5900972,-0.7831989,0
-0.0026951432,0.46214873,-0.37492502,0.74459493,-0.76501954,1
-0.2291047,0.6703279,-0.21688306,0.50057495,-0.90769696,1
0.72440463,0.21495411,-0.16315247,0.53728795,-0.82208544,1
0.70501405,0.5458938,-0.36414886,0.7006801,-0.7711604,0
-0.030715853,0.2322676,-0.36101973,0.62875503,-0.8346015,1
0.66514194,0.50604445,0.16186288,0.663464,-0.7569766,1
0.7253369,0.8736525,-0.018730968,0.5050432,-0.8595053,1
-0.04173249,0.51431125,-0.24659312,0.7172674,-0.77011716,1
0.9434379,0.50551945,-0.11231764,0.5975361,-0.8202291,1
-0.10487366,0.87250626,-0.14124128,0.6441125,-0.7499643,0
-0.11738953,0.7666466,-0.22053061,0.694643,-0.8041016,0
0.87553084,0.33824858,-0.64149225,0.5134598,-0.8396671,1
0.7068347,0.42837685,-0.24848385,0.71547955,-0.7594772,0
0.43275762,0.5628656,0.244129,0.56387544,-0.79689944,0
0.17616095,0.7008416,-0.49406987,0.73160213,-0.78561205,0
0.73300326,0.52053106,0.009926721,0.6309701,-0.7809983,1
0.6120434,0.67459023,-0.14228347,0.73237,-0.75326467,0
0.030848503,0.7658319,-0.27403638,0.6908408,-0.8018537,1
0.61902857,0.7542812,-0.06565705,0.7396979,-0.7448031,0
0.5627715,0.5136535,-0.5728303,0.63502413,-0.78371173,1
0.055419415,0.27541417,-0.445406,0.721713,-0.80415004,0
0.4865202,0.81372404,-0.021032706,0.51454175,-0.84815097,0
0.042294145,-0.024717808,-0.14019373,0.66077113,-0.7977908,1
0.90238404,0.2459662,-0.15030652,0.52933437,-0.8564767,1
0.46378177,0.74720204,-0.2613891,0.57143456,-0.82758826,1
-0.4999994,0.3478082,0.3320194,0.5425399,-0.81764066,0
-0.81361544,0.5000573,0.57674134,0.22878993,-0.945844,1
0.7313509,0.5384281,-0.07132756,0.661199,-0.78347105,1
0.44875893,0.88853467,-0.16131786,0.6446717,-0.7947354,0
0.9519116,0.2747087,-0.096077636,0.5678702,-0.822071,0
0.18971929,0.3130968,-0.5282582,0.67444646,-0.8227217,1
0.7910807,0.31010196,-0.17256373,0.5848891,-0.8042515,1
0.5766469,0.68905115,-0.31357074,0.43192428,-0.8730761,1
-0.49519467,0.50108707,0.2267484,0.45008704,-0.8976091,1
-0.25502884,0.59464455,0.21648732,0.6155216,-0.74397796,0
0.07429063,0.2852292,-0.35891476,0.75468385,-0.7936679,0
0.28545076,0.69398797,0.17334256,0.42779753,-0.86249864,1
0.6801002,0.2382485,-0.11089922,0.49150866,-0.8500919,1
0.057655156,-0.34840924,-0.14227024,0.54289746,-0.7506446,1
0.8242389,0.54444003,-0.12960899,0.6107635,-0.81442064,1
0.6366296,0.7072966,-0.4202192,0.61440575,-0.80950844,0
-0.042265385,0.65063596,-0.34726346,0.5569986,-0.8744288,0
0.07996361,0.388742,0.46226454,0.7998804,-0.6694463,0
0.57748973,0.42619917,-0.43465403,0.7046667,-0.7568301,0
-0.0721018,0.7960122,-0.43671024,0.6316553,-0.8204335,0
0.7145557,0.77381337,-0.12346006,0.6110436,-0.82692665,1
0.50186706,0.9723759,-0.043607473,0.727383,-0.7536976,0
0.6726663,0.40722585,0.25758612,0.57175034,-0.8036615,1
0.5932342,0.9111354,-0.31456202,0.64822054,-0.7939484,0
0.03812495,0.56496453,-0.38703462,0.7408596,-0.7773164,1
0.045965314,0.9032317,-0.26023513,0.74518,-0.6999407,1
-0.26255268,0.57100904,-0.36381096,0.5213549,-0.88149005,1
-0.5147176,0.37536955,0.06548475,0.4598609,-0.8761787,0
0.5460799,0.84305346,-0.05629865,0.56121916,-0.8246642,0
-0.3700596,0.40155983,-0.32928067,0.37544507,-0.9603299,1
0.30235568,0.8328259,0.24114808,0.45114648,-0.8755408,1
-0.21643335,0.802608,0.043927938,0.5470841,-0.8681168,0
0.05739382,0.7984843,-0.22771361,0.7293364,-0.7140807,0
0.26445115,0.11728796,-0.63882035,0.61925894,-0.8341731,0
0.117091075,0.6825917,-0.58609974,0.6996431,-0.786869,1
-0.07451713,0.72332644,0.07256359,0.64362687,-0.805884,0
-0.16887358,0.6954595,-0.3491974,0.5216173,-0.90697837,0
-0.11991283,0.76709914,-0.54806113,0.6425558,-0.8562896,0
0.5124216,-0.12165713,0.10853633,0.6018784,-0.7627141,1
-0.152271,-0.19986111,0.42685813,0.6443827,-0.770076,1
-0.037505418,-0.25483572,-0.34482,0.4481964,-0.79103637,1
0.5423152,0.12538901,0.08338009,0.6236814,-0.75160825,1
0.040860176,0.009586364,-0.20921022,0.61442435,-0.84506804,0
0.7590953,0.29570532,-0.26466793,0.5826643,-0.80329615,0
0.74242115,0.14064044,0.088077396,0.60948426,-0.78707516,1
0.09074877,0.20239632,-0.21988106,0.7541328,-0.75387967,0
0.7096765,0.56864834,-0.4162819,0.6852305,-0.7780091,0
-0.095674485,0.60113585,-0.30776092,0.60944206,-0.86111283,1
0.71063226,0.43996763,-0.064474694,0.64156586,-0.78172326,0
0.4081642,0.18722725,-0.039107457,0.790238,-0.6853299,0
0.496518,0.29856026,0.11101094,0.6871326,-0.76523757,0
0.63175666,0.034691006,0.11523798,0.6489532,-0.7621276,0
0.4038336,0.68527734,-0.29107672,0.44614884,-0.86711377,1
-0.29284906,0.57066435,0.7275003,0.7654861,-0.6031505,0
0.6173763,0.6367825,-0.38880822,0.69784147,-0.7535737,0
-0.12234098,-0.06859788,0.14635774,0.602926,-0.80629534,1
-0.13079667,0.5740736,-0.13066123,0.7225866,-0.7601158,1
0.68338466,0.48318622,-0.26333776,0.52616006,-0.8411339,1
0.82270056,0.40340889,0.06984185,0.6584521,-0.77445036,0
0.61339235,0.4429911,0.11995104,0.67063355,-0.75217915,0
0.8940039,0.11046943,0.12110829,0.572302,-0.82184976,1
0.7676354,0.08305907,-0.005559057,0.5731626,-0.80113614,1
-0.2613961,0.26717055,-0.06082952,0.5468836,-0.85222703,0
0.6916164,0.5055266,-0.24707875,0.67813635,-0.76923126,1
0.21103916,-0.20742404,0.0038440675,0.7067616,-0.78657806,0
-0.08059582,0.68688893,-0.16290227,0.64518243,-0.7692871,1
0.117055535,0.30425256,-0.34794283,0.7425106,-0.7702311,1
0.023263216,0.3673831,-0.6324008,0.5412278,-0.8769844,1
0.8621299,0.36495867,-0.3250519,0.57745236,-0.8156413,1
0.10267122,0.14924559,-0.47815332,0.7501452,-0.76721084,1
0.778959,0.37422505,-0.07904213,0.58105576,-0.8177387,1
0.17532705,0.09745315,-0.6815202,0.6430056,-0.822584,1
-0.14963087,0.797461,0.033317,0.5842219,-0.852069,0
0.12621388,0.80236244,-0.41374013,0.7175911,-0.7241749,0
0.12436415,0.121845454,0.097929925,0.6633225,-0.8029306,1
-0.039135814,0.08696839,-0.16754913,0.7950034,-0.72196555,1
0.82903713,0.062054485,-0.29653051,0.50688446,-0.8404355,1
0.29362214,0.3411755,0.106561005,0.8689803,-0.6401407,0
-0.058288187,0.61637336,-0.1967462,0.74415696,-0.7572755,0
0.27164733,1.0000001,0.1279138,0.5910498,-0.81785715,0
0.8493439,0.23740965,-0.09940678,0.60575783,-0.8064859,1
0.09380594,-0.16250753,-0.4561464,0.5343897,-0.8638462,1
-0.0261212,0.2491689,-0.082835265,0.63052773,-0.82969624,1
0.6200337,0.32382917,-0.37108922,0.5228435,-0.8327318,1
0.8686385,0.53278524,-0.012292758,0.631689,-0.79845273,1
0.47406667,-0.27799016,0.05422142,0.46562594,-0.84389585,0
0.15012927,0.25666124,-0.3891456,0.73088473,-0.80406564,0
-0.1334945,0.23305817,0.14310348,0.6543648,-0.79472584,1
-0.08420646,0.84331524,0.4427902,0.44855386,-0.87739956,0
0.16390963,0.19633973,-0.5003878,0.7173909,-0.77951,0
0.7179836,0.52578366,-0.44114223,0.57926893,-0.8046581,1
-0.18216151,0.6664607,-0.04651106,0.7676472,-0.7482889,0
0.74409956,0.54506755,-0.33630738,0.6686243,-0.78039813,1
0.05854939,0.37919036,-0.29353815,0.7771604,-0.7480037,0
-0.34140015,0.38533923,-0.12347548,0.4823636,-0.88142806,1
-0.021643132,-0.7068223,0.29325852,0.6144531,-0.80225533,0
0.90168697,0.4922049,-0.27663994,0.59332144,-0.833203,1
0.911683,0.46330905,-0.13387786,0.58047974,-0.81282854,1
0.37811786,0.1327517,-0.074999645,0.7364451,-0.71537846,0
0.15931329,0.18918861,-0.26354724,0.7626617,-0.72151124,1
0.7144082,0.13649288,-0.19540003,0.51208377,-0.8288559,1
0.6974977,0.12750548,0.17397672,0.64364046,-0.7788317,0
0.07184237,0.80049604,0.23057449,0.47358978,-0.8539728,0
0.68466413,0.7154457,-0.3957563,0.6277541,-0.8069766,0
0.7171272,0.13921356,-0.1768976,0.57280874,-0.79679865,1
0.72003114,0.28331935,0.14950791,0.6292677,-0.78536594,0
-0.18091604,0.56718004,-0.24317113,0.5847651,-0.85058135,1
0.18698978,0.13586041,-0.46756127,0.75321794,-0.8004776,0
0.622861,0.50734055,-0.19882013,0.68154365,-0.7783223,0
0.6402973,0.644283,0.041263,0.6023635,-0.7922417,1
-0.061275065,0.848001,-0.24639046,0.6654385,-0.8099877,0
0.101679,0.4405179,-0.17070793,0.68368495,-0.82240057,0
0.64128554,0.15484332,0.33530238,0.59997463,-0.7801894,0
0.29838127,0.49858287,-0.30718258,0.82260454,-0.6797765,1
0.35783982,0.20697354,-0.46078867,0.72609794,-0.78493184,1
0.09457113,0.07369965,-0.12050289,0.7296645,-0.7786406,0
-0.13631278,0.52316266,-0.19557449,0.66406935,-0.82233334,0
0.5962515,0.816676,0.29969606,0.50430626,-0.836077,1
0.8649326,-0.06950429,0.101989925,0.5480642,-0.8272825,0
0.81713045,0.25071526,0.044943422,0.622042,-0.7986666,0
0.5810048,0.5467691,-0.34584254,0.6978392,-0.7577812,1
0.23697302,0.34448552,-0.42669007,0.7521285,-0.76663303,0
0.9021885,0.36097923,-0.16994564,0.55481875,-0.8358367,1
0.67886305,0.5259088,-0.35123914,0.5650625,-0.8025375,1
0.14664172,0.3482271,-0.49691278,0.69449246,-0.81660414,1
-0.16191557,0.4658186,-0.15755677,0.6270436,-0.7978205,1
0.51560545,0.82105565,0.04768929,0.49475127,-0.851166,1
-0.055458248,0.09032914,-0.20501758,0.63575816,-0.8148563,1
-0.089238524,0.47022593,-0.2107797,0.7098296,-0.7870397,1
0.35826695,0.47938797,-0.331822,0.823862,-0.6643661,0
-0.06872499,0.85521406,0.62694144,0.5061438,-0.7978093,0
0.69009674,0.6041586,-0.24166599,0.6223299,-0.7953655,0
-0.3670261,0.58569056,0.022959605,0.59318966,-0.83332527,0
0.071447775,0.17902473,-0.24174874,0.7057513,-0.7653705,1
0.094558105,0.27139252,-0.36710462,0.75639385,-0.78199536,0
-0.40242702,0.018214017,0.12036002,0.47713256,-0.85766125,1
0.47107494,0.5843287,-0.15241109,0.68272156,-0.76362455,1
0.6701323,0.31114835,-0.25204536,0.5471182,-0.81092376,1
0.659979,0.3629628,-0.19586104,0.5923954,-0.788668,1
-0.29047656,0.5148622,-0.16561538,0.54367673,-0.8660505,1
-0.006240368,0.6564135,-0.38973022,0.67212063,-0.79569185,0
0.6304351,0.7063774,-0.2934144,0.7137882,-0.76155233,0
0.3932852,0.79245985,-0.33776796,0.5344326,-0.8383946,1
0.13781434,0.31275448,-0.23277533,0.8570622,-0.6638657,0
-0.34935087,0.6723589,0.110655725,0.5948408,-0.8347307,0
0.5855002,0.47681272,0.11347711,0.76162374,-0.6990993,0
-0.3435349,0.6072551,0.15134925,0.7352694,-0.739959,0
0.6254889,0.5974329,-0.35520756,0.7294612,-0.7543002,0
0.71591055,0.36036766,-0.24217442,0.57566863,-0.8065361,1
0.6288841,0.54714066,-0.4668833,0.5511719,-0.80812585,0
0.6450914,0.6609187,0.07726006,0.49790788,-0.8444148,1
-0.055730194,0.7404009,-0.39587018,0.63953036,-0.8183939,0
0.6991097,0.5982236,-0.25007775,0.6864403,-0.76491356,0
0.7693452,0.59023523,-0.017968059,0.6510064,-0.7867775,0
0.88359547,0.29040906,-0.08643848,0.5952616,-0.8136119,0
0.07518698,0.08525738,-0.36578882,0.6448303,-0.8273389,0
0.577407,0.51988477,-0.40966195,0.71824455,-0.7577153,0
0.4722551,0.69439256,0.015663236,0.4839526,-0.8458827,1
0.8080027,0.47058287,-0.16221347,0.6168539,-0.8084483,0
-0.1937297,0.6284853,-0.29564434,0.67849606,-0.8131075,0
-0.018640786,0.6823829,-0.3654347,0.7111493,-0.79171455,1
0.5410203,0.28533083,-0.27566156,0.66988415,-0.77341104,0
-0.32727355,0.38445714,0.0327722,0.5432329,-0.8531476,0
0.6519629,0.47233576,-0.23084542,0.7007656,-0.76943153,0
0.3785832,0.80445105,-0.024750277,0.5087777,-0.8373922,0
0.14124778,0.16780601,-0.37379658,0.69624144,-0.7958782,1
0.9016796,0.21491641,-0.12556067,0.5882721,-0.819367,0
0.10373822,0.38052756,-0.30098742,0.7723965,-0.7543729,1
0.42339242,0.52352965,-0.068348505,0.46176827,-0.84163475,1
0.011838138,0.7129325,-0.09547929,0.7165655,-0.712829,0
0.62517047,0.28540587,-0.14919072,0.70002717,-0.7627844,0
0.77918684,0.25445926,-0.30635643,0.559392,-0.8118341,1
0.25814527,0.7295253,0.47804856,0.6016967,-0.7467173,0
0.1285346,-0.2544827,-0.34808928,0.47333884,-0.793646,1
0.7732818,0.030618876,0.0069215745,0.609411,-0.8063261,1
0.18971333,0.57931054,-0.18824351,0.8592205,-0.66838896,1
-0.1811285,0.4759342,-0.30424428,0.56626976,-0.86909294,1
0.09499776,-0.25844604,-0.14594948,0.6297002,-0.8148277,1
0.75191206,0.5484817,-0.10723753,0.660973,-0.79172134,1
0.62250066,0.67083573,-0.1340635,0.7007602,-0.76432836,0
0.18135549,-0.030519754,-0.3219574,0.69528854,-0.8156487,0
-0.23744136,0.52626365,-0.2630821,0.6182106,-0.820094,0
0.19820285,0.7064203,-0.037989795,0.49609795,-0.87882274,0
-0.40729862,0.3235964,0.15543339,0.5054109,-0.8694197,0
0.057068825,0.30037308,-0.13884167,0.78767985,-0.73209584,0
0.978343,0.37535232,-0.1282923,0.5845716,-0.821548,1
-0.45610833,0.6570959,-0.175946,0.47485688,-0.9065479,1
0.59850955,0.81736493,0.29930067,0.5043127,-0.8361716,1
0.3856839,0.33039817,-0.59911877,0.6240124,-0.83433837,0
-0.34359384,0.5818647,-0.044756047,0.53039706,-0.86994356,0
0.143583,0.44607338,-0.3417755,0.85644937,-0.67345303,0
0.6595315,0.3467004,-0.15086521,0.57465464,-0.81796044,1
0.742352,0.47894764,-0.12342696,0.6187152,-0.79593915,0
-0.2717831,0.58906037,-0.22332922,0.6301676,-0.8052865,1
0.009987682,0.09436551,-0.19957863,0.6571211,-0.8046808,1
0.9629088,0.4643945,-0.35315534,0.58215696,-0.8426402,1
0.6712582,0.27230018,-0.11006604,0.6457201,-0.77029806,1
0.5444431,0.65623415,-0.29317373,0.68830603,-0.7659259,0
0.8627872,0.4043013,-0.15803,0.6053132,-0.79640675,1
0.19317418,-0.014320821,-0.35624993,0.73084915,-0.7786319,1
0.7499844,0.18553723,-0.5361459,0.5149843,-0.8188875,1
0.1293054,0.32990757,-0.30377197,0.77187544,-0.7540436,0
0.09846313,0.696496,-0.5177445,0.6640683,-0.8050023,0
-0.05691436,0.42436683,-0.08807751,0.5355566,-0.88562083,0
0.37605065,0.8934458,0.22150171,0.540024,-0.8269412,1
0.10451858,0.096275866,-0.34338492,0.61782616,-0.8419627,0
-0.32938975,0.20340127,0.18518633,0.49516404,-0.8598203,1
0.6858593,0.5531721,-0.04777862,0.63878495,-0.7857715,1
-0.11229077,0.53941625,-0.18251346,0.6857876,-0.7898064,1
0.7268714,0.222163,-0.22445732,0.49174005,-0.8512007,1
0.6234695,0.83385897,-0.16452144,0.58417976,-0.8158706,1
0.715706,0.36081165,-0.18069376,0.5945066,-0.7949864,1
0.14194965,-0.3110041,-0.3381677,0.46653673,-0.7973016,1
0.6093594,0.4020735,-0.024821281,0.644652,-0.777111,1
0.07038814,0.07872027,-0.024327308,0.69836503,-0.78438973,0
0.6767558,0.341972,-0.17283706,0.61297005,-0.7950398,0
-0.03591883,-0.0870778,-0.37628147,0.6284402,-0.80194974,1
-0.078017324,0.7483988,-0.52869916,0.557244,-0.8527154,1
0.6515583,0.6713754,-0.31595778,0.7145344,-0.76917285,0
0.86262894,0.26920733,-0.10438156,0.57495695,-0.82342976,1
-0.18485245,0.41109094,-0.13226843,0.63185465,-0.8227645,0
0.89843285,0.4535309,-0.054486945,0.60509944,-0.80209994,1
0.7152271,0.14712772,-0.19185281,0.5175905,-0.8254317,1
-0.069348544,0.1565955,0.013438553,0.75299853,-0.7395927,1
0.7701739,0.1722514,-0.015291676,0.6169447,-0.8007627,0
0.6317793,0.6856109,-0.17320356,0.5267832,-0.83732617,1
0.56605685,0.17252634,-0.018558443,0.69854856,-0.7698908,0
-0.15286142,0.44147673,-0.18723492,0.60359156,-0.824271,1
0.5555139,0.9124757,-0.14008036,0.65847313,-0.7940106,1
-0.26330638,0.50292015,-0.21537372,0.5134321,-0.88010114,0
0.11966249,0.8152852,-0.45705307,0.7253191,-0.7241934,0
0.3915366,0.7391596,0.011674717,0.5619827,-0.81959456,1
0.62138855,0.44195622,-0.4225915,0.5370709,-0.82021296,1
0.66332936,0.4615805,-0.24995889,0.7182536,-0.7633043,0
0.77422476,0.4475926,-0.14237347,0.6256242,-0.80426896,0
0.71837187,0.24104963,-0.24547014,0.56213695,-0.79771644,1
0.07784292,0.0868215,-0.16351855,0.6752334,-0.80339926,0
-0.0016475022,-0.46749687,-0.20892918,0.52620447,-0.86878973,1
0.7439611,0.43573767,-0.15734951,0.67431384,-0.7850024,0
-0.14554566,0.2327292,-0.501691,0.39617044,-0.97035205,1
0.18601426,0.07301003,-0.49724317,0.6806128,-0.8182293,0
-0.11199331,0.8557111,-0.116602436,0.7454085,-0.69237304,0
-0.017642349,0.7080041,-0.38121074,0.7031409,-0.7743554,0
0.05698785,0.075844824,-0.2506759,0.7747054,-0.74307513,1
0.47370058,0.71279395,-0.051424548,0.47244394,-0.86028016,1
0.66044414,0.49294555,-0.003162995,0.7494222,-0.7452554,0
0.8528891,0.3541161,-0.123177156,0.6147769,-0.8077913,0
0.6271377,0.503533,-0.2067366,0.7254924,-0.7549677,0
0.45138422,0.8217327,-0.37768024,0.67952645,-0.7676703,0
-0.60818875,0.5975581,-0.044987626,0.31087524,-0.9766628,1
0.85476756,0.43137366,-0.3056331,0.55486786,-0.81090397,1
0.6463142,0.03095439,-0.33044773,0.5298183,-0.81721145,1
-0.122011185,0.56402194,-0.08674941,0.7192383,-0.75945944,0
0.12622635,0.14081556,-0.08129852,0.7313059,-0.7702303,0
0.66747236,0.70427144,-0.22093213,0.7082515,-0.773743,0
0.55839443,0.42053068,-0.39603734,0.7050228,-0.76051885,0
0.7344799,0.077453464,-0.011649415,0.5990999,-0.80186564,1
-0.44580185,0.74197006,-0.87353295,-1.0,0.9867311,1
-0.025706977,0.86925304,-0.23927434,0.7384771,-0.70672214,0
0.28191954,0.71416986,0.46414042,0.7024275,-0.6887393,0
-0.039029032,0.52911633,-0.12805296,0.7978479,-0.7475261,0
0.07030323,-0.17569274,-0.3472682,0.58772063,-0.84510344,0
0.8701924,0.35410044,-0.13766706,0.5897829,-0.81849504,1
-0.17957303,0.58174694,-0.32244197,0.6214961,-0.83571696,1
0.21090189,0.054899216,-0.648509,0.64082175,-0.8319171,1
0.46732765,0.61895275,-0.32183307,0.43092114,-0.89183956,1
-0.21170515,0.46468145,-0.14936662,0.6711067,-0.78774744,1
0.12543099,-0.0054264665,-0.23702018,0.72482127,-0.7708246,0
0.29926568,0.54606044,-0.051045083,0.49308288,-0.87791383,0
-0.062341124,0.4719713,-0.2725735,0.6414125,-0.814341,1
0.26145795,0.72993886,-0.37511608,0.78315735,-0.6886591,0
0.41836268,0.90504843,-0.41284546,0.5712059,-0.82625484,0
0.04412821,0.252819,-0.072000965,0.73651946,-0.7195419,0
0.84419334,0.49469322,0.11892873,0.6414224,-0.7818624,1
0.09644686,0.18735236,-0.40246385,0.75140786,-0.7635365,1
0.71095157,0.5153698,-0.3740187,0.6548244,-0.794464,1
0.3301206,0.27398616,-0.16896449,0.7784277,-0.69143707,1
0.53362197,0.8107032,-0.052117564,0.6878811,-0.77448076,0
0.96820724,0.1266549,-0.12303045,0.56938756,-0.8168188,1
-0.043264598,0.7387482,-0.16764827,0.59717214,-0.84366727,0
0.40691274,0.8129221,-0.45675066,0.64724964,-0.7834108,0
0.21476465,0.70980686,-0.06801809,0.6068331,-0.7981036,0
0.5725254,0.89333165,-0.24730003,0.6924609,-0.77270436,1
0.771358,-0.048611015,0.07266742,0.40410852,-0.8839143,0
0.22462222,0.6723972,-0.22521457,0.8057467,-0.6878987,1
0.10834846,0.01717925,-0.09438079,0.7823282,-0.7357767,0
0.55974925,0.6041794,-0.12151185,0.7235892,-0.75377417,0
0.92161405,0.39045927,-0.06927038,0.5995641,-0.8074894,0
-0.17669281,0.4114323,-0.270249,0.59643775,-0.83888716,1
0.74800205,0.28182337,0.051282793,0.657057,-0.77995,0
0.6909503,0.3187167,0.17803177,0.6206585,-0.7879873,0
-0.0941813,0.84371996,0.17922169,0.69622153,-0.68333006,0
0.8846396,-0.1468435,-0.23663016,0.51438344,-0.8440678,1
0.7850697,0.04692942,-0.23301175,0.5587169,-0.8166569,1
0.74404544,0.32952312,-0.09105109,0.6135593,-0.7881644,1
0.54384005,0.89160615,-0.22783309,0.6475345,-0.7909754,0
0.05599785,0.7575966,-0.07248888,0.7145517,-0.7303277,0
-0.04850787,-0.2613281,-0.37269425,0.4822641,-0.77685714,1
0.5574066,0.78510606,-0.038030982,0.56564826,-0.82021105,0
0.026511252,-0.2914651,-0.22091277,0.56935924,-0.84400785,1
0.8904319,0.44849193,-0.19013585,0.5903355,-0.8092231,1
-0.12974256,0.4545143,0.1482673,0.55951345,-0.8453244,0
0.6697949,0.41893196,-0.17885785,0.57086235,-0.8087449,1
-0.36513716,0.28851372,0.12141743,0.5559909,-0.83975905,1
0.6401075,0.70323825,-0.30774426,0.7151922,-0.76825714,0
0.00054219365,0.4652716,-0.3687964,0.74557513,-0.7639099,1
0.6381104,0.6856945,-0.20921072,0.7137996,-0.76730895,0
0.75038207,0.29423726,-0.17245463,0.503871,-0.8346933,1
-0.23554784,0.6032774,-0.30219975,0.4871741,-0.9187053,1
0.032386214,0.6092426,-0.45566326,0.7473005,-0.75949454,0
0.5836369,0.2717362,-0.10916819,0.70543504,-0.75825375,0
0.4851058,0.5965835,0.016582891,0.5067605,-0.8469095,0
-0.39537078,0.55093455,0.40868336,0.63756126,-0.7954877,1
0.11264883,0.059003413,-0.56771314,0.6714726,-0.7992234,0
-0.111287445,0.5479896,-0.40299243,0.6626119,-0.8287412,0
-0.04995042,-0.05968845,-0.24022773,0.58432806,-0.8456948,1
-0.29575688,0.6088925,-0.26554757,0.5011097,-0.8891165,1
0.6730692,0.6647897,0.06769563,0.5226755,-0.83427995,0
0.6933253,0.35876265,-0.4456754,0.55589294,-0.81384826,1
0.68629414,0.96761566,-0.048271008,0.5060279,-0.86366653,1
0.4436332,0.44397599,-0.5478244,0.72776693,-0.71726054,0
0.7454585,0.43416375,-0.39616248,0.6378896,-0.79739124,1
0.026693702,0.7036283,-0.43163332,0.7125207,-0.7806139,1
0.73655015,0.26676434,-0.27842394,0.5681453,-0.81214046,1
0.7386558,0.14992642,-0.29635677,0.53699225,-0.8117349,1
-0.10129362,-0.11433643,0.21167752,0.6922897,-0.7710379,0
-0.2922222,0.4522953,-0.25487652,0.41607782,-0.92807555,0
-0.02036944,0.6750897,-0.49776506,0.66204137,-0.79249483,1
0.7808012,0.10073984,0.12759861,0.6089838,-0.7980741,0
-0.19426149,0.71320575,-0.18037538,0.71839887,-0.7746838,0
-0.20309895,0.53753173,-0.01213564,0.7113148,-0.76634747,0
0.7694658,0.40959388,0.07000254,0.64066255,-0.77841204,0
0.6516135,-0.033323944,-0.5924949,0.5012991,-0.8323992,1
-0.26388472,0.2978132,0.041088343,0.63257927,-0.7996919,1
-0.19523716,0.35411903,-0.088214554,0.63148576,-0.8196647,0
-0.26528007,0.50753105,-0.18938522,0.5823246,-0.84718186,1
0.72245073,0.7004317,-0.37691998,0.67867446,-0.7845576,0
0.78703815,0.44236678,-0.32349226,0.66853243,-0.78434885,0
0.12521441,0.59356815,-0.47480834,0.6834897,-0.8069815,1
0.7703235,0.58415145,0.022821888,0.63134134,-0.77997416,1
0.23650323,0.27512085,-0.1717885,0.783681,-0.74489856,0
0.9085785,0.21886706,0.083486006,0.5968974,-0.7977101,0
0.75135684,0.54362154,-0.08789612,0.6714364,-0.7837999,1
0.18631265,0.13637066,-0.22024563,0.6921992,-0.7863457,0
0.21473464,0.37485346,-0.12113182,0.35896268,-0.89892465,0
0.10956961,0.8515811,-0.4446711,0.77713233,-0.6992197,0
0.018948704,0.10058376,-0.3063483,0.6156216,-0.8401948,0
0.16885309,0.6009145,-0.45528167,0.75019944,-0.7706381,0
-0.1079967,0.72108305,-0.33188537,0.65532756,-0.81835085,0
0.9377286,0.3981892,-0.049305864,0.5992109,-0.81331414,1
-0.079226255,0.4452668,-0.39663446,0.6670101,-0.77425355,1
0.31899533,-0.10305858,-0.80467165,0.5711433,-0.89048946,1
0.18045373,0.18875237,-0.23680782,0.7664357,-0.7638642,1
-0.16588315,0.7225003,-0.20035762,0.7046708,-0.78878623,0
-0.0698823,0.59879375,-0.276073,0.6869721,-0.7964224,1
-0.13100144,0.75382024,0.016483381,0.63754576,-0.80160576,0
0.67275023,0.58151054,0.23573074,0.61496055,-0.79725015,1
0.72449183,0.65016997,-0.3439741,0.6956565,-0.78002936,1
-0.11158872,-0.26410472,0.24111566,0.6341462,-0.78990597,0
0.42474777,0.963285,-0.19438016,0.5817058,-0.8204748,0
0.39504987,0.7273603,0.17154634,0.31194606,-0.9410219,1
-0.062637776,0.640108,-0.44622722,0.6782499,-0.80567247,1
0.72205377,0.5152748,0.08919306,0.64430577,-0.7772763,0
0.7177218,0.15553644,-0.15105334,0.5916021,-0.80375576,1
0.8460203,0.2859497,0.06435506,0.6022425,-0.79631066,0
0.702337,0.5069093,-0.1352337,0.63541824,-0.7851191,0
-0.13635686,0.6687815,-0.23925717,0.7064917,-0.7815917,0
-0.10428023,0.4221051,-0.23078561,0.61960405,-0.82197183,1
0.46017408,0.40139678,-0.373107,0.6387553,-0.75647163,1
-0.11416,0.59172803,0.16597927,0.62904596,-0.8137744,0
0.67819303,0.3065227,-0.42403513,0.5411848,-0.8145805,1
0.1180767,0.4665273,-0.5643476,0.6978935,-0.79186326,1
0.30576319,0.31387767,-0.4932234,0.7221099,-0.7874537,0
0.5979186,0.41057917,-0.22240652,0.61196053,-0.8071494,0
-0.12793219,0.5656835,-0.08695481,0.7580588,-0.7402209,1
0.07450302,0.31844962,-0.2436856,0.6943089,-0.76970255,0
0.7490757,0.45467982,-0.50054586,0.5456327,-0.82381046,1
0.60213166,0.68601274,0.0041318387,0.41913995,-0.87940985,0
0.6517029,0.31850368,-0.47528228,0.54049337,-0.81034845,1
-0.16342872,0.7104914,-0.27389976,0.7105714,-0.79096997,0
0.85055244,0.35262734,-0.019568264,0.54285854,-0.84177333,0
0.0612133,0.14529961,-0.12902236,0.6369302,-0.8236929,0
0.16605808,-0.061619252,-0.084470384,0.7432967,-0.77091855,0
0.35588217,0.75570345,0.05246365,0.5515823,-0.82269824,1
-0.19734037,0.2957118,0.23823273,0.73171866,-0.7060269,1
0.08962248,0.63756734,-0.5236187,0.70844704,-0.7884228,0
0.73692083,0.09669393,-0.28674656,0.540064,-0.8269721,1
0.3099765,0.5734583,-0.04055918,0.86517525,-0.6534811,0
0.645578,0.59231997,-0.5149406,0.5280162,-0.8290429,1
0.70255363,0.43804932,-0.3516698,0.533039,-0.83188295,1
0.6306013,0.85247386,-0.045716763,0.60488266,-0.8152853,0
-0.15887734,0.39397252,-0.360228,0.49706256,-0.89788604,1
-0.06423649,0.5112503,-0.15435931,0.7579335,-0.7602883,0
-0.010450333,0.17957886,-0.07798651,0.71044797,-0.758496,1
0.89145374,0.24882309,-0.011377245,0.5640498,-0.82248425,1
0.55323464,-0.03019166,0.09362686,0.60860413,-0.75995344,1
0.73801804,0.370419,-0.17589703,0.64464843,-0.787126,0
-0.2297886,0.46138677,-0.09532988,0.58275867,-0.8310301,1
0.81626123,0.6008411,-0.04047139,0.6253612,-0.808242,0
0.7641212,0.36949822,0.19079897,0.59660065,-0.7758218,0
0.6640203,0.49147156,0.09077731,0.59850585,-0.8052991,1
0.030623853,-0.25911433,0.034693375,0.7632838,-0.7586143,0
0.09540443,0.18156202,-0.102671206,0.70744085,-0.76547,0
-0.14386186,0.72708595,-0.30923918,0.6622621,-0.8116296,1
0.3885311,0.41388077,-0.30460876,0.7335811,-0.7899592,0
0.7386012,0.3878274,-0.095477246,0.56246847,-0.82403386,1
0.10007556,0.8140875,-0.42018083,0.74382067,-0.71598524,0
-0.22981983,0.6717553,-0.3563003,0.5566477,-0.8730892,1
0.8047472,0.18826209,-0.17789659,0.593945,-0.8165994,1
0.1618036,0.515892,-0.30811703,0.7321873,-0.77971226,1
0.47195634,0.5695859,-0.41986468,0.46196046,-0.84717345,1
-0.049393862,0.81417346,-0.17553091,0.71652925,-0.71843153,0
0.03950873,0.29454276,-0.2020803,0.7569625,-0.77003896,1
0.260073,-0.20289284,-0.26150647,0.6992669,-0.780174,0
0.6882756,0.08268112,-0.4387866,0.53604835,-0.80983984,1
0.28311267,0.26736552,-0.48029023,0.75743884,-0.7700486,0
0.6437459,0.23598388,-0.030348912,0.5266307,-0.8362782,0
-0.15596831,0.61289287,-0.32665604,0.68796724,-0.7937336,0
0.10092439,0.20002954,-0.51090956,0.5764288,-0.87664807,1
-0.0010072887,-0.0036472678,0.11912754,0.6930948,-0.7795321,0
0.8628055,0.07638344,-0.038462155,0.5109259,-0.8606326,1
0.17988533,0.80343133,0.18412727,0.40534288,-0.90811783,1
0.7442148,-0.122498035,-0.15258922,0.56819826,-0.81080985,1
-0.14893284,0.030988574,0.35217655,0.7931063,-0.6809367,1
-0.23298907,0.55600876,-0.06622445,0.62688273,-0.8142568,0
0.75608474,0.08237079,-0.23575747,0.56004715,-0.8034083,1
-0.15718383,0.58296233,-0.3543594,0.6374015,-0.8063622,1
0.55429727,0.7648355,0.04512824,0.45353618,-0.87510765,0
0.31379557,0.5695881,-0.5221354,0.7846149,-0.698644,0
0.40185696,0.44036147,-0.18216655,0.7640043,-0.69611293,0
0.9422668,0.5053187,-0.13337773,0.5957244,-0.8131546,0
0.059579656,-0.24681962,-0.103211045,0.5761933,-0.72634184,1
0.1727529,-0.03655365,-0.6673537,0.6344497,-0.83018047,1
-0.09875134,0.53226835,-0.29352129,0.7287802,-0.77666074,1
0.4477015,0.61740196,-0.052981384,0.514624,-0.8284544,0
0.7977189,0.1425806,-0.26675382,0.56698143,-0.82005805,1
0.70005286,0.5156795,0.00079901516,0.592906,-0.8025542,1
0.680177,0.566474,-0.15527485,0.58527356,-0.7972325,1
0.6484202,0.007938147,0.10503772,0.6515551,-0.7591196,0
0.7423465,0.4696163,-0.2779652,0.5888857,-0.8056802,1
0.079783514,0.83594686,-0.37061924,0.7470331,-0.71193635,0
0.1396016,0.361167,-0.5106629,0.736608,-0.77789885,0
0.7390151,0.14974806,-0.21530488,0.57778394,-0.7934098,1
-0.013281345,0.60702956,-0.42831722,0.6339455,-0.83086956,1
0.26815358,-0.0053298473,-0.37684262,0.5294181,-0.8799386,0
0.6368551,0.7714598,-0.17684628,0.75844234,-0.7439028,1
0.113704264,-0.59515613,0.012962908,0.60321337,-0.83061856,0
0.26971635,0.636093,-0.40534046,0.82275766,-0.67174536,0
0.8343493,0.42908314,-0.034230873,0.63381064,-0.7972084,1
-0.15984261,0.37579203,-0.072331704,0.66198134,-0.81042325,0
0.61283803,0.8329614,0.0036241114,0.5581932,-0.826457,0
0.09390265,0.26583165,-0.3982947,0.7655554,-0.7869018,0
0.8256413,-0.082913816,-0.23152204,0.5538578,-0.82581013,1
-0.085134804,0.24399439,0.014565557,0.7784838,-0.73814565,0
0.6856526,0.46673027,-0.22337627,0.6135355,-0.7974678,1
0.46847367,0.9225489,0.06648278,0.63623816,-0.789712,1
0.18712765,0.21334685,-0.48694015,0.6841476,-0.79794997,1
0.06973937,0.6913991,-0.4610521,0.6717866,-0.7946327,0
-0.2747088,0.74742496,-0.31998664,0.6303911,-0.82871103,1
0.08863734,0.05968523,-0.42307022,0.6857062,-0.817123,0
-0.14337432,-0.26729214,0.17170662,0.6428088,-0.79248023,1
0.24495696,0.93873376,0.24132162,0.65456116,-0.77333087,0
-0.21917123,0.48253542,-0.12006651,0.5866078,-0.83044595,1
-0.092686,0.47058582,-0.27968505,0.5177014,-0.88115066,1
-0.19321525,0.5946223,-0.31840986,0.55613786,-0.8689624,1
0.034520626,0.2872569,-0.36997956,0.72443163,-0.7975998,0
0.629234,0.6414538,-0.11099212,0.7111324,-0.7641036,0
0.31399772,0.23239069,-0.50830185,0.7045661,-0.79023695,0
0.62339735,0.4721888,-0.40481198,0.71031505,-0.7614389,0
0.79184115,0.086119115,-0.317179,0.5117447,-0.83308434,1
0.49686044,0.9908362,-0.24304229,0.60541654,-0.8196996,1
-0.03800121,0.65075743,0.023260519,0.6259836,-0.82006043,0
0.67133135,0.48007935,-0.42933366,0.6727231,-0.78115326,1
0.7604701,0.4256414,-0.34170908,0.60479784,-0.8228385,1
0.8209676,0.33867124,-0.59104735,0.5167564,-0.8276138,1
0.5813165,0.8352313,-0.012998804,0.5885647,-0.8143677,0
0.19080737,0.2934048,-0.39803424,0.73406464,-0.8025202,0
0.6849034,0.4621866,0.0026530325,0.67745984,-0.78641564,0
0.5494787,-0.25935882,0.29558435,0.6188772,-0.7442616,0
0.7226416,0.5309739,-0.031469926,0.63644767,-0.7817193,1
-0.093263924,-0.56118464,0.18025813,0.6274288,-0.77281326,1
0.6491063,0.26649112,0.14915308,0.63303256,-0.7836568,1
0.056315273,0.10264471,-0.00061425567,0.7145968,-0.7780978,0
0.4924587,0.73069996,-0.02710095,0.52590257,-0.83587587,1
0.25953746,-0.14764011,0.985998,0.77387595,-0.61434674,0
0.5523515,0.7321137,-0.21834823,0.55209696,-0.8242789,1
0.10669002,0.30215415,-0.3023459,0.76132846,-0.75917685,1
-0.013578981,0.013255417,-0.07867219,0.58026505,-0.84604704,0
0.0910894,-0.5101538,-0.13994893,0.62288046,-0.82533354,0
0.4082388,0.6336323,-0.334808,0.45702243,-0.85084426,1
0.6019963,-0.20941764,0.12586352,0.5990576,-0.76878667,0
0.17642002,0.22043312,-0.24763401,0.8472955,-0.6680594,1
-0.13132185,0.66225946,-0.27846113,0.68584377,-0.79104996,0
0.53957665,0.607782,0.081606165,0.3801077,-0.8950311,0
0.6437665,0.45080644,0.05775076,0.71224385,-0.74831724,1
0.6671848,0.28045398,-0.08982318,0.64483935,-0.76961565,1
0.026154488,-0.3395247,-0.0063602924,0.61860776,-0.82277006,1
0.5595844,0.90795183,-0.24129336,0.6871845,-0.77487516,1
0.8361906,0.344396,-0.38714638,0.5328575,-0.8304609,1
0.00040718913,0.47446778,-0.25308216,0.8213914,-0.72813904,0
0.67893827,0.8070835,0.26472792,0.5592878,-0.8107769,1
0.86152095,0.4499825,-0.36192942,0.5457442,-0.8239599,1
-0.05760926,0.6804021,-0.3974922,0.69189835,-0.7770891,1
0.29490227,0.18007441,0.78881925,0.7750367,-0.63797826,0
0.66145635,0.7003687,-0.20684603,0.7082596,-0.77272785,0
0.43705493,0.72971946,-0.014221832,0.54869944,-0.82036185,0
-0.31501704,0.3221212,0.28505662,0.62441593,-0.78949285,1
-0.23199415,0.6577742,0.05896081,0.6927416,-0.7829619,0
0.63122725,0.23491934,-0.22549108,0.52273554,-0.8153637,1
-0.3944161,0.66099006,-0.36035395,0.36749768,-0.9668773,1
-0.2345509,0.22245547,0.030055419,0.5009605,-0.8683701,1
0.16293573,-0.14178407,-0.49216807,0.5627417,-0.76027954,1
0.67549646,0.10377815,-0.1334297,0.5499879,-0.82454085,1
-0.20527434,0.46457005,-0.13270813,0.6151265,-0.8144644,1
-0.0043176413,0.67545617,-0.37804306,0.7247345,-0.7862987,1
-0.23032844,0.28105575,-0.15350188,0.5461398,-0.8584558,1
-0.05160308,0.7306265,-0.23648122,0.6637272,-0.7395604,0
0.2782972,0.36695287,-0.53278947,0.7305649,-0.77972686,1
0.77089864,0.29782623,0.05918415,0.5623283,-0.7964112,0
0.7812413,0.15338235,0.1344459,0.54566646,-0.82841045,1
0.064265326,0.18875493,-0.37181363,0.6807156,-0.7922339,0
0.8451151,0.5366688,0.0524493,0.6000674,-0.8016147,1
0.6334812,-0.011480153,-0.6102377,0.48336077,-0.8411069,1
-0.24486828,0.29406512,-0.8046993,-0.34787744,-0.08900607,1
0.776842,0.41299614,-0.1306627,0.6396817,-0.79396373,0
0.830711,0.5274062,-0.091981396,0.59366846,-0.8298821,1
0.2207945,-0.3078251,-0.65020853,0.6105632,-0.83573896,1
0.0759549,0.80613565,-0.30895674,0.7008811,-0.7421766,1
0.6352154,0.053903848,-0.2555713,0.50458217,-0.8229161,1
0.73257244,0.44162253,-0.47910288,0.5904639,-0.82328814,1
-0.14991081,0.56582206,-0.32311496,0.5796493,-0.85611665,1
0.7232324,0.26584375,-0.23487726,0.6033033,-0.7996353,1
0.71381974,0.17391025,-0.06938489,0.58422035,-0.78150976,1
-0.08833015,0.8274077,-0.09247239,0.6892262,-0.7919816,0
0.6822601,0.3863239,-0.08078053,0.5640528,-0.8212861,0
0.60328794,0.3396661,-0.041427955,0.7255877,-0.73888886,0
0.16934955,-0.086301655,-0.5773449,0.64236057,-0.81576425,1
0.33923453,0.78198075,0.047413558,0.62889117,-0.7922956,0
0.29006445,0.3489846,-0.0650951,0.79210186,-0.6767511,1
0.29055047,0.745723,0.23616052,0.6502355,-0.7795978,0
0.73773265,0.38444334,-0.56848574,0.46359032,-0.86139005,1
0.0026712716,0.13000482,0.00059174,0.67511487,-0.79484546,0
0.7308313,0.19786142,0.17161658,0.62826616,-0.7792749,1
0.033033103,0.17044069,-0.39752382,0.7262102,-0.76140666,1
0.11287601,0.8187008,0.1490126,0.837692,-0.64876616,0
0.5138095,0.6703948,-0.20507224,0.48904985,-0.85029274,0
0.77968156,0.13951674,0.07852149,0.5750318,-0.81646603,0
0.8450439,0.46376634,0.1291731,0.6317627,-0.7836393,0
0.92012054,0.16008672,-0.2071951,0.534326,-0.838485,1
0.62422323,0.38356182,0.015567541,0.62030584,-0.77212036,1
0.26347277,0.50327265,-0.17218831,0.8509947,-0.64743626,1
0.6480596,0.072479784,-0.30173558,0.5448711,-0.79681885,1
0.21547729,0.10983813,-0.16652116,0.69144857,-0.8145006,1
0.5839337,0.035473406,-0.3435886,0.65505224,-0.7760376,0
0.6489854,0.46235326,-0.103202716,0.62836456,-0.78061,0
0.17633626,-0.0630793,-0.6538253,0.5497228,-0.8681668,1
-0.21845365,0.80942583,0.31204084,0.63599634,-0.7925434,0
0.050968796,0.77153194,-0.3317753,0.76446533,-0.68813664,0
0.3978239,0.62559116,-0.043733172,0.46157265,-0.8604352,0
0.65924907,0.6325146,-0.32900733,0.7163735,-0.7618408,1
-0.35538572,0.3925694,0.21690565,0.4517249,-0.90279245,0
-0.19278163,0.5053049,-0.34127104,0.5931356,-0.8513591,1
-0.044655442,0.19302684,-0.31149012,0.59774876,-0.8428408,1
0.5968579,0.3849493,-0.17078912,0.61614215,-0.7640208,1
0.49620616,0.7220237,-0.24938872,0.66548896,-0.76040787,1
0.69216096,0.267241,-0.5100043,0.54524684,-0.81282514,1
0.64230657,0.85572267,0.15635464,0.53746676,-0.8322581,1
0.65345466,0.38808343,-0.27135396,0.57718277,-0.79101336,0
0.09719476,-0.17131561,-0.33247542,0.5818336,-0.74056965,1
0.5756858,0.42053393,-0.06893202,0.5986698,-0.7921729,1
0.5561033,0.60075164,-0.33147192,0.71898985,-0.74286443,1
0.4798612,0.72448266,-0.120157,0.5850431,-0.80864644,0
0.43154228,0.6485362,0.4446903,0.5686249,-0.7967388,0
0.8027054,0.5379474,-0.08194025,0.57939994,-0.82731277,1
0.20332298,0.20218222,-0.42884767,0.7349555,-0.78119874,1
0.088966325,0.51077724,-0.3948769,0.759465,-0.7689756,1
0.70149577,0.53050965,-0.037172742,0.6144664,-0.795517,1
-0.29278964,0.7044674,0.036840275,0.69485044,-0.7759745,0
0.4296687,0.81253463,-0.40329313,0.6282965,-0.79438925,1
0.081083864,0.64836365,-0.19891314,0.7630474,-0.76411235,0
0.50802803,0.60875845,-0.047643088,0.4822605,-0.860857,1
0.7497169,0.24552853,0.0906682,0.6156192,-0.7954642,0
0.7086494,0.2123424,-0.29802042,0.5380722,-0.8196382,1
0.09840971,0.2521922,-0.27454236,0.72825,-0.78967816,0
0.06847292,0.80358267,-0.43396646,0.6975155,-0.79638624,0
0.64645195,0.41154814,-0.47047594,0.5538659,-0.79892063,1
0.5685151,0.36670306,-0.39526385,0.66667664,-0.77320063,0
0.5990343,0.74318326,-0.11192456,0.529808,-0.8371278,1
0.014736593,0.42189506,-0.3494299,0.7325916,-0.785419,1
0.71067303,0.50039184,-0.20884396,0.54918754,-0.8261134,1
0.10460371,0.15049785,-0.40231603,0.65497404,-0.80631685,0
0.3996971,-0.15252239,0.6680522,0.70683235,-0.67500925,0
0.77722645,0.4178407,-0.14662851,0.6315845,-0.7994009,0
-0.18551117,0.5625634,-0.23019077,0.5873237,-0.85696334,1
0.5977683,0.38615492,0.10461035,0.59989345,-0.7942246,1
0.16986308,-0.58655065,-0.62235886,0.46205777,-0.79491884,1
0.044267476,0.2415696,-0.36389458,0.7343764,-0.79212356,0
0.13568844,-0.11294001,-0.579728,0.5608369,-0.85350317,1
0.72575736,0.32080242,-0.17126448,0.6862744,-0.75822055,0
-0.35458457,0.42930192,-0.12071277,0.5419051,-0.85393137,1
0.018434644,0.1336627,-0.042772897,0.7867569,-0.72523195,0
0.8550564,0.09710854,-0.062125355,0.5946783,-0.81236684,1
0.0018308759,0.67812574,-0.6094671,0.63906306,-0.81425583,0
0.81323725,0.406308,-0.25545025,0.5669809,-0.8203053,1
0.83000356,0.15017945,0.1739555,0.5912288,-0.79516286,0
0.051413,-0.56344646,0.074915364,0.6043189,-0.8193118,0
0.023991704,-0.23084062,-0.32310054,0.5746717,-0.84940845,1
0.7696585,0.20038255,-0.0495304,0.6142213,-0.80078256,0
-0.0033666193,-0.12952948,0.078267425,0.7115923,-0.77265143,0
-0.17387494,0.39348662,-0.25712723,0.5943974,-0.8427374,1
0.42424163,0.66294336,0.04642366,0.47093424,-0.8547396,1
-0.22749126,0.096230984,-0.17310284,0.446086,-0.90187025,0
-0.42098117,0.52101403,0.3018376,0.6444768,-0.7372234,0
0.5723652,0.591813,-0.2928853,0.4746057,-0.8440764,1
0.6577662,0.5067856,-0.26095763,0.6791813,-0.78182334,0
-0.24016207,0.5308646,0.14998844,0.63850564,-0.80602324,1
-0.26805937,0.72800744,-0.20484065,0.5578314,-0.87860405,1
0.07786067,0.46465242,-0.48050168,0.64105,-0.856215,1
0.17454265,-0.24969566,-0.38951984,0.56436116,-0.88157934,1
0.48804957,0.90032786,0.08236076,0.50208217,-0.85379547,1
0.08516641,0.072282106,-0.16443197,0.68819207,-0.7955106,0
0.84275794,0.3670423,-0.16430053,0.60369235,-0.8095265,0
0.640903,0.22570442,-0.7018708,0.5007418,-0.8339601,0
0.07854074,-0.2082923,-0.5264138,0.52677226,-0.892211,1
-0.20716077,0.6607741,-0.41222945,0.5344745,-0.89949805,1
0.62326145,0.71703047,0.099466324,0.5567094,-0.81652516,0
0.271496,0.7619935,0.2037394,0.62675476,-0.7970715,0
-0.08607003,-0.011227071,-0.13295624,0.62572634,-0.8225281,0
-0.045820802,-0.36041588,0.21529523,0.6432059,-0.78956527,0
-0.17535394,0.2808504,0.33751297,0.77769,-0.6786159,1
0.19687559,-0.45297605,-0.3236182,0.589611,-0.8509777,1
0.909678,0.60195464,-0.10934754,0.60418516,-0.8124152,1
0.63239014,0.62558174,-0.3879223,0.6996154,-0.7706735,0
-0.89138055,0.06077367,0.61161697,0.2697331,-0.94933516,0
-0.30567312,0.48829764,0.15784359,0.71173376,-0.7657708,0
0.97583896,0.13612238,-0.23686469,0.5516021,-0.8278748,1
0.16786203,-0.012948275,-0.36714026,0.70305437,-0.80267084,1
0.75519264,0.2688458,0.19376394,0.61009854,-0.7929539,0
0.59711814,0.554418,0.2331504,0.68735105,-0.7374379,1
0.15006196,0.008461177,-0.14818445,0.69502485,-0.77714777,0
0.5832353,0.33194628,-0.17897616,0.69422364,-0.7687641,0
0.19783974,-0.27644062,-0.4538531,0.56907284,-0.88390964,1
0.28399026,0.32880777,-0.4696314,0.7143591,-0.79021555,0
0.7204261,0.5521951,-0.1239396,0.61839527,-0.7937083,1
0.8197033,0.5844198,0.2479699,0.62351364,-0.7750888,1
0.57410306,0.6201591,-0.23235793,0.527503,-0.8328658,0
0.5844108,0.5927882,-0.38429463,0.71488184,-0.7570055,0
0.31127018,0.38871795,-0.30818337,0.831277,-0.6724032,0
0.9203903,0.45660874,-0.058989838,0.6076759,-0.80380183,1
0.263909,-0.0027923882,-0.26830226,0.70435315,-0.7844562,0
0.6430215,0.5401035,-0.07719128,0.7238912,-0.7602967,0
0.91648525,0.32110935,-0.29618633,0.54350275,-0.8246306,1
0.7591727,-0.67630315,-0.033522204,0.5306655,-0.8352142,0
-0.10782245,0.3390047,-0.10160294,0.7587804,-0.7424331,1
0.72344923,0.2477638,-0.19836085,0.5723777,-0.80587226,1
-0.13262945,0.52967197,-0.24875402,0.676962,-0.7855133,1
0.17823052,0.041236162,-0.4659513,0.66383004,-0.8041268,1
-0.07596132,0.5199728,-0.45845047,0.6242361,-0.8449242,1
0.8596622,0.45022744,-0.10781148,0.5547688,-0.8381537,0
0.11834338,0.11247003,-0.28897837,0.6923094,-0.81106657,0
0.45156014,0.89885676,0.13335475,0.48885047,-0.8533239,0
0.42956758,0.10016981,0.0501958,0.7379024,-0.7019759,1
0.089333594,0.4105794,-0.5291862,0.7536691,-0.7688655,1
0.13812229,0.06759328,-0.76798546,0.63372225,-0.82331985,1
0.174809,-0.04242012,-0.51297486,0.6618655,-0.80520654,1
0.5018189,0.6794245,0.020123884,0.5180606,-0.8298776,1
0.99281037,0.67919236,-0.4122492,0.58254665,-0.85253966,1
0.5135667,0.47372618,0.39953476,0.75369203,-0.6702679,0
0.37055805,0.80064595,-0.009078592,0.43485194,-0.87813926,1
0.7033903,0.47530165,-0.29111725,0.57203794,-0.8267366,1
0.3654066,0.9746505,0.117923856,0.59275466,-0.8108077,1
0.028526545,0.77847195,-0.37590495,0.7238863,-0.71671885,0
0.6454739,0.62129486,0.22031015,0.58946955,-0.7942586,1
0.51124036,0.87436306,0.011872634,0.50005466,-0.8513766,0
0.041942447,0.2234107,-0.4880669,0.57180476,-0.8794512,1
0.90536094,0.49168974,-0.10975149,0.61158043,-0.8065379,0
-0.0064065456,0.11416584,0.09567118,0.7058168,-0.77403116,0
-0.12518984,0.53993386,-0.083158,0.73246276,-0.76908,0
0.26465502,0.67453516,-0.08349768,0.42878106,-0.87585586,1
0.58479416,0.40438774,-0.33104497,0.68073076,-0.77086705,1
0.5400569,0.57083887,-0.3299647,0.69569284,-0.7588602,0
-0.079149604,0.6184354,-0.25718033,0.7535468,-0.7578206,0
0.7025857,0.2593782,-0.20805532,0.5892345,-0.8016206,1
-0.6766443,0.3437794,0.6040678,0.5257025,-0.80592144,0
0.7759628,0.31182754,0.037189826,0.629278,-0.7843515,0
-0.059362292,0.783049,0.48871815,0.5434383,-0.8192447,0
0.8338664,0.29569376,-0.16129604,0.53789055,-0.8186777,1
0.40417027,0.29607463,0.08342533,0.74084306,-0.70387536,1
0.5984869,0.8621228,0.024994776,0.5780727,-0.8191768,1
0.64089495,0.26448578,-0.7158985,0.50382954,-0.82847553,0
0.12016396,-0.28869724,-0.5664706,0.5463943,-0.8731015,1
0.9106392,0.5594281,-0.33229458,0.5761924,-0.83883435,1
0.46991688,0.6647762,0.016671121,0.50846845,-0.83395725,1
-0.08683881,-0.1609878,0.17649272,0.6343757,-0.78997695,1
-0.02281019,-0.06709826,-0.20620145,0.6363906,-0.8206079,0
-0.019365966,-0.2469297,0.10420668,0.6763464,-0.7827675,0
0.02204755,0.7306802,-0.19982052,0.6046715,-0.84439677,0
-0.15541202,0.63851184,-0.15648851,0.72778165,-0.76432204,0
0.8392331,0.13587862,0.083329335,0.59331304,-0.7989992,1
0.71294,0.33070636,-0.21189803,0.5937491,-0.808702,0
0.6227928,0.41910094,0.10841432,0.6900524,-0.76549804,0
0.30254593,-0.14914584,-0.53786445,0.6287675,-0.83157676,1
0.778167,0.30771428,-0.12681861,0.48285753,-0.869042,1
0.08562675,0.4011979,-0.14151284,0.74371123,-0.77605224,0
-0.24668247,0.49481928,-0.10176648,0.5000627,-0.89056957,1
0.06523886,0.13622504,-0.43384206,0.663055,-0.8210167,1
0.11010216,0.16703473,-0.15149489,0.6787937,-0.809296,0
-0.2791962,0.796095,0.4766845,0.7035918,-0.6652844,0
0.2030245,0.26208442,-0.06930084,0.81666726,-0.65194535,1
0.33984095,0.87716615,0.08392255,0.58514154,-0.81811166,0
-0.1785805,0.43134928,-0.08956421,0.6398816,-0.7993348,1
0.12775965,-0.2565242,-0.3348021,0.47760767,-0.79049826,1
0.67310375,0.62595105,0.052618325,0.60484457,-0.8065194,1
0.7391964,0.5114528,-0.14353904,0.66076785,-0.77994716,0
-0.0077823102,0.7078425,-0.2649768,0.6718862,-0.7670538,0
-0.43200636,0.43394092,0.06334676,0.52988976,-0.857143,1
0.059635937,0.41928223,-0.538439,0.71124536,-0.80148596,1
0.34442654,0.44188905,-0.4872038,0.71566033,-0.7735661,1
0.80684316,0.35467368,-0.15825534,0.6165121,-0.8022315,1
0.043925643,0.779588,-0.33732817,0.75299716,-0.7036654,0
0.794442,0.55025274,0.23394123,0.592434,-0.79717517,1
-0.26098818,0.552696,-0.100666344,0.66953456,-0.8069078,0
-0.28698802,0.59385014,0.019269973,0.714749,-0.75993943,0
-0.1915997,0.49224523,-0.36164057,0.5222084,-0.8744994,1
0.7163504,0.3748954,0.1053974,0.6331082,-0.7789193,1
0.1347294,-0.41592228,-0.32019198,0.5581473,-0.8765994,1
0.72541225,0.29915237,-0.247565,0.6109896,-0.7956247,1
-0.100213856,0.36488625,-0.21632226,0.6366442,-0.84247607,1
-0.35785848,0.48451906,-0.09805973,0.4951399,-0.8734101,0
0.017183483,0.768297,-0.46351853,0.6603222,-0.80706614,0
0.6744851,0.5870695,-0.27077365,0.6862936,-0.7685339,0
0.13381138,-0.10156596,-0.4271098,0.60364515,-0.866723,1
0.65188456,0.23016204,-0.22686788,0.6869595,-0.7719007,0
0.8546111,0.51720685,-0.13723466,0.63419735,-0.80492914,1
0.6079418,0.8134512,-0.29841486,0.68624115,-0.768653,0
0.2782211,0.60943663,-0.30550376,0.77143097,-0.69883716,1
0.72541404,0.25167635,0.03375937,0.5639873,-0.81453586,1
0.43178478,0.89634514,-0.0489989,0.52851593,-0.8448865,0
0.76221335,0.30852348,0.0509129,0.64612675,-0.77558225,0
0.6109258,0.5433491,0.040525377,0.7336936,-0.74569243,0
-0.5147325,0.3877815,0.18314153,0.43691546,-0.896969,1
0.41475996,0.9243413,0.021008044,0.6678458,-0.7764863,0
0.8778043,-0.092659354,-0.0024079531,0.52370393,-0.8460364,1
0.13773036,0.17986214,-0.15377642,0.8235605,-0.67589784,0
0.08374438,0.28288957,-0.52148134,0.6113882,-0.86203355,0
-0.115920395,0.5103899,-0.42541492,0.5751253,-0.8644546,1
0.5373543,0.62275326,-0.29041925,0.66252613,-0.7577013,1
-0.07874328,0.09547442,-0.15694751,0.6999171,-0.7793707,0
0.06219639,-0.43072075,-0.07110852,0.6213472,-0.8117218,1
-0.14301938,0.6240378,-0.21923493,0.6773865,-0.81124884,0
0.7470689,0.120402515,-0.22543609,0.6075047,-0.80064905,0
0.016649306,0.63754857,-0.28634593,0.7629483,-0.7777742,0
-0.15797466,0.48077163,-0.30078006,0.6334214,-0.8270855,1
0.7054311,0.43471745,-0.21464956,0.6568674,-0.7767766,0
-0.024391055,0.52276134,0.04430099,0.60906744,-0.84399146,0
0.54463756,0.33764836,-0.37708884,0.6979967,-0.75928324,0
0.70661604,0.48840636,-0.31635922,0.7173165,-0.7695096,0
-0.13756812,-0.0027595162,0.17092049,0.62908435,-0.7913494,1
0.041515797,0.7121907,-0.5037557,0.6212086,-0.82729656,0
0.2652089,0.3688601,-0.48519924,0.7563339,-0.7695199,0
0.06513359,0.70933723,-0.409591,0.70467234,-0.785749,0
0.01006341,0.48292714,0.10009989,0.72502774,-0.7699841,0
-0.123463064,0.6335349,-0.15592447,0.7267144,-0.76853657,0
0.9492265,0.22284867,-0.043814436,0.5721515,-0.82492065,1
0.7254627,0.5602156,-0.3395662,0.6917839,-0.78080124,0
0.74930525,0.2982421,-0.19697551,0.6148612,-0.79604125,1
-0.08810085,-0.39317852,0.20946613,0.583407,-0.7004148,1
0.83858347,0.45377624,-0.031930327,0.61289775,-0.80317885,1
0.8586111,0.76363677,-0.39262193,0.533219,-0.8775916,1
0.42172262,0.8103504,0.07151249,0.5242879,-0.84300375,0
0.77853,0.11043528,-0.12281303,0.5691178,-0.8264462,0
0.34068337,-0.23990226,0.8849637,0.7562837,-0.63323057,0
0.7645575,0.2822176,-0.3004459,0.56065047,-0.8402191,1
0.099168226,0.7879466,-0.41789383,0.7149575,-0.7255913,1
-0.12384108,0.71872956,-0.15985775,0.70718634,-0.7637567,0
0.08161543,0.5061904,0.17015168,0.35171276,-0.9018415,0
0.34743547,0.79557574,-0.24154368,0.628219,-0.79215544,0
-0.44061315,0.18616323,0.0653141,0.45680803,-0.887711,0
0.7445876,0.44757855,0.079330325,0.6470785,-0.7736018,0
-0.020782769,0.7924733,0.82611746,0.67246854,-0.68855476,0
0.84224135,0.1178481,0.046721846,0.59379065,-0.8125451,0
0.0044623017,0.077929914,-0.174736,0.7048877,-0.77706385,0
0.28850216,0.8585968,0.12958741,0.6353021,-0.7988133,0
0.59187794,0.110922545,-0.4132764,0.6190071,-0.78533447,1
-0.22841322,0.59664494,0.10473198,0.5851134,-0.80195326,1
0.45258015,0.6996782,-0.15134904,0.44504243,-0.8704883,0
0.6236874,0.8274267,0.036668956,0.53032255,-0.8378492,1
0.80386007,0.027818918,0.08968729,0.6012806,-0.798668,0
-0.06331733,0.6087676,-0.3293512,0.68667203,-0.797145,1
0.69461656,0.84184027,-0.011606276,0.5159347,-0.8494697,1
0.63631356,0.66071373,-0.40385285,0.6647711,-0.7865684,0
0.45538563,0.63663006,-0.4217285,0.46261197,-0.8514545,0
0.483656,-0.027025908,0.024620503,0.78972775,-0.71451217,0
0.8780744,0.43887982,-0.2894637,0.5382482,-0.83283764,1
0.9108705,0.26583368,-0.106140286,0.59962857,-0.82543856,1
0.61495787,0.4736866,0.06811401,0.72885084,-0.7455555,0
0.63171875,0.6561804,-0.13551053,0.70500505,-0.7754211,0
0.7553454,0.21961074,-0.3991356,0.5637676,-0.8334842,1
0.69102013,0.14316288,0.079757154,0.6883343,-0.7610201,0
-0.14187703,0.3590585,-0.48739094,0.4629568,-0.91464484,1
0.41234174,0.74286616,-0.011536345,0.45181048,-0.8669526,1
0.1484119,0.42198697,-0.29078475,0.8670386,-0.66186285,0
0.34706298,0.83509994,-0.22948655,0.58336735,-0.8216847,0
0.024852335,-0.11682367,-0.13798606,0.55059034,-0.8593255,0
0.0063031614,-0.18808383,-0.074064426,0.69822663,-0.77095485,0
0.26383317,0.5677693,-0.10862547,0.84538126,-0.6633617,0
0.09792888,0.19010209,-0.30837873,0.7013711,-0.804274,0
0.053035587,0.04201317,-0.38760227,0.5755167,-0.85786635,1
-0.30737662,0.61806285,-0.2577964,0.49811566,-0.8911207,1
0.17520797,0.29748333,-0.44954312,0.7363343,-0.80222577,0
0.685328,0.7587373,0.27035955,0.54370713,-0.81877065,1
0.22959074,-0.022155821,0.99999994,0.8076771,-0.5958613,0
0.72614765,0.5690919,-0.038359843,0.6735685,-0.77729905,1
0.35318017,0.7638223,0.39083153,0.5554441,-0.80344474,1
0.8232292,0.44638538,-0.10881585,0.574137,-0.79644847,0
0.6644379,0.31603837,-0.34055975,0.6850281,-0.7740903,0
-0.13995874,0.44186038,-0.18243824,0.59567285,-0.85502684,0
0.4162688,0.40573367,-0.25980264,0.8160005,-0.6746028,0
0.5115709,0.4576382,-0.03637638,0.57958883,-0.8029707,0
-0.39775598,0.25260878,0.46283793,0.595741,-0.79376477,0
0.3132665,0.5146859,0.02870591,0.4365691,-0.869632,0
0.06403883,0.17222327,-0.25575808,0.7557189,-0.7755748,0
-0.22725177,0.62349397,-0.13373616,0.71556956,-0.76473635,0
0.17566136,0.573001,-0.45624667,0.577953,-0.85825276,0
0.39328763,0.6550741,0.012436941,0.558879,-0.81207216,0
0.6677191,0.33330566,-0.57863533,0.5155121,-0.8259058,1
-0.279256,0.2504868,-0.449894,0.32491308,-1.0,1
0.75096565,0.056242704,0.17365083,0.5973859,-0.7979868,1
-0.09728116,0.58132905,-0.17359693,0.7389215,-0.7565143,1
0.8503445,0.49010998,-0.15610035,0.5964892,-0.79686385,1
0.6780318,0.009899706,-0.028455257,0.5621717,-0.7871946,1
0.61800694,0.3315639,-0.2588854,0.548674,-0.7939517,1
0.30749902,0.33280727,-0.59942037,0.680091,-0.7997632,0
-0.26481646,0.50876737,0.15945256,0.7133938,-0.75884795,0
0.66730154,-0.03850901,0.10155347,0.65020794,-0.7674707,0
0.7948588,0.44448933,-0.0052601695,0.65274936,-0.78547364,0
0.021278322,0.50919116,-0.475713,0.7440051,-0.7730109,0
0.8149435,0.49195573,-0.16610199,0.62215686,-0.80451787,1
-0.31610864,0.7803117,-0.03648322,0.65184253,-0.8103411,1
0.7395675,0.38604414,-0.14263143,0.59530747,-0.79277307,1
0.64412236,0.70829666,-0.048962794,0.48893312,-0.8465906,1
0.18190588,0.3132348,-0.53229046,0.7414179,-0.76286405,1
0.691183,0.36627248,-0.4665469,0.6369332,-0.7936191,0
-0.104898155,0.8018168,-0.3787923,0.60913527,-0.82947975,0
0.22505413,0.32644695,-0.49539533,0.6618433,-0.8107406,0
0.35092747,0.8714061,0.10480675,0.63743275,-0.7906982,0
0.2535203,0.3192594,-0.570572,0.6685549,-0.8040908,0
0.09894928,0.04188466,-0.11021455,0.86326265,-0.6478882,1
-0.1514298,0.6024819,-0.12121998,0.7117923,-0.76646954,1
0.22461197,0.83415496,0.28505078,0.38479495,-0.8944491,1
-0.367032,0.5635224,0.21688765,0.66130924,-0.73398113,0
0.86941475,0.47509345,-0.07395743,0.5736714,-0.8235127,1
0.6437291,0.4220455,-0.10676336,0.5801736,-0.81803024,1
0.13592787,-0.32325345,-0.24810173,0.658126,-0.81612474,0
0.5944954,0.68870157,-0.04057186,0.5149489,-0.8546971,0
0.7299473,0.41816366,-0.13019228,0.60589874,-0.8073841,0
0.10099152,0.89127386,0.352103,0.53223306,-0.8436792,0
0.7284332,0.4545721,-0.14139573,0.6814395,-0.7796858,0
0.011934727,0.26499018,-0.332271,0.7344689,-0.76892,1
0.4067479,0.25687176,-0.5031177,0.6480851,-0.8314323,0
0.34130737,0.57988805,-0.1163919,0.85670084,-0.6635069,0
0.5882069,0.5631339,-0.42244014,0.6985878,-0.7610648,0
0.8545975,0.43410745,-0.032098934,0.5683352,-0.81974113,1
0.7049296,0.5858581,-0.09437876,0.688184,-0.77370065,0
0.15763037,0.59031314,-0.21529482,0.7583934,-0.73270446,0
-0.09533852,-0.1700688,0.17159632,0.6480481,-0.777493,1
0.088875294,0.8352504,-0.35475296,0.7691451,-0.6963646,1
0.5634541,0.70615387,-0.3559183,0.52564526,-0.82465035,1
0.37837833,0.92184997,-0.052482933,0.608504,-0.8101734,0
0.78397036,0.5581851,-0.030619174,0.64717364,-0.79844606,1
0.06381087,0.020733148,-0.30056077,0.66296786,-0.8108798,1
0.56865835,0.15453388,-0.07081578,0.58389986,-0.7715435,1
0.72127485,0.2976526,-0.16889909,0.59706295,-0.80508596,1
0.19737166,0.8636645,0.29817763,0.5960374,-0.8150803,0
0.10695389,0.119173646,-0.36172515,0.76076555,-0.78478205,0
0.5293376,0.93870944,-0.26024482,0.64750767,-0.7987794,0
0.5249269,0.5447606,-0.1635441,0.6858509,-0.77100843,0
0.7738495,0.31657144,-0.15899102,0.5871154,-0.80337465,1
0.09483522,0.31161937,-0.23063408,0.7219257,-0.78018254,1
0.9182955,0.12389767,-0.024093404,0.59947234,-0.8137732,0
0.12617984,0.32015225,-0.30410504,0.7730745,-0.7579442,0
0.14928885,-0.12786317,-0.37268743,0.58923,-0.8679315,1
-0.41490173,0.33041933,0.13019812,0.4678179,-0.8955135,0
0.63737106,0.63929087,-0.4501511,0.6651139,-0.7813242,0
-0.10047069,0.75248134,-0.33761674,0.65000147,-0.8003317,0
-0.007918775,-0.17113686,0.03539884,0.6978692,-0.7677033,1
0.0012362301,0.7937771,-0.23479985,0.6878564,-0.7268949,1
-0.25896257,0.41961446,0.6337282,0.68210435,-0.6607326,0
0.5505431,0.29472464,0.06767127,0.71580726,-0.75607353,0
0.08443728,0.7114534,-0.48739657,0.68704593,-0.8011344,0
0.9652558,0.5104074,-0.029800951,0.59185505,-0.818176,0
-0.052267134,0.11467937,0.029999942,0.7719854,-0.71043664,1
0.8106266,0.47643876,0.007834554,0.6463992,-0.7903829,0
0.81852883,0.22435883,0.043091282,0.5360571,-0.8286822,1
0.6516031,0.57129395,-0.31106776,0.69367844,-0.7751694,0
0.66983074,0.64189774,0.054229885,0.6158376,-0.7990976,1
0.2864489,-0.45384997,-0.4704615,0.5271038,-0.78335243,1
0.80029464,0.16917941,-0.093442835,0.57766235,-0.8098198,1
-0.17062756,0.54588664,-0.08777673,0.64980644,-0.81339496,0
-0.17311615,-0.7067474,-0.014050305,0.38947594,-0.9247499,1
-0.15175474,0.8329433,-0.2936089,0.6119355,-0.83128756,0
0.8816803,0.6193968,-0.40412778,0.5848619,-0.850479,0
0.5560516,0.5120793,-0.33789015,0.5166825,-0.82606083,1
-0.013822734,0.2774337,-0.25251094,0.67542857,-0.8167912,1
0.5505414,0.9390488,-0.18425095,0.6598221,-0.78282917,1
0.25711054,0.43061534,-0.50656354,0.73333955,-0.78063923,0
0.86543995,0.6223619,-0.23158178,0.61665374,-0.8356534,1
0.636278,0.6143637,-0.028604567,0.75349784,-0.74229366,0
0.24144596,0.75989187,-0.44499415,0.79369366,-0.6931226,0
-0.058328867,0.88944286,-0.25401425,0.72023404,-0.7168095,0
0.9258401,0.4088769,-0.56138563,0.48403487,-0.88200563,1
0.44512713,0.5701217,-0.31377822,0.49371383,-0.81942046,1
0.3433201,0.8389418,-0.08656436,0.48601395,-0.85186,0
-0.2791466,0.50794905,-0.2530458,0.4638217,-0.90351444,1
0.7887856,0.35603592,-0.021095648,0.62112737,-0.7907565,1
0.47763616,0.2284731,0.0015505254,0.6010149,-0.81761366,0
0.1653585,0.3807844,-0.43035644,0.76473784,-0.7712166,0
0.59274757,0.07029578,-0.20259604,0.5572105,-0.81801564,1
0.3580306,0.5750893,-0.49121097,0.8111059,-0.6925927,1
0.58618975,0.8511344,0.011886984,0.6373436,-0.7884858,1
0.78391075,-0.005101979,-0.1826272,0.5627989,-0.8209166,1
-0.24433815,0.5975863,-0.47448227,0.5020885,-0.90612376,0
0.31654748,0.5049617,0.0039987564,0.4230523,-0.8783333,0
-0.061143875,-0.22307593,0.053089097,0.5671411,-0.8373234,1
-0.19940466,0.7584363,-0.2143803,0.7212981,-0.7810758,0
0.18423507,0.84966385,0.5264846,0.6358214,-0.7363492,0
0.8228889,0.074830204,0.16572571,0.5231072,-0.82837474,0
-0.24113095,0.6901188,-0.34823343,0.64957,-0.81096166,1
0.59678113,-0.2323978,0.15573683,0.63846856,-0.7609434,0
0.680539,0.5106908,-0.22815606,0.62997437,-0.785115,1
0.102611765,-0.26267266,-0.31977817,0.5362298,-0.7573354,1
0.19667293,-0.043607473,-0.7674407,0.50030255,-0.91671765,1
0.18557921,0.23043251,-0.36190662,0.7174856,-0.7906745,1
0.81801665,0.32086372,-0.06848426,0.6303258,-0.8016291,0
0.60559714,0.09219691,-0.11135577,0.50476676,-0.8208037,1
-0.022131592,0.8079243,-0.074219644,0.63204193,-0.82264936,0
0.13467379,0.3617043,-0.5071188,0.6713691,-0.8146562,1
0.0807198,0.7457374,-0.48437408,0.6923523,-0.7930922,0
0.28651485,0.43513948,-0.3017537,0.8308179,-0.667542,0
-0.024436831,0.6597158,-0.29788873,0.7301635,-0.7759077,1
0.4818318,0.7165187,-0.3240791,0.44309258,-0.89253956,1
-0.30998963,0.4841871,-0.2636507,0.48251796,-0.8903192,1
0.16492218,0.942156,-0.33464563,0.7059939,-0.7477952,0
0.7132589,0.63530076,-0.2697956,0.5828143,-0.81684816,1
-0.08450982,0.7979468,-0.15750459,0.67706716,-0.7992713,0
-0.42166907,0.6553472,0.036521196,0.4411828,-0.9235288,1
0.056554556,0.5095591,-0.5336826,0.6793254,-0.7967279,1
0.07296871,0.06702757,-0.05092682,0.8569093,-0.6440206,0
-0.2364521,0.44148302,-0.2305989,0.5071043,-0.8989968,1
0.4015222,0.7982931,-0.03209676,0.5255587,-0.8492124,0
-0.055105716,0.026710868,-0.070050806,0.69219464,-0.7731849,0
0.10629609,-0.018866539,0.013347849,0.7696608,-0.70451087,0
0.19145894,0.3607973,-0.6555475,0.7029488,-0.78079176,1
0.7428559,0.44551328,-0.03323485,0.6033156,-0.8110111,0
-0.16266951,0.4379141,-0.4364457,0.5018987,-0.8852586,1
0.06974067,-0.33939236,-0.18296772,0.56939054,-0.841323,1
-0.36927474,0.52110016,0.10473722,0.6772466,-0.77232045,0
0.5521358,0.8222495,-0.09575753,0.5478289,-0.8383636,0
-0.24640512,0.5394436,-0.39560992,0.47351998,-0.90060014,1
0.9031215,0.33513582,-0.1839054,0.57301503,-0.80826306,1
0.1249354,0.1735801,-0.2975424,0.717196,-0.7679928,1
0.34366724,-0.48563486,0.44217324,0.4798302,-0.8106393,0
0.8169402,0.54277754,0.06961462,0.65942055,-0.7802249,1
0.69506556,-0.09141183,0.2218054,0.61569566,-0.7947874,0
0.70150626,0.31599346,-0.19036081,0.5700013,-0.807024,1
0.6136865,-0.43802887,0.40186608,0.65529424,-0.77568275,0
0.36076066,-0.0543468,0.44779652,0.84296215,-0.6045519,0
0.5590931,0.45681804,-0.04593218,0.7617776,-0.7237579,0
-0.044494122,-0.009819895,-0.01803732,0.6625611,-0.8001712,0
0.17006896,-0.032921016,-0.7286957,0.6243325,-0.83015263,1
0.6443483,-0.0045126677,-0.27231574,0.54328126,-0.8084388,1
0.38416576,0.53487295,-0.38370785,0.77215016,-0.7749529,0
0.7242216,0.3006395,-0.21058547,0.57655966,-0.79312056,1
-0.17628625,0.6052298,-0.17107429,0.6578931,-0.8235518,0
0.26632112,0.36280808,-0.48595992,0.75471455,-0.7702471,0
-0.04974985,0.42533386,-0.12619764,0.7427569,-0.74764323,1
0.72601295,0.4223412,-0.14962597,0.62854385,-0.794737,0
-0.20388317,0.8194058,0.29740825,0.6464639,-0.7872935,0
-0.02154228,-0.46808612,-0.08359939,0.60521877,-0.8182781,1
0.65766895,0.66239613,-0.32401103,0.48760074,-0.84440523,1
-0.31758624,0.119257,0.040797472,0.42314368,-0.9167679,1
0.67994094,0.40552488,-0.23015553,0.58205706,-0.80796176,1
0.028425455,0.66753924,-0.42530057,0.72486585,-0.7863597,1
0.109757245,0.33095595,-0.019747853,0.7488736,-0.6921333,0
-0.059835702,0.8376624,-0.37860203,0.6466043,-0.81780994,0
0.7618772,0.134763,-0.5690818,0.5164995,-0.81876945,1
0.025375545,-0.46937728,-0.20941037,0.5268328,-0.83440214,1
-0.13881606,0.015518427,0.36450857,0.79833245,-0.6810273,1
0.15396778,-0.40499276,-0.6594997,0.5019468,-0.89496994,1
-0.16492414,0.77271366,-0.31108814,0.68458647,-0.80799174,0
-0.36283094,0.6398884,-0.30985707,0.44394812,-0.9309102,1
-0.18585563,0.5619803,-0.15388644,0.7043086,-0.78885657,0
0.69462067,0.23863256,0.10272947,0.64231235,-0.76991636,0
-0.047371626,0.7526734,-0.23913819,0.6552174,-0.7713584,0
0.6797426,0.047546983,-0.31799588,0.5365724,-0.8105879,1
-0.15179124,0.08811054,0.056291804,0.59652054,-0.83172303,0
0.124286935,-0.3903708,-0.4647799,0.50439984,-0.7713163,1
0.031558663,-0.13266253,0.015396416,0.7128655,-0.7762895,0
0.23701611,0.4427253,-0.17984116,0.8714926,-0.66051227,1
0.06523612,0.79679525,-0.39351854,0.71919435,-0.7274311,0
0.21890327,0.4521386,-0.6624318,0.70409125,-0.7826765,1
0.31333137,0.8127117,0.44370472,0.5157752,-0.8136164,0
-0.11759922,0.2786592,-0.09020441,0.6198554,-0.8363209,1
-0.13958627,0.30323917,-0.47540098,0.4345007,-0.92843956,1
-0.1597786,0.6686169,0.00011408329,0.64019084,-0.7733682,1
-0.117569745,0.5367397,-0.27441296,0.6089332,-0.8464011,0
-0.26441723,0.6439315,-0.44357997,0.47324193,-0.9238541,1
-0.005820453,-0.04965812,-0.24599999,0.62888026,-0.82068217,0
0.7740005,0.4301948,-0.14284919,0.5922284,-0.8120938,1
0.6921729,0.18262734,-0.09574562,0.6399432,-0.77809435,0
-0.3198446,0.24485631,-0.37766027,0.34412318,-0.97692114,1
0.88935626,0.41833723,-0.02151537,0.6221108,-0.7934796,0
0.6882448,0.5156639,-0.264426,0.6763962,-0.7855827,1
-0.08321473,-0.2966652,-0.07166045,0.6434344,-0.79165846,0
-0.3527534,0.65019166,0.041179106,0.5671521,-0.8562484,1
0.66868067,0.36936054,-0.08847269,0.59674245,-0.78283894,1
0.6235909,0.49781808,-0.49883473,0.6735854,-0.77299774,1
-0.21393019,0.37012097,-0.27358478,0.57321566,-0.8507528,1
-0.10853541,0.76578695,-0.56312454,0.6924288,-0.8366098,0
-0.04747477,0.0701378,-0.2661295,0.6783468,-0.7999849,0
0.67762,0.24894728,-0.40875676,0.5348228,-0.81689304,1
0.6562865,0.52655876,0.18705064,0.654829,-0.7698363,0
-0.021501303,0.10983357,-0.057872556,0.7112885,-0.7574971,1
-0.05520004,-0.24315387,0.22125009,0.6595897,-0.78479207,0
0.2010347,0.9267298,0.25837824,0.5916543,-0.82062095,0
-0.19429058,0.7233077,0.1524117,0.59147495,-0.8348581,0
0.8506419,0.45576233,-0.029321015,0.5957206,-0.81057036,0
-0.37708628,0.5246941,-0.17885429,0.44039884,-0.9111586,1
0.65823436,0.17272174,-0.20860213,0.68525624,-0.7727884,0
0.011455208,0.7704017,-0.24007742,0.62281805,-0.8331573,0
-0.18699396,0.59070724,-0.1781486,0.64375675,-0.83127767,0
0.6645238,0.38876987,-0.043331303,0.63199,-0.7702289,1
0.62797916,0.44896424,-0.05984267,0.5514319,-0.8191493,1
-0.30219793,-0.07504845,0.34615964,0.69458777,-0.7388842,0
-0.011904448,0.029710233,-0.637439,0.4533133,-0.9499476,1
-0.120364964,0.77630866,0.23494548,0.68114555,-0.7717402,0
0.5993167,0.72717434,-0.16104533,0.7537728,-0.7371764,0
0.08760315,-0.0198282,-0.16632763,0.6508935,-0.83007616,0
0.4242231,0.48924112,-0.32434487,0.99999994,-0.5568165,0
0.0010594726,0.85037196,-0.22123072,0.6318354,-0.8313449,0
0.5813613,0.7156142,-0.29001737,0.51820105,-0.84453285,1
-0.3299271,0.5204151,-0.10525077,0.4643175,-0.8934011,1
-0.115021735,0.8680559,-0.13001911,0.639954,-0.75160134,0
0.093835056,-0.5568488,-0.25118846,0.55209917,-0.84687036,1
0.40712577,0.75973845,-0.39558762,0.67792135,-0.7750531,0
0.8837337,0.44977385,0.01840064,0.61167157,-0.7878966,1
0.14361002,0.12853524,-0.5767547,0.5913813,-0.8445959,1
-0.20529985,0.6914743,-0.08704232,0.6562702,-0.8163862,0
0.77497053,0.3414214,0.038240597,0.64603984,-0.78303534,1
0.23705915,0.5347178,-0.32251677,0.8025105,-0.6863162,0
-0.09473345,0.6519478,-0.25506294,0.67998797,-0.77564603,0
-0.028652668,-0.3610536,-0.14434008,0.67275006,-0.7646237,1
0.6126757,-0.09610212,0.36772358,0.6085024,-0.77671856,1
0.7415434,0.44465104,-0.20549245,0.6162851,-0.79596734,0
0.69272953,0.18267412,-0.04379069,0.60696036,-0.8008977,0
-0.08596045,0.62654024,-0.1075218,0.834411,-0.65238476,0
0.59482116,0.7169669,-0.20266056,0.5103071,-0.84570813,0
0.093031615,0.28714594,-0.22223681,0.70829535,-0.8041084,0
-0.045612693,-0.3722139,0.22747502,0.658727,-0.77201957,1
-0.30609208,0.53813046,0.15389454,0.58389115,-0.8457117,0
0.317073,0.56280327,-0.213588,0.8596805,-0.6531329,1
0.6756735,0.5204285,-0.22996986,0.7175841,-0.75548685,0
0.46704647,0.69867325,0.08937961,0.33520076,-0.9286478,0
0.42433757,0.45014867,0.03022793,0.5524329,-0.805673,1
0.7617856,0.30173314,-0.30599788,0.59574044,-0.80647206,0
0.6777107,0.2300943,0.034671903,0.63707817,-0.76485354,1
0.25172913,0.037345916,0.95114404,0.8104279,-0.59508866,0
-0.2436325,0.46915472,0.22617173,0.82861996,-0.6827222,0
0.18970218,0.41887558,-0.56602573,0.7210922,-0.77823216,1
0.07421762,0.0710727,-0.31278872,0.71040386,-0.79817104,0
-0.2974651,0.74198437,-0.3836233,0.4825335,-0.9285256,1
-0.22757846,0.69273365,-0.20941055,0.5431363,-0.88944095,0
-0.53742605,0.30577224,0.03321913,0.40987405,-0.9052961,0
0.015341163,0.47862372,-0.36237496,0.75786936,-0.7684057,1
-0.2938469,0.6364922,-0.19028835,0.6908802,-0.784402,0
0.31705102,0.5627635,-0.52164185,0.78702545,-0.69716007,0
-0.19433564,0.4041197,-0.23203003,0.4253062,-0.923511,1
0.39731932,0.51232153,-0.402921,0.76235765,-0.78043514,0
0.760205,0.3751432,0.098890275,0.647548,-0.7841485,1
0.78398764,0.40435854,0.0446112,0.56847954,-0.8164335,1
0.4166764,0.15673873,0.26408717,0.6791551,-0.7567369,0
0.18051642,-0.36832023,-0.47911856,0.5272878,-0.78250396,1
0.29370892,0.5041877,-0.09544891,0.3337806,-0.90902704,1
0.15198001,0.7581181,-0.23438302,0.7767153,-0.69055307,1
0.034461558,0.7260113,-0.27063668,0.6535098,-0.8099332,0
0.610296,0.7146412,-0.11876307,0.53313035,-0.8353349,1
0.76849115,0.12266308,-0.23316154,0.56884784,-0.8068517,1
0.85876834,0.2878976,-0.07680096,0.5968566,-0.83515435,1
0.65935475,0.52317405,-0.046223015,0.7176571,-0.75495476,0
0.60242164,0.42959538,-0.28029135,0.680483,-0.76657635,1
0.68119764,0.38790166,-0.51343274,0.6406315,-0.78641486,1
-0.5895337,0.63582766,-0.14209867,0.37172186,-0.9535591,1
0.017150313,0.24724872,-0.17405295,0.6279614,-0.83444464,1
-0.24979532,0.4058219,-0.1655814,0.5222598,-0.8730488,0
0.5658592,-0.21579933,0.12402144,0.6103469,-0.7678752,0
0.8175827,0.278835,-0.5120672,0.43081617,-0.90399796,1
0.57239294,0.7679199,-0.063835755,0.5605705,-0.8213376,1
0.2004942,0.24848814,-0.041328207,0.70928085,-0.7965469,0
-0.03311935,0.70769584,-0.20119977,0.7529875,-0.777424,0
0.04631844,0.2579698,-0.0955158,0.782047,-0.730674,0
0.5744066,-0.07673991,0.09634015,0.61028934,-0.7596476,1
0.6427881,0.24685822,-0.012505323,0.6379191,-0.7734039,0
0.06836085,0.31116128,-0.32462132,0.6698304,-0.8147684,0
0.68801403,-0.040761977,-0.26372355,0.52860725,-0.81567204,1
0.84796435,0.31251425,0.004189804,0.5967811,-0.8084613,1
-0.43955106,0.31712943,0.3036712,0.47859398,-0.8747447,0
-0.12133053,0.89360005,-0.08511789,0.64381486,-0.7507517,1
0.266936,0.6963726,-0.0005941987,0.3921346,-0.8899608,0
0.56701285,0.62044096,-0.36490753,0.7139462,-0.75124675,1
0.5556352,0.47015795,-0.023346886,0.70107895,-0.7613495,0
-0.3676406,0.28147203,0.18397313,0.61541516,-0.79637855,1
0.57991093,0.17451748,0.10183489,0.62390023,-0.77481997,0
0.87252605,0.30796587,-0.0030451864,0.60534894,-0.80184776,0
-0.23890054,0.55069137,-0.03351091,0.6067158,-0.78812426,0
0.70193255,0.41423166,-0.06419636,0.62723804,-0.7922928,0
-0.43223143,0.458168,-0.10777073,0.42976463,-0.91912144,1
0.542495,0.81413734,-0.4727022,0.62591136,-0.80037653,0
-0.032351702,-0.08137947,-0.14803831,0.64359725,-0.8076231,1
1.0,0.58298194,-0.43239483,0.56851983,-0.85945714,1
0.09261,-0.021190703,-0.2736572,0.737352,-0.76336914,1
0.8565425,0.4520027,0.018905252,0.60816926,-0.80518764,1
0.6175692,0.81419176,0.22669712,0.5721564,-0.8054374,0
0.62488574,0.6310941,-0.46469483,0.6466073,-0.7886148,1
-0.2202735,0.653169,-0.0942741,0.6320542,-0.8276102,0
0.84003234,-0.08904919,-0.2573365,0.52503103,-0.8277136,1
0.61505896,0.51914626,-0.36042497,0.69047606,-0.76355916,0
0.3455322,0.8408751,-0.36501086,0.62992585,-0.7895458,0
0.18565573,0.28254962,-0.3311507,0.67032695,-0.7978973,0
0.09871188,0.8298829,-0.3953762,0.7857076,-0.6896761,0
0.7390842,0.38092488,-0.3218732,0.5543705,-0.8139892,1
-0.0044754148,0.416149,-0.21263981,0.7747557,-0.7528718,0
0.1945292,0.27147228,-0.26494125,0.76769346,-0.7546116,0
0.77342486,0.340305,-0.13197787,0.61475784,-0.7988253,1
-0.011828691,0.4096855,-0.13806544,0.8133249,-0.7188988,0
0.45191684,0.49531975,0.20397803,0.45214766,-0.86921406,0
0.39230824,0.7782278,0.38007087,0.55074257,-0.8095038,1
0.02951169,0.3211407,-0.25152302,0.77616715,-0.7613326,0
0.72159755,0.5271012,-0.21053329,0.62617713,-0.7957556,1
0.1043839,-0.5776261,0.057670504,0.66703063,-0.8061308,0
0.88687354,0.5688997,-0.30886185,0.59917283,-0.8056123,1
0.57124734,0.52515024,-0.43942407,0.70686156,-0.7568062,0
-0.1994453,0.60418576,-0.4800575,0.4989651,-0.91297513,1
0.6630919,0.36968264,-0.17706114,0.5841645,-0.78984576,1
-0.10379785,0.7013848,-0.42830598,0.6676967,-0.8141296,1
0.63272345,0.35915056,-0.12603825,0.6120561,-0.7941303,0
0.9108265,0.45211014,0.15615925,0.60169315,-0.79995245,0
0.6908907,0.3017094,-0.21401261,0.55127966,-0.81189495,1
-0.24206764,0.57657975,-0.075836286,0.76757294,-0.7360675,0
0.47772688,0.77832174,-0.34587097,0.6149233,-0.797699,0
0.013632208,-0.44426316,-0.13939261,0.6297387,-0.81313235,0
0.14815238,0.829352,0.24304348,0.3710826,-0.90329033,0
0.6544617,0.6628063,-0.068851806,0.42491993,-0.88877666,1
0.96250457,0.29656804,-0.13192832,0.58463615,-0.8229739,0
0.14252067,0.03607768,-0.263502,0.7371058,-0.7617887,1
0.45262474,0.72734094,-0.09389705,0.51567256,-0.83897436,1
0.30548796,-0.07903111,-0.7419071,0.59809846,-0.85103315,0
0.16923983,0.512959,-0.6356801,0.7346242,-0.7715318,1
0.5157169,0.82760954,0.050247177,0.6003833,-0.8054893,1
0.6570497,0.36265746,-0.54859614,0.5509625,-0.8352318,1
0.10727209,0.1610428,-0.11648171,0.7007925,-0.79046375,0
-0.31788474,0.6608459,0.0479372,0.5935351,-0.8467396,0
-0.036917537,0.3235389,-0.054783463,0.8219402,-0.71295,0
-0.21902192,0.5281421,-0.106362015,0.6141129,-0.7949933,1
0.7437086,0.22272788,0.0030492991,0.60057884,-0.7892996,1
0.30443576,0.030357629,0.85455173,0.80746734,-0.60772717,0
0.6973202,0.7313928,-0.071756646,0.5040124,-0.85516596,1
0.69874936,0.14397764,0.048283353,0.6388797,-0.7770927,0
-0.44520944,0.48549646,0.11953986,0.5555471,-0.84632844,0
-0.08806732,0.61666167,-0.32298404,0.7042,-0.78796095,1
0.46701688,0.8883113,-0.18027343,0.66681707,-0.7803772,0
0.17215386,0.27011532,-0.3389252,0.75825626,-0.7906537,0
0.0039391816,0.259883,-0.34043288,0.7277767,-0.7735955,1
0.755554,0.18875627,0.07029587,0.56207526,-0.8234087,0
-0.22375584,0.5920478,-0.021340847,0.7095305,-0.7896453,0
0.86839515,0.5192436,-0.0012006909,0.6326419,-0.79719234,1
0.14445347,0.01264143,-0.25924462,0.7431037,-0.76655674,1
0.753404,0.32486713,-0.09836847,0.6618543,-0.7902097,0
0.049191564,0.79315805,-0.3551638,0.7594909,-0.692553,0
0.5056268,0.31687537,-0.30230236,0.7047482,-0.7383241,0
0.60873747,0.2142804,-0.27680022,0.52982163,-0.80707806,1
0.85891426,0.41222522,-0.22583412,0.59004754,-0.8313061,1
0.72629434,0.45522428,-0.4046929,0.622946,-0.80459857,1
0.6062267,0.51860225,-0.19797161,0.6838683,-0.7773932,0
0.7415161,0.28258812,-0.13749596,0.6074625,-0.7945568,0
0.23478666,0.059023857,-0.31042278,0.66134834,-0.82804555,0
0.28063598,0.75864124,-0.11122942,0.6198066,-0.78781325,0
-0.22922242,0.6077736,-0.08824306,0.64128834,-0.79445744,0
0.6516386,0.6538512,0.035978317,0.61922175,-0.78693914,1
-0.5771813,0.3254707,-0.38465625,-0.43406284,-0.115831494,1
0.082684085,0.2103254,-0.29070014,0.6979519,-0.77310866,1
0.11660804,0.8420368,0.003721863,0.4773701,-0.88569057,0
0.09865579,0.31186703,-0.37173125,0.76660883,-0.76982707,1
-0.21728516,0.5905402,-0.33661717,0.5151339,-0.8861401,1
-0.1763772,0.57736355,-0.049040698,0.7277746,-0.7769766,0
0.91365033,0.17056139,-0.0767507,0.60855156,-0.81180394,0
-0.26830602,0.474764,0.05117452,0.6225947,-0.81078196,0
0.2581153,0.4684132,-0.43945637,0.76599663,-0.7659739,0
0.23664379,0.40132767,-0.29809093,0.6736076,-0.80949026,0
0.49716595,0.69944346,-0.0026875585,0.5219293,-0.82788235,1
0.073654845,-0.37472135,-0.35575926,0.53426474,-0.86419624,1
0.12524739,0.4691976,-0.2607357,0.8641606,-0.65871906,0
-0.0692288,0.83618325,-0.42571923,0.63603747,-0.8239215,0
0.58667177,0.5986054,-0.063149884,0.6473486,-0.77923936,1
0.06785247,0.22861813,0.0014876127,0.7442093,-0.73705655,0
0.8730299,0.5240516,-0.18015167,0.59055865,-0.8221176,1
0.8954894,0.32608658,-0.14374478,0.574186,-0.8205376,1
0.6144731,0.95142835,-0.22909126,0.685426,-0.7724901,1
0.7134992,0.24529384,-0.020852476,0.52021146,-0.8397522,1
0.72626543,0.49915928,-0.105275765,0.6604536,-0.78841245,0
0.11696206,0.33648938,-0.29367554,0.77825195,-0.75223535,0
-0.23368597,0.33048257,0.16393748,0.43924832,-0.9285481,0
0.38078347,0.6920361,-0.18714043,0.45967543,-0.84640694,1
0.048440337,-0.28369612,-0.18798831,0.5966632,-0.82931393,1
-0.159605,0.5425137,-0.15340759,0.6454257,-0.8144923,1
-0.25868666,0.6251857,-0.17607121,0.674786,-0.811155,0
0.57955396,0.06765959,-0.5394741,0.48936906,-0.8282713,1
-0.18250728,0.56302613,-0.31525373,0.60358196,-0.8404602,1
-0.24821103,0.4674417,-0.16377936,0.49680373,-0.8864229,1
-0.0009495318,0.68475014,-0.6148134,0.64844495,-0.8040147,0
0.06199619,0.16785656,-0.2984737,0.7364806,-0.78413016,0
0.68780786,0.31183666,-0.14165984,0.6150959,-0.78304285,1
0.5855346,0.6845929,-0.44880986,0.7042155,-0.76342213,0
0.07879026,0.69390386,-0.1450941,0.78002274,-0.71538603,0
0.6621247,0.4766369,-0.24105066,0.63553464,-0.7833736,0
0.08705118,0.14424258,-0.014761686,0.7953633,-0.7263319,1
0.27119535,0.5403597,-0.5388603,0.73667014,-0.777037,0
0.044818997,0.9633838,0.50093794,0.5248134,-0.8003146,0
0.7179036,0.54061115,-0.3513831,0.6829012,-0.7832831,1
0.15789604,0.17575808,-0.45801923,0.68026984,-0.8099838,1
0.4302221,0.59277415,-0.037779324,0.520542,-0.82731664,1
0.042195857,0.33201218,-0.04205239,0.76530904,-0.7074445,0
0.42038727,0.7251413,-0.0045297146,0.5205135,-0.83685887,0
-0.34378177,0.37634093,-0.110150516,0.5017884,-0.87765497,1
0.8016664,0.24163224,-0.019576788,0.6209702,-0.7982613,0
0.022400677,0.044858634,-0.51699984,0.5594244,-0.8622648,1
0.6798086,0.70152414,-0.29553854,0.49751174,-0.85184485,1
0.007941723,0.86339164,-0.12024169,0.69403666,-0.796503,0
0.019093037,0.4166197,-0.2461804,0.7697742,-0.7453192,1
0.77464545,0.2868343,-0.04121434,0.5931493,-0.79718786,1
0.43891656,0.052803725,-0.092219815,0.5909843,-0.80391544,0
0.16866796,0.23860152,-0.32705644,0.7071056,-0.8094453,1
0.10749012,-0.37038618,-0.41604856,0.4937849,-0.78438395,1
0.44907427,0.19599052,-0.103198424,0.662782,-0.7672756,0
0.0926898,0.2567017,-0.36744106,0.68268955,-0.80344206,1
0.05992292,0.025693536,-0.250746,0.5377714,-0.87677795,1
0.13011181,-0.61416554,-0.27656272,0.57651144,-0.8431067,1
0.6725534,0.6279979,-0.06419311,0.720952,-0.75777555,0
0.72458625,0.26000047,-0.069328435,0.6147286,-0.7897254,0
0.88624716,0.5667556,-0.026371226,0.609706,-0.8132473,0
0.68043816,0.5286944,-0.3431758,0.54745936,-0.8284006,1
-0.0026226938,0.14515895,-0.5206014,0.544089,-0.8744484,1
0.89412636,0.17780745,-0.0012166798,0.58862376,-0.8124691,0
0.0888772,0.78425545,-0.06320131,0.6789961,-0.7463984,0
0.06069909,0.29291016,-0.34921575,0.7481523,-0.7972861,0
0.83866274,0.45414603,-0.0857997,0.5965256,-0.813983,1
0.4850381,0.864102,-0.21339041,0.6004238,-0.8125079,0
0.6791632,0.46805185,0.03743227,0.5881913,-0.80285996,1
0.7810032,0.3452714,-0.06207525,0.6107281,-0.79137886,1
-0.3336258,0.5031231,-0.24729526,0.44762993,-0.9135518,1
-0.3767767,0.3702657,0.085554734,0.5079451,-0.84934795,1
0.61830837,0.42286304,-0.2721442,0.6159406,-0.8097002,1
0.3166918,0.069401175,-0.22873735,0.84446204,-0.6832496,1
-0.056020677,0.65896356,-0.13534644,0.680073,-0.7487782,0
0.9637908,0.32765234,-0.15663083,0.58041847,-0.8253113,0
0.07822715,0.26700854,-0.30180496,0.75722474,-0.770126,1
0.07240246,0.25771824,-0.11847286,0.6969612,-0.7926361,0
-0.027387321,0.6567267,-0.34888005,0.676401,-0.7934181,1
0.0016353726,0.25452882,0.11417642,0.85996467,-0.6450485,0
0.33376515,0.8288794,0.31803107,0.45979297,-0.8544997,0
0.849253,0.4639311,-0.14115529,0.58061564,-0.7986456,1
-0.08836427,0.7433523,-0.36054277,0.64582956,-0.80698687,0
0.7762244,0.4249445,0.06306891,0.65122294,-0.7733339,0
0.032508105,-0.23179334,-0.001034379,0.6847876,-0.7909201,1
-0.18040937,0.36584228,-0.08910853,0.5778134,-0.8477698,0
0.5289017,0.5561354,-0.32650226,0.50523937,-0.83141965,1
0.1365282,0.035618752,-0.3692742,0.58033776,-0.8547973,0
-0.049838662,0.45495564,-0.21207471,0.7322635,-0.75791425,1
0.18572086,0.82763135,0.22161138,0.5808303,-0.81584615,0
0.4455007,0.6907952,-0.15369415,0.6870402,-0.76352537,0
-0.09575838,-0.1970771,0.1338433,0.6168696,-0.79808587,1
0.38803717,0.24992087,-0.06469502,0.7755268,-0.69385314,0
0.75288075,0.5916354,0.10973543,0.6229573,-0.7867977,1
0.740011,0.44873232,-0.23041281,0.55143416,-0.82799745,0
0.5643878,0.8416903,0.1865958,0.5210761,-0.832178,1
0.43638963,0.76767236,-0.28989258,0.5557023,-0.8321038,1
0.8419796,0.28985223,0.04093933,0.6345927,-0.78689146,0
0.09872657,0.15909657,-0.5213132,0.53125465,-0.9041559,1
0.023378283,0.68529826,-0.30159312,0.76707155,-0.7767116,0
-0.093510866,0.58221114,-0.24297544,0.6761705,-0.81315416,0
-0.53823054,0.6403235,-0.20993134,0.30551517,-0.99121726,1
-0.3593018,0.22567162,-0.054591566,0.44418928,-0.8961066,1
0.7630537,0.4324378,0.061014608,0.63064086,-0.7845351,0
0.1616414,0.053346038,-0.6098536,0.6137013,-0.8240184,1
0.60120916,0.37759513,-0.3503395,0.69933695,-0.7559662,0
0.34331867,0.78479564,-0.19746388,0.6217404,-0.78944564,0
0.701573,0.5741309,-0.19008258,0.5688147,-0.80582625,1
-0.12317315,0.28990582,-0.31190217,0.60067827,-0.8548589,1
0.15787403,0.875301,-0.38173935,0.7544837,-0.7175473,1
0.6714401,0.62445295,-0.06634119,0.721858,-0.7565776,0
0.12377167,0.14667112,-0.45090732,0.69468623,-0.811851,0
0.6754478,0.6792513,0.045211077,0.6072475,-0.79877305,1
0.1546746,0.8172779,-0.24639004,0.7137651,-0.74063563,0
0.12838665,0.05722317,-0.7846584,0.63005984,-0.82455593,1
0.6713677,0.41668007,-0.3566808,0.6920247,-0.77419263,0
0.8908774,0.42481428,-0.24551512,0.5928039,-0.84240705,0
0.37290505,0.38850865,-0.55636597,0.6498298,-0.8262803,0
0.26415867,0.30812022,-0.45153624,0.7317567,-0.7796211,0
0.30152217,0.7140561,-0.06737104,0.41278327,-0.88293946,0
-0.23355836,0.7290018,-0.18657371,0.5871106,-0.82249177,0
-0.5710017,0.51991564,0.36224514,0.53689367,-0.7930901,0
0.3051952,0.49085286,-0.2192764,0.83023894,-0.67613125,1
0.8279988,0.26349664,-0.5477246,0.5215565,-0.82150877,1
-0.040620983,-0.0026485026,-0.25847077,0.67053944,-0.8054484,0
0.68937707,0.7241187,-0.14012194,0.45814866,-0.8693693,1
0.7984674,0.52000403,-0.20104235,0.62185574,-0.80422956,0
0.76549226,0.37352154,-0.1429857,0.5869871,-0.80370617,1
0.8750608,0.32199734,-0.22822157,0.5325788,-0.8379158,1
0.46091375,0.8242327,0.0024699569,0.5789436,-0.8077626,1
-0.0018525124,-0.48245734,-0.3863045,0.40423304,-0.81943905,1
0.056334645,0.38341013,-0.3005445,0.7113586,-0.79717916,0
-0.24304485,0.5665411,-0.43459308,0.4913709,-0.91453576,1
-0.36490548,0.51661813,0.048935413,0.59386283,-0.8250526,1
0.530465,0.8645555,-0.056882627,0.65207833,-0.76238805,1
-0.045479417,0.83171034,-0.23734212,0.6629099,-0.740041,1
0.6982077,0.32691675,-0.3057058,0.55204266,-0.81560016,1
0.51722974,0.31750706,-0.26019093,0.441563,-0.871812,1
0.6288371,0.37519464,-0.29029495,0.635603,-0.78556246,1
0.0029515624,-0.20971233,0.2549702,0.7284648,-0.75459707,0
0.567468,-0.09801477,0.31572038,0.52756065,-0.80687636,1
0.7856616,-0.2355408,0.09364748,0.577596,-0.8011366,0
-0.092259526,0.4304475,-0.080742896,0.7174686,-0.7590779,1
-0.12847903,0.6865239,-0.21343637,0.7636677,-0.75780135,0
0.7248657,0.6225984,-0.237798,0.67863345,-0.7646257,1
0.6249737,0.3857829,-0.005219966,0.61924654,-0.77353734,1
0.37207353,0.891521,0.20939755,0.53234136,-0.8319898,1
0.75980496,-0.056873888,0.23255208,0.6178419,-0.78691053,0
0.9171129,0.21541795,-0.0075407624,0.6106785,-0.80761117,0
-0.010208696,0.78971076,-0.25511402,0.58903813,-0.84495455,0
0.7194998,0.4949633,-0.40812495,0.6626209,-0.78972805,1
0.802092,0.24026977,0.03555377,0.620709,-0.79474884,0
0.12964286,-0.18763435,-0.41300857,0.6692046,-0.794863,1
0.64071685,0.34109086,-0.38582432,0.71635586,-0.76007026,0
-0.070294976,0.61658096,-0.29174024,0.7773239,-0.755993,0
0.76699615,-0.6147704,-0.16867685,0.5038348,-0.8444301,1
0.68140936,0.83464456,-0.3163681,0.5063441,-0.88410854,0
0.6550974,0.7659178,0.16067061,0.60134083,-0.803236,1
0.7484597,0.33827057,-0.010012701,0.66071445,-0.78076124,0
0.5278382,-0.11932331,0.21738762,0.579392,-0.76210105,1
0.17357098,-0.11014742,-0.6072788,0.51296616,-0.78635025,0
0.4912818,0.4925258,-0.15640283,0.7113056,-0.7546323,0
0.7690598,0.35932755,-0.3349764,0.53677243,-0.82636267,1
0.51617646,0.8203006,-0.021842733,0.5473356,-0.83336973,0
0.30339998,0.20744742,-0.4638333,0.588881,-0.8542442,0
0.2289168,-0.36803067,-0.30332035,0.71178293,-0.80548674,0
0.5981884,0.6419271,-0.3595206,0.5384625,-0.81772494,1
0.4449298,0.844223,0.0076072514,0.49502945,-0.86055267,0
-0.12121412,0.56465685,-0.30755752,0.60019886,-0.855322,1
0.63217247,-0.07368323,-0.013849482,0.59041876,-0.7792366,1
-0.1537633,-0.0641146,0.09701872,0.76599103,-0.7043473,1
0.68836653,0.6731628,-0.014625743,0.51313376,-0.8468585,0
-0.10994512,0.6847359,0.0033749938,0.60795856,-0.8267802,0
-0.026337683,-0.65065074,0.2589943,0.59372795,-0.6945034,1
0.7051364,0.45902985,-0.027944878,0.6057102,-0.8006208,0
0.623047,0.63734794,-0.4398521,0.6989666,-0.76934624,1
0.61455005,0.581948,-0.32894316,0.67017835,-0.7855689,0
0.6591766,0.77011526,0.046617478,0.5542344,-0.8243785,1
-0.016572654,0.7996106,-0.21870156,0.6793056,-0.7306869,1
-0.3797444,0.4536075,0.085767105,0.45918393,-0.9011748,1
0.6493732,0.6341518,-0.14756356,0.5705858,-0.80655134,1
0.18534622,0.030412406,-0.6250324,0.64687735,-0.82106864,1
0.0121512115,0.6478617,-0.32824934,0.5611423,-0.84973776,0
0.83556974,0.55080837,-0.33071247,0.5173129,-0.84696746,1
0.12520984,0.39895147,0.026330426,0.884488,-0.6356914,1
0.06136775,0.31224075,-0.40475124,0.7727382,-0.7519245,0
-0.2438178,0.5297893,-0.02753058,0.5082629,-0.87406963,0
0.09453547,-0.1608069,-0.44052476,0.6480622,-0.8070342,1
-0.01683873,0.8357407,-0.30494004,0.668292,-0.8093552,0
-0.09411836,0.53815746,-0.47374925,0.6435592,-0.83939105,0
0.058181465,-0.15962762,-0.51157653,0.53447354,-0.76202375,1
-0.24921626,0.36828855,0.1013256,0.68694717,-0.7649337,0
0.6231487,-0.1873951,0.0762652,0.5799415,-0.79104215,0
0.42016307,-0.078957915,0.6514523,0.7643511,-0.6448585,0
0.04657352,-0.5490456,-0.23320279,0.619047,-0.82008415,1
0.67579806,-0.15303284,-0.2576801,0.5270588,-0.8327704,1
-0.21922368,0.34929574,-0.2990245,0.52223694,-0.8834353,1
0.030850172,0.14079136,-0.05660256,0.7588166,-0.740459,0
-0.18890876,0.51388025,-0.24211013,0.6088527,-0.85871655,0
-0.31796217,0.6754595,-1.0,-0.96062493,0.9999998,1
0.83984697,-0.2905417,-0.053814188,0.64146817,-0.782097,0
-0.35900593,0.56607,-0.2075695,0.44930643,-0.90824145,0
-0.25116527,0.24684091,0.35572523,0.53529143,-0.8089274,0
0.7965425,0.52928424,-0.12012765,0.6419443,-0.80095804,0
0.6667379,0.7034372,-0.17372034,0.70493364,-0.7750525,0
0.6101275,0.50877565,-0.51896,0.67147076,-0.7735577,1
0.44727337,0.8046895,-0.11853543,0.44149148,-0.8763993,0
0.46603903,0.9441942,0.0070217103,0.60768396,-0.81136525,1
0.2492328,0.7967422,0.11969891,0.4258102,-0.8769138,0
0.64923996,0.5560151,-0.19375964,0.6975907,-0.77574474,0
-0.20323557,0.42116818,0.09627044,0.7793324,-0.7259208,0
0.53878915,0.1910679,0.07921724,0.671545,-0.7803308,0
0.9442606,0.48977602,-0.16253765,0.5922198,-0.8194092,1
0.12679753,0.53038347,-0.3965595,0.7647073,-0.75102067,0
-0.013695538,0.75624955,-0.37471452,0.67560697,-0.7455835,0
0.6562319,0.7552844,-0.08473288,0.5630894,-0.822784,1
-0.4535451,0.41131133,-0.03059028,0.42200047,-0.9112229,1
0.6540637,0.18390281,-0.3885277,0.63022274,-0.7935775,1
-0.12984216,0.2691935,-0.12094664,0.6134043,-0.8227318,1
-0.015937686,0.72299314,-0.45891148,0.71629167,-0.7754134,0
-0.032931,0.5513743,-0.338346,0.7565544,-0.76989055,0
-0.11295614,0.6420171,-0.28948054,0.6448299,-0.7809167,0
-0.5140629,0.4056473,0.24391255,0.3244883,-0.9268974,1
0.93243134,0.5079622,-0.51224625,0.52215415,-0.8718582,1
0.87122977,0.4155197,-0.11433313,0.55588806,-0.8387937,0
-0.03138393,0.6369833,-0.3439802,0.7013345,-0.79270595,1
0.04710743,-1.0,-0.19726181,0.42382628,-0.79297405,1
0.6808698,0.45329994,-0.53932375,0.5533684,-0.81289494,0
0.040284365,-0.23969913,-0.05704654,0.60330087,-0.8292766,0
-0.0073386133,0.10752848,-0.45713136,0.64802134,-0.8214638,1
0.2816871,-0.11259323,-0.32110333,0.71113354,-0.7711172,0
-0.13467866,0.86214113,-0.063069716,0.5871615,-0.84490937,0
-0.07882467,0.7390026,-0.29650226,0.56485933,-0.8510578,0
-0.47162545,0.40850055,-0.042967506,0.4748361,-0.895207,1
0.7981152,0.40350574,0.09784359,0.6504061,-0.7825189,1
0.38035482,0.75599706,0.16279331,0.44149607,-0.8699042,1
0.08106884,-0.045071572,-0.45396426,0.50396013,-0.78589654,1
0.7286335,0.7636665,-0.23284608,0.52636516,-0.8412628,1
0.59962904,0.87394345,-0.013410315,0.46961057,-0.8748995,1
-0.056675196,0.6349357,-0.17908542,0.6356984,-0.814465,0
0.113780454,0.8861432,-0.41075584,0.72544754,-0.7283738,0
0.53236383,0.9356186,-0.080045484,0.6669649,-0.7864013,0
0.18554625,0.6490241,0.35649246,0.5000884,-0.8436225,0
