-0.9849319404877255,-0.5108862163122146,0.0
-0.9561272676457075,-0.5778805468240167,1.0
-0.978138828541304,-0.5227298993213345,0.0
-0.9855493649512584,-0.5338673281463162,0.0
-0.9518689465656425,-0.5683594598248064,1.0
-0.9924224788324664,-0.4918587981988407,0.0
-0.929331978899829,-0.6072976538149256,0.0
-0.958847890652731,-0.5957939217986283,0.0
-0.9754558727159042,-0.5053134781233208,1.0
-0.981012346386912,-0.5278842678808545,0.0
-0.18400547507277065,-0.23744902450144428,1.0
-0.8775115064585962,-0.6876718656595119,0.0
-0.9193937013794576,-0.5849933590503951,1.0
-0.9841400334464776,-0.5381992385788268,0.0
-0.7297843552955223,-0.8118057264796913,0.0
-0.6329938352654156,-0.7068989790707483,0.0
-0.9890172086757036,-0.5050293060230915,0.0
-0.9263044443150135,-0.5663267416292351,0.0
-0.9272937419146865,-0.6363613250057819,0.0
-0.9662770919062023,-0.5573679631585182,1.0
-0.9605157486123823,-0.5194816532375963,1.0
-0.7792481183963622,-0.5826880160114318,0.0
-0.9635535560659269,-0.49686498876513685,0.0
-0.9864847850840915,-0.4951601200808272,1.0
-0.939148126141875,-0.6511849005637269,0.0
-0.7997721903866107,-0.6571154339575108,1.0
-0.5126058903449385,-0.8565287702366745,1.0
-0.9776017570602902,-0.5165326735402211,0.0
-0.9634293894035907,-0.5245792000909603,0.0
-0.9705601529896919,-0.5251685608853712,0.0
-0.7142724949169243,-0.5962245151031041,0.0
-0.7647081604022341,-0.6523008808110065,0.0
-0.932552307634653,-0.5886991146596898,0.0
-0.9782241672436367,-0.5163773619353158,0.0
-0.9725545712698488,-0.5166873250715952,1.0
-0.9380461444619106,-0.5936034656988527,0.0
-0.6378943688884309,-0.422597214921692,1.0
-0.9553893479700956,-0.575775648668131,0.0
-0.9260469722371912,-0.6169048178009959,1.0
-0.9572624985833997,-0.5590662173339723,1.0
-0.9295002520754311,-0.6503103919552997,0.0
-0.9147488167365446,-0.6195033594925881,0.0
-0.9610459298829118,-0.5202862431641423,0.0
-0.9548658611833168,-0.5799874836327834,1.0
-0.8429022024760853,-0.5900395291503493,1.0
-0.9920070762633415,-0.5164593273661081,0.0
-0.9692611262275981,-0.5290958753679904,1.0
-0.9656184272275948,-0.549481211165861,0.0
-0.9078076302712513,-0.5938592653793597,0.0
-0.9467574009886245,-0.6005718779513934,0.0
-0.9881092687441325,-0.5252824637329379,0.0
-0.8886388581382585,-0.5771946550359981,1.0
-0.9135621543123671,-0.5849238746518282,0.0
-0.9857027639132817,-0.4953325721742601,1.0
-0.9022210357372705,-0.6104657183751443,0.0
-0.9729892289054806,-0.550937561450332,0.0
-0.8999387656489252,-0.6318187034805828,1.0
-0.981310334978718,-0.5149549689585993,1.0
-0.9564108076293921,-0.5657743068551601,1.0
-0.682281515059471,-0.8193878272237384,0.0
-0.9829503485394359,-0.5110547246515774,0.0
-0.9719625596059995,-0.5071904957147172,1.0
-0.958756311601309,-0.5449416560598541,1.0
-0.9492613393888141,-0.5452464722378949,1.0
-0.8717403352554756,-0.5397642137128069,0.0
-0.9747412251187823,-0.5309017802662773,1.0
-0.9857308119325376,-0.5190406542287731,1.0
-0.9021179070988896,-0.5944492049980464,0.0
-0.9910784829752272,-0.48422801190870457,1.0
-0.9272807911928496,-0.6242432936123591,0.0
-0.9793970674380711,-0.5245771155346785,0.0
-0.7875252268632371,-0.6431547854960648,1.0
-0.8257149347218997,-0.6688434542806355,0.0
-0.9223039311967286,-0.6304827691612868,1.0
-0.9326958840557333,-0.589112461891051,1.0
-0.8284069851162635,-0.5171743735817192,0.0
-0.9626340353488583,-0.4614708538632577,1.0
-0.9072771452132227,-0.6074275952548992,0.0
-0.9259319498728875,-0.6160158392940713,0.0
-0.936715700363595,-0.6400426875690446,1.0
-0.9333346914937736,-0.6167221041362452,0.0
-0.9766489686351395,-0.5374330831875032,1.0
-0.927818005717985,-0.5547634546321067,1.0
-0.7883816556041588,-0.5271859397374294,1.0
-0.9387621592205516,-0.6203554892747558,0.0
-0.988486330924007,-0.49073366956734,0.0
-0.9686189120664326,-0.5647271876924292,0.0
-0.9568984470726958,-0.5850488603085299,1.0
-0.965715003532066,-0.5159274159111826,1.0
-0.9782232368784434,-0.5215436333090128,1.0
-0.9874419188069349,-0.5004666857471942,1.0
-0.8217844166396113,-0.660664847571181,1.0
-0.9332146999648979,-0.613105865176385,0.0
-0.9576111345380386,-0.5674833814570994,1.0
-0.968785256194105,-0.549163213250122,0.0
-0.9908462725714328,-0.5068343718517153,0.0
-0.8828058924077659,-0.5304708490002423,1.0
-0.9330014404217268,-0.5866041211506411,1.0
-0.9793285344421201,-0.5418122323002396,1.0
-0.9795374055315301,-0.47399860382342995,1.0
-0.966689717875285,-0.5001885631980802,0.0
-0.9764398058737954,-0.5325460342279887,0.0
-0.990135734499128,-0.49905721080411314,0.0
-0.7744630404037107,-0.7006340176993653,0.0
-0.98719020981612,-0.47802146533251755,1.0
-0.971455780533037,-0.5164705068291517,1.0
-0.985317865846174,-0.5117279901393312,0.0
-0.9796511840903304,-0.526862970830825,1.0
-0.9676333766281567,-0.5483185892257534,0.0
-0.9710106617187595,-0.546739580546135,0.0
-0.9665672341592274,-0.5358345971967395,0.0
-0.8877664433316332,-0.5716741640729298,1.0
-0.7520843416051427,-0.6327063153136931,1.0
-0.8384887516228888,-0.5390513132075585,0.0
-0.9009682215108331,-0.5697844468772709,1.0
-0.9388697564014558,-0.5061156700659645,0.0
-0.8532989518389167,-0.547583551031163,0.0
-0.8753880188634644,-0.5825234016250032,1.0
-0.9725799763665112,-0.511298996992623,1.0
-0.951954574684047,-0.5420741316774764,0.0
-0.960634710106294,-0.5902845822542805,1.0
-0.9617810529735785,-0.5773888120787216,1.0
-0.9261282363671011,-0.523945921766813,0.0
-0.8275518427989557,-0.6280733651203833,0.0
-0.902641135837784,-0.6408381706952591,0.0
-0.9154957816353422,-0.5511007392697602,1.0
-0.9071388760897627,-0.5909778808758949,0.0
-0.9873022710846274,-0.4843805456514024,0.0
-0.9398334088724386,-0.5981463799745299,1.0
-0.9841257051453862,-0.4917770232373371,1.0
-0.9872492971160419,-0.4998785119742015,0.0
-0.9506114279026594,-0.5841162208859455,1.0
-0.9787284940307139,-0.5587722410689031,0.0
-0.9718319998902908,-0.4993530609789535,1.0
-0.9811919219553402,-0.5257361045008089,1.0
-0.9242457476459136,-0.6268961488087137,0.0
-0.9488618104093306,-0.5646226373977649,1.0
-0.7816918292442797,-0.7584713743521178,0.0
-0.9677445373345637,-0.5472681283577794,0.0
-0.9031228654511289,-0.6279242691488319,0.0
-0.8064459962546628,-0.6464382902117917,1.0
-0.9412038298184546,-0.6254705435032965,0.0
-0.9520033357128846,-0.5379672989519442,1.0
-0.9491941034506642,-0.5203536118527528,0.0
-0.9758370451784686,-0.5170571977648393,1.0
-0.9119537130693588,-0.5918947392412919,1.0
-0.9743570142220065,-0.5282070300085789,1.0
-0.8794185252798569,-0.6447907881550606,1.0
-0.9800174077337391,-0.4808284552712937,0.0
-0.5822498501438411,-0.7561241742748724,0.0
-0.9156828613979087,-0.650196797444583,1.0
-0.9237018114061977,-0.6011572814197187,0.0
-0.9743704565520513,-0.5459475805061104,0.0
-0.947430362576204,-0.6196312675652168,1.0
-0.9312651469378829,-0.6125444175817923,0.0
-0.9066078154930958,-0.6476841499264496,1.0
-0.9846647799430577,-0.5256154690370937,0.0
-0.982682775620469,-0.5033376424902128,0.0
-0.4566126269128337,-0.9076722293950767,1.0
-0.96202510625049,-0.5799969057271517,0.0
-0.9829045485928656,-0.5133429345617115,0.0
-0.9836172462409538,-0.5001009860561226,1.0
-0.8999371844412558,-0.5883692665768508,1.0
-0.9737965127895163,-0.5440670915130349,0.0
-0.970577825309452,-0.5626270305546702,0.0
-0.9764098120879273,-0.5161531889320892,1.0
-0.8538258773647732,-0.5869307046374032,1.0
-0.9753587903390065,-0.5338938905282097,0.0
-0.9790165047330694,-0.5376601841979972,0.0
-0.8724822717098142,-0.7158965683873287,0.0
-0.9595097496355717,-0.5930946845979556,1.0
-0.935353985626955,-0.5926929067316994,1.0
-0.9862454938146628,-0.5134568603582216,0.0
-0.925544039774588,-0.5594790552120248,0.0
-0.9532753991051532,-0.5300240787514671,1.0
-0.954111616418321,-0.5719094005259034,1.0
-0.9868204766220454,-0.4917481532100078,1.0
-0.939105114195013,-0.5859051297251299,1.0
-0.8639916960578684,-0.7034650870575117,0.0
-0.9317844179388979,-0.5934931132378226,1.0
-0.9273068320631862,-0.6267225524603766,1.0
-0.9720370224592384,-0.5416627643181823,0.0
-0.9340438362839529,-0.5882513352275801,0.0
-0.6985502433282451,-0.8174874224721141,1.0
-0.9044133844420889,-0.6486588885415656,1.0
-0.9486449971357696,-0.5524143377993815,0.0
-0.9468984256099093,-0.5994996366064408,1.0
-0.9730460267468392,-0.508272759856231,1.0
-0.5445611621061802,-0.5040713274176879,1.0
-0.9751801818146715,-0.5116872403958346,1.0
-0.9028204945527374,-0.5544634399338029,1.0
-0.9579480315326986,-0.573044470453939,1.0
-0.9831472152112533,-0.5417069630200713,0.0
-0.9585853195195103,-0.5330637225812186,0.0
-0.9763475778905837,-0.5563061639066935,0.0
-0.9173342640833319,-0.5716773925075459,1.0
-0.9765925304182516,-0.5207951677689643,1.0
-0.9430367387014461,-0.5456178995096105,0.0
-0.9181902465737944,-0.5447486217181823,0.0
-0.9445953667603422,-0.591352364088551,1.0
-0.9768592681793455,-0.49613881442825253,0.0
-0.8105985279006551,-0.6412051028573664,1.0
-0.432550187786434,-0.45113710666986445,1.0
-0.650929467416562,-0.4316539386364684,1.0
-0.8446311056773175,-0.6044311577414114,1.0
-0.9626265307649094,-0.5595816610391735,0.0
-0.9670175525402219,-0.5486045144478401,0.0
-0.9312211829536716,-0.6068111307311498,1.0
-0.9163685198328873,-0.6243993021980795,1.0
-0.7985493555386777,-0.6815712709415149,0.0
-0.9313533142143339,-0.5904117047021256,0.0
-0.8458658987154749,-0.6632347604785229,0.0
-0.9785251234883262,-0.5399434859751256,0.0
-0.9884889971410259,-0.4934278675003111,1.0
-0.9775392450302478,-0.5162499998031855,0.0
-0.9779519828360563,-0.5343309693640337,0.0
-0.9463324660642172,-0.6195534704550238,0.0
-0.9637687656429869,-0.5597971462555158,1.0
-0.9494039609448621,-0.5383817814397128,0.0
-0.9540083134161467,-0.5611240820245456,1.0
-0.9001200709378143,-0.6314433473149125,0.0
-0.8156366460786506,-0.6420516663591265,1.0
-0.9535630818167111,-0.6049761841890116,1.0
-0.985363133817566,-0.5150546583238164,0.0
-0.9597458556173926,-0.5592963021946484,1.0
-0.974097578338695,-0.5467913963587447,0.0
-0.8082116211356148,-0.7258594285783594,0.0
-0.9600011297836716,-0.5141642401034296,1.0
-0.9778005346913098,-0.5167534163898386,1.0
-0.9872675296828983,-0.4924856224648362,1.0
-0.9717727186754207,-0.5160757983880897,0.0
-0.941426744392816,-0.56949666740684,0.0
-0.9637711971018827,-0.5164290982990939,1.0
-0.9773248501965695,-0.49948058799598993,1.0
-0.9232411100840882,-0.559598806228474,1.0
-0.9463390720256275,-0.5559425573992158,1.0
-0.5116319829787497,-0.5210626059751299,0.0
-0.6239292866052373,-0.7545166968579682,0.0
-0.9329757548973273,-0.534337012893606,1.0
-0.9630282521194098,-0.5776248644619029,0.0
-0.9541212687692352,-0.6028872803505152,1.0
-0.9671327577268953,-0.5380692161240339,1.0
-0.9644788989649935,-0.5374109143540672,0.0
-0.9736116091590281,-0.5362998279944976,1.0
-0.9454780198674982,-0.5791254130285749,0.0
-0.9860441450534435,-0.5133381659455606,1.0
-0.9604295853628287,-0.5482257107708044,0.0
-0.6169247494417607,-0.7011652224942267,0.0
-0.9709434462982768,-0.5466668371828495,0.0
-0.9799258052116766,-0.49138830077524237,0.0
-0.9409071665349642,-0.5954322582039717,1.0
-0.9739686448211997,-0.5029888087474857,0.0
-0.9139756627987943,-0.611931165520499,0.0
-0.8245917215857284,-0.5808204567260785,0.0
-0.9834054284359417,-0.513828668737908,1.0
-0.8652313261927527,-0.6655324339067271,0.0
-0.9479508791217541,-0.5246742537502971,0.0
-0.9358118760563054,-0.5674045830040091,0.0
-0.35893963881385715,-0.46576160533020217,1.0
-0.9430567837630222,-0.590329797568806,1.0
-0.9564395906971165,-0.5608760335769962,1.0
-0.9440896750033326,-0.6107413117567457,1.0
-0.9676563333484934,-0.5585035961251428,0.0
-0.9598556805908484,-0.5179522063805782,0.0
-0.9644657637551034,-0.5874275026127981,0.0
-0.9331116836901009,-0.6290216180602795,0.0
-0.8641787191979824,-0.6486354008655545,1.0
-0.9749048470292647,-0.5485853860943436,0.0
-0.9897349579978605,-0.48291244609229433,1.0
-0.9159463621242664,-0.48899064782038004,1.0
-0.47530254610088635,-0.7458562117236003,0.0
-0.5602390846673383,-0.5121557994791288,1.0
-0.8972914470281337,-0.658943734768343,1.0
-0.48250967582331183,-0.7058363261739778,0.0
-0.9291195375932859,-0.5729668686193394,1.0
-0.9576647896305676,-0.5896303555009756,0.0
-0.553217846519074,-0.6011721585768961,0.0
-0.984272535712825,-0.5292833368054658,0.0
-0.9479543645760646,-0.5654992334911424,0.0
-0.26062512639973967,-0.5692295602218737,1.0
-0.9840864333401789,-0.5115712624777543,1.0
-0.9715739362325797,-0.530877801087044,1.0
-0.9731180693237201,-0.516513542212035,0.0
-0.9515292619167637,-0.5965113295079074,0.0
-0.912591751147863,-0.5420165825169703,0.0
-0.9573535970829455,-0.582050798059458,0.0
-0.984677929314723,-0.5446441212285256,0.0
-0.9351974459967697,-0.527936346904834,1.0
-0.9761380078968562,-0.4809396507825908,1.0
-0.980889508625647,-0.5330042082313635,0.0
-0.9374773139269961,-0.6238229355536605,0.0
-0.9637557075324539,-0.5146887066256322,1.0
-0.7578206876295516,-0.7433914732053781,1.0
-0.961645814696409,-0.5295222138590148,1.0
-0.9368381048011896,-0.5237603728151281,1.0
-0.986929057233473,-0.5058136897899534,1.0
-0.9133171772898995,-0.5024582096621287,0.0
-0.9836455995373026,-0.513199935460842,1.0
-0.6203921337023324,-0.8466475068724933,1.0
-0.8975403529885901,-0.6358627417901483,1.0
-0.9524291168629216,-0.5949056149869463,1.0
-0.7937624237464679,-0.6394507006342817,1.0
-0.9635946154613911,-0.5486474695459631,0.0
-0.9838412443924991,-0.5303314565597641,0.0
-0.9701665186316718,-0.525739260617241,1.0
-0.9689681395764378,-0.5568413960071102,0.0
-0.7457341181072811,-0.7559083432671069,0.0
-0.9816674084721482,-0.5161134887039347,0.0
-0.8606677016346135,-0.6510108965770659,0.0
-0.9391169377391643,-0.589485561989676,0.0
-0.9341957029530793,-0.6226732455963632,1.0
-0.8354951544849765,-0.5412489859752944,1.0
-0.6851466135511646,-0.7981338523103326,1.0
-0.9463556385371614,-0.5989230076085051,0.0
-0.9044971590890563,-0.5644060904136494,0.0
-0.8523622887969046,-0.5267464123159268,1.0
-0.9852319368596513,-0.5316784467974942,0.0
-0.973643354951514,-0.5483459042585991,0.0
-0.9455282762112366,-0.6047081178147431,1.0
-0.9300723852237912,-0.6164361749181486,1.0
-0.7012934406326046,-0.7252471455086005,1.0
-0.9530639881864181,-0.5837005520336528,0.0
-0.9657109701598233,-0.5777969773581628,1.0
-0.9776125421652826,-0.49439278574386,1.0
-0.9228974962119315,-0.502435024728073,0.0
-0.8574155786890668,-0.6297256484238368,1.0
-0.8395965862916563,-0.6580269328114297,0.0
-0.9730262669934215,-0.5363515687946748,0.0
-0.9762110748919178,-0.5022098719561903,1.0
-0.9809178297326688,-0.5070151993053603,0.0
-0.9597644644449547,-0.5473397923856159,0.0
-0.8434541023908497,-0.6421154904929025,0.0
-0.9543989765423354,-0.6018728611642109,0.0
-0.9748515545103392,-0.4904921550883836,1.0
-0.915763106456085,-0.6605507015896923,0.0
-0.9817760955691155,-0.5247643502754494,0.0
-0.9647254518084541,-0.5408313536338298,0.0
-0.9631275299452156,-0.5722635067526393,0.0
-0.8701938862121228,-0.5306078097255466,0.0
-0.8755909533749566,-0.6691402367876018,1.0
-0.8936509036528404,-0.5899193791373198,1.0
-0.43330404560674074,-0.5406483479189027,1.0
-0.934798164455533,-0.581627588516114,1.0
-0.9714913660704182,-0.5519101790895059,0.0
-0.9576594105973602,-0.5475081054013622,1.0
-0.9104587403824954,-0.6375622851369592,1.0
-0.9558536789175013,-0.5540556772334652,0.0
-0.973561037588681,-0.5517374943862788,0.0
-1.0,-0.4664373739789003,0.0
-0.9664173652432126,-0.5298406637448684,0.0
-0.9117097574484548,-0.591223076676794,0.0
-0.9829118165635329,-0.4994036614219085,0.0
-0.9155432944480233,-0.5924811466870509,0.0
-0.990841434110032,-0.49644556485439706,0.0
-0.9577148175053327,-0.5684193405608166,0.0
-0.7826673282494099,-0.7097603208025629,1.0
-0.9664355201342316,-0.5462845021043035,0.0
-0.9667431165298592,-0.5356072539121938,0.0
-0.963662710109507,-0.5380502932810678,1.0
-0.9429687411437251,-0.5939537262302601,1.0
-0.979182180736956,-0.5132745997527495,0.0
-0.9352806576572192,-0.5384075843006861,1.0
-0.956114190760197,-0.5595542899774063,1.0
-0.951465899367654,-0.5426464017829534,1.0
-0.5350022624300934,-0.5552625191449028,1.0
-0.8661676570867967,-0.7082841386331933,1.0
-0.8470896717936596,-0.5154024738536765,0.0
-0.9888945118590341,-0.4997544904631515,1.0
-0.7877001023382848,-0.49142208866457027,1.0
-0.9612337954171325,-0.5574676035721711,1.0
-0.9254828006790342,-0.5913813473549631,1.0
-0.9670051184394195,-0.5683803365433909,0.0
-0.9419929690143286,-0.559978346006554,1.0
-0.7555458500427377,-0.6827540272206221,1.0
-0.9830293780722863,-0.5148529666435184,0.0
-0.9339822169434203,-0.530486255494187,1.0
-0.9703724493812952,-0.5311487132040276,0.0
-0.9674235232510001,-0.531978172806333,0.0
-0.8892345393202525,-0.6338472236018612,1.0
-0.9603671174711413,-0.5636864261817279,1.0
-0.9660406135350037,-0.5540761461367119,1.0
-0.9774585596225102,-0.5449524054707997,0.0
-0.9704075108914059,-0.5474760454568893,1.0
-0.9603201324598137,-0.5085038481248271,0.0
-0.9515120121412177,-0.5542779765375242,1.0
-0.9729484066446881,-0.5257700964972485,0.0
-0.9372310416751037,-0.5558230452118469,1.0
-0.9597648406031343,-0.5236092323275026,1.0
-0.9871178595884251,-0.5266416379665202,0.0
-0.8296889387360162,-0.686728887458063,0.0
-0.9692195207663348,-0.518430993480734,0.0
-0.9216732262478204,-0.5515434094463466,1.0
-0.8159255278676975,-0.6193869862717873,0.0
-0.9851047828728459,-0.5080581117820767,0.0
-0.9657275993516358,-0.5602159890389077,0.0
-0.9730974017778571,-0.5304353104389862,0.0
-0.9681282504092293,-0.5421426171895283,1.0
-0.9903019801440858,-0.4879071493363049,1.0
-0.9774079340257985,-0.5132615018764675,0.0
-0.7939860836960516,-0.7036215568554312,1.0
-0.9776575380343947,-0.5251366005819863,0.0
-0.955655341782348,-0.5366156849039447,1.0
-0.9021186261512424,-0.6326028757240456,1.0
-0.5137879230928899,-0.2435017003955552,1.0
-0.978154747438216,-0.5502385997947272,0.0
-0.750367803641584,-0.7521964724913743,1.0
-0.8896886949174786,-0.6384106265715381,0.0
-0.9684468186037882,-0.5565376010743927,1.0
-0.9390198131996373,-0.5947045044691125,1.0
-0.9819645305701289,-0.5011983245450589,1.0
-0.9797807255355885,-0.5385415529541363,0.0
-0.9229292684687812,-0.5964940527625631,0.0
-0.9910050485336516,-0.48686544515033753,0.0
-0.9766822114248852,-0.5179271817460842,0.0
-0.974599141748059,-0.5118233936998174,1.0
-0.9708420086687698,-0.5243596154399539,0.0
-0.9529318392692498,-0.5750093341056735,0.0
-0.9801450910418068,-0.4892876450804675,1.0
-0.97029195356665,-0.5510684279839925,0.0
-0.956485358340427,-0.49534213324298465,1.0
-0.9884370076450557,-0.48742068160054774,1.0
-0.9655601800988852,-0.5425769571206035,1.0
-0.7348897452083453,-0.678754308862226,1.0
-0.8844865828089653,-0.588711306082653,1.0
-0.948226561513823,-0.5636151625517868,1.0
-0.8955522848391428,-0.679773028197735,1.0
-0.9481294707712589,-0.5653416819166109,0.0
-0.9710516209412494,-0.5474021124485862,0.0
-0.9406937442216459,-0.5727131149671607,1.0
-0.9587650133577645,-0.5614446354749574,0.0
-0.9419268334110298,-0.6225341303901163,1.0
-0.984725967086543,-0.5130008777144026,1.0
-0.9828659819325443,-0.5179386916630401,0.0
-0.9316164425523824,-0.5882076457328682,1.0
-0.8539098824176501,-0.6954073222172737,1.0
-0.9733170563668583,-0.5336321354626757,0.0
-0.9723583306103191,-0.5297286787062637,0.0
-0.96811944873366,-0.5443185238812528,0.0
-0.9699614820030784,-0.577989118587649,0.0
-0.9666367475758729,-0.5526889913980656,0.0
-0.9664149505115401,-0.48576855775415895,0.0
-0.9799889855007589,-0.5063130762162538,1.0
-0.8732662672199459,-0.5386436756641896,0.0
0.26577753820844263,-0.25295405261180004,0.0
-0.9902148761493944,-0.4864245268843582,1.0
-0.886392328903625,-0.6436175538650605,0.0
-0.41193373964928753,-0.9513312294688143,1.0
-0.9638913191544255,-0.5617509899048085,1.0
-0.9631351626558142,-0.5340448581764172,1.0
-0.6258582151940197,-0.8751420909417578,1.0
-0.9170344012521194,-0.493097230087331,0.0
-0.8439588722841377,-0.7498616972070422,0.0
-0.9333029710421977,-0.6359985856027898,0.0
-0.9261141041940628,-0.585153371868338,0.0
-0.9707717243834827,-0.5501023744765641,1.0
-0.9819472201168521,-0.5130948348609853,1.0
-0.9378935532577914,-0.5733320894754907,1.0
-0.9294528844789494,-0.5403673378526163,1.0
-0.9468856967998075,-0.5706413848834629,0.0
-0.9646134699240972,-0.5185897983813776,0.0
-0.8941411868062445,-0.6435370681398019,1.0
-0.9854226039294363,-0.5303448421600593,0.0
-0.8220668397960305,-0.5333485654233581,1.0
-0.611325752922742,-0.4226558747170731,0.0
-0.9404755964524029,-0.6195008536977235,1.0
-0.9818032196321473,-0.526323473574098,1.0
-0.9375459849431146,-0.5616168164817721,0.0
-0.9691760750912393,-0.5352052123408004,1.0
-0.9369361254101393,-0.546688159194477,0.0
-0.9841261485718351,-0.5292916831299435,0.0
-0.9742193243810097,-0.5471681859855668,1.0
-0.9590087440590508,-0.5684370877301365,0.0
-0.9193432907934703,-0.5652310893470217,1.0
-0.9850495118915359,-0.494698308334762,1.0
-0.9257470737425512,-0.6143158840732715,0.0
-0.7087300213111206,-0.6832633562200336,1.0
-0.8954160628150272,-0.6532350777659209,1.0
-0.9777043717502376,-0.5139409133397612,1.0
-0.9184537085853823,-0.6447336577340133,0.0
-0.9101843372961419,-0.6570945649917903,0.0
-0.8687650987971212,-0.5873048573942699,1.0
-0.9617498740729209,-0.579736464898073,1.0
-0.7648340048736462,-0.4912280651926678,1.0
-0.896561845793057,-0.6619821553226665,1.0
-0.8118742114555724,-0.5491551376655025,1.0
-0.9673602823239331,-0.5562525515488151,0.0
-0.8137717999306932,-0.5270311821388479,0.0
-0.8853066150342788,-0.6681233924346328,1.0
-0.8902459935620373,-0.4048955267196845,0.0
-0.974749221472184,-0.5103016528982364,0.0
-0.6820138228164493,-0.8348456383523273,0.0
-0.9827920954487157,-0.5116466012559502,1.0
-0.92941307618042,-0.5924146270981505,1.0
-0.8483396809199739,-0.5550411722786278,1.0
-0.8174401021087426,-0.7237741494160491,1.0
-0.9623417208188543,-0.5394046027964798,1.0
-0.9342601264511969,-0.6266456008660363,1.0
-0.9579485261129125,-0.6083534087868374,0.0
-0.9371388319445307,-0.5055610676468136,0.0
-0.9595539740065945,-0.5877341063816035,1.0
-0.7781032724392052,-0.7622264238724271,1.0
-0.9526881963815418,-0.6057905120058077,1.0
-0.9342178575379578,-0.6192730540396434,1.0
-0.6684713041278105,-0.7502407049771067,0.0
-0.911985197984977,-0.6370226616691131,0.0
-0.98379636725648,-0.48695928071855243,0.0
-0.9811495823334255,-0.49403982066635843,0.0
-0.985053064733896,-0.51512479136323,0.0
-0.9544385422903621,-0.5641078367747299,1.0
-0.9533374742797792,-0.5877609740144701,1.0
-0.8595588759693904,-0.6761563468612196,1.0
-0.6151121790859008,-0.6150540966602335,1.0
-0.7455762402653215,-0.6343211049800156,1.0
-0.9441468203457086,-0.5536211224720831,1.0
-0.9275235641655897,-0.5666744721277108,0.0
-0.9601623112140673,-0.5229891268399152,1.0
-0.9408668744359118,-0.6250012783745744,1.0
-0.9726092317688985,-0.5305424421303877,1.0
-0.8875142186632918,-0.6356625972577237,0.0
-0.7766952305170777,-0.7250263599893415,0.0
-0.9916989790005016,-0.4991564843175538,0.0
-0.8874722529161753,-0.5274332834688501,1.0
-0.9847293706823471,-0.5049322123163446,0.0
-0.9693237481603137,-0.5394605676533331,1.0
-0.9816252883899556,-0.5169445970039297,0.0
-0.8806314566515533,-0.6784114320233746,0.0
-0.5715813017800414,-0.595667929781171,1.0
-0.9677143742699797,-0.5426740304055363,0.0
-0.8908606139634385,-0.5592211608577561,1.0
-0.9032621066766262,-0.6177401018970783,1.0
-0.9582731225853247,-0.5768681894163329,1.0
-0.7896438440293873,-0.5665602155373459,1.0
-0.9622836305719059,-0.5388345967020787,1.0
-0.9151307314410757,-0.638855887204498,0.0
-0.8774789312292266,-0.5900295601659328,0.0
-0.9946140892599404,-0.4803689875508066,0.0
-0.5265596748865556,-0.6193075983543676,1.0
-0.985585996773383,-0.5014075371808061,1.0
-0.9157939366065921,-0.5836955922571241,1.0
-0.7028491322909807,-0.7466310590836737,0.0
-0.9733536556274429,-0.5654715935335134,1.0
-0.9718413538705262,-0.5345768378206258,0.0
-0.8974298032034888,-0.681382700633878,1.0
-0.6585500684422273,-0.7337883172620615,0.0
-0.9468659081070355,-0.6181640462026388,1.0
-0.6666434988819093,-0.4073788440784475,0.0
-0.9054752174448589,-0.6667745244476846,0.0
-0.9741351330125372,-0.5304094596319958,0.0
-0.9765716476572716,-0.5639921933105172,0.0
-0.9494247618070649,-0.6141612488341536,0.0
-0.9595627448633066,-0.5206281644283562,0.0
-0.9727734658493472,-0.5575168756571012,0.0
-0.9278723386853258,-0.5582548244730992,1.0
-0.9698267198772949,-0.5370991432976386,0.0
-0.8256610639040844,-0.6904187332207393,0.0
-0.8848429720494081,-0.6340711386198864,1.0
-0.7764196787749588,-0.6203400699960367,1.0
-0.8875046923999833,-0.6235932826795364,0.0
-0.9160585933083762,-0.5992265900390596,0.0
-0.9357919127575351,-0.5876981288133097,0.0
-0.6966260864390403,-0.46643067970543356,0.0
-0.5087467822060056,-0.5568045400265702,1.0
-0.9137686078057788,-0.519597942950727,1.0
-0.9700662186158335,-0.4880774236054978,0.0
-0.9520628166988574,-0.6236994964279055,1.0
-0.9461694109406928,-0.5798659373492538,1.0
-0.9030184129266509,-0.6498863549179299,0.0
-0.9729950897973576,-0.5585514491247534,1.0
-0.9533624706797365,-0.5675846147257179,0.0
-0.9582807522474707,-0.5855210474595458,0.0
-0.9854068988657888,-0.49620490711831444,1.0
-0.9823515740306944,-0.4929342729898391,1.0
-0.9271042905644541,-0.6261893998131814,0.0
-0.9421985586663196,-0.5983069993580691,0.0
-0.9651035809797993,-0.5491082980751795,1.0
-0.9500811834165381,-0.584581963473495,0.0
-0.9549181021208896,-0.5673557615661196,0.0
-0.9297734561833985,-0.6549500772110335,0.0
-0.9389804901068254,-0.5810420890125149,1.0
-0.9562919827005764,-0.5552982064547404,0.0
-0.9694178060982399,-0.5203197549638605,1.0
-0.5740724313372171,-0.3612298251635805,1.0
-0.9298780514627989,-0.5292360905398935,0.0
-0.9497709937343133,-0.5468484816310205,0.0
-0.9349234475761599,-0.5690282088172354,0.0
-0.974542895817786,-0.5492848283353453,0.0
-0.9683904256869588,-0.5433701682916315,1.0
-0.9732837423649774,-0.5133151147713904,1.0
-0.9818886072857191,-0.485826719939009,1.0
-0.9510216323971894,-0.5570263989594397,0.0
-0.9278320176828331,-0.5692321006728384,0.0
-0.975731204748262,-0.508226998386429,1.0
-0.9290052431350082,-0.5279941795122418,0.0
-0.9491644459877848,-0.5770166203046057,1.0
-0.9551101528745797,-0.5997560608186479,0.0
-0.9549207448407693,-0.6036306541116981,1.0
-0.9550716268672851,-0.5774283443723733,1.0
-0.9590975679116912,-0.5762009099842262,1.0
-0.9564571276072061,-0.6001613622362668,0.0
-0.9897144978296908,-0.49552694652064044,1.0
-0.9560422650058418,-0.5487733938476052,0.0
-0.972653023418942,-0.5641648069546108,0.0
-0.8707071043167665,-0.5066751186352757,0.0
-0.9151887111728166,-0.618306541412551,0.0
-0.9551911419498615,-0.6060506594751749,1.0
-0.9719103117133313,-0.537760290974846,1.0
-0.881862490301718,-0.6245344466848324,1.0
-0.46281877904545965,-0.6329948205470283,0.0
-0.985107444128486,-0.4964510704960974,0.0
-0.7538146494522329,-0.7417036408929857,1.0
-0.9661355031959766,-0.5348721853691859,0.0
-0.9351638328622665,-0.627676455997623,1.0
-0.9858328255313021,-0.5285046361398128,0.0
-0.9449226826266125,-0.5672006320934427,0.0
-0.8965581632902109,-0.6757562228144299,1.0
-0.9838860693978183,-0.5073590123239305,0.0
-0.945046007368248,-0.5812616662084633,1.0
-0.9929516694584086,-0.4789342684459169,1.0
-0.7784221280731141,-0.6292153983821492,1.0
-0.8356934653432347,-0.6478437360916032,1.0
-0.9409739965305801,-0.5535532035250155,0.0
-0.9566841460090797,-0.5572204524450028,1.0
-0.9010713303462228,-0.6770039167341848,1.0
-0.9609639815485407,-0.5857082593457102,0.0
-0.9679522084163706,-0.5683548261427526,0.0
-0.963537607299227,-0.5752099233042164,1.0
-0.9141804769199183,-0.620867210599873,0.0
-0.9510115531783027,-0.61621482220653,1.0
-0.9620265991606375,-0.5141990451574093,0.0
-0.9742466039524147,-0.5356402575424749,0.0
-0.9493293465363836,-0.5984945505728984,0.0
-0.8959986607331496,-0.5854414918661678,1.0
-0.9847741368342011,-0.5091916688575384,0.0
-0.9282050115234971,-0.5392061700530951,1.0
-0.9042530135657186,-0.6410009868956097,1.0
-0.9383827085807528,-0.6059929782242018,0.0
-0.9004387088832523,-0.6726435501070349,1.0
-0.9889064774034467,-0.4992872230171209,1.0
-0.9751001072923362,-0.5360281489359897,0.0
-0.830648464045593,-0.642879743291127,0.0
-0.9765563685027937,-0.5430934680802728,0.0
-0.9650012840403234,-0.5644028375195609,1.0
-0.9354680858405846,-0.5684830006647621,1.0
-0.8742359204139203,-0.6092474592845027,1.0
-0.8318008089838864,-0.6926955787805754,1.0
-0.9295207035131577,-0.624281413159203,0.0
-0.9359420569158545,-0.5833964039414291,1.0
-0.9570552755381447,-0.5772609175602927,0.0
-0.9115588157050752,-0.6403685599613557,1.0
-0.8636717197117252,-0.6395512375144564,0.0
-0.943919560694195,-0.6118272490928819,1.0
-0.9438026420333011,-0.6238980309127078,1.0
-0.9738822472892049,-0.5142896589217659,1.0
-0.986448305506051,-0.4929386071017893,1.0
-0.9802972284806123,-0.5295734119006713,0.0
-0.9862980065865662,-0.5251877416401872,0.0
-0.970679464666763,-0.48861398168296066,1.0
-0.9525508130050645,-0.5570332490566815,1.0
-0.9832899915561363,-0.5279503403581487,0.0
-0.9170571460236802,-0.48877535776002295,1.0
-0.9148042826330887,-0.5846726121148026,1.0
-0.9702202513209696,-0.5570402208694079,0.0
-0.962952448819701,-0.5769242703609856,0.0
-0.9750338955740114,-0.5341252473658175,0.0
-0.9750376534660079,-0.545416616189106,0.0
-0.9474880062482016,-0.5559487664230874,0.0
-0.6890213166681671,-0.691073508857259,1.0
-0.9455181345291879,-0.5755221586189356,1.0
-0.883270901026279,-0.59349105097136,0.0
-0.424990461992856,-0.47113850780398203,1.0
-0.939748975928078,-0.5909829832445046,1.0
-0.9704128255458283,-0.5419063653457055,1.0
-0.9933397094204783,-0.48054795749382323,0.0
-0.9834989295325399,-0.5191653723387053,1.0
-0.9674572003043836,-0.5623868805688209,0.0
-0.9922357111363733,-0.48174018005667063,1.0
-0.9904985276884383,-0.48945375132008784,1.0
-0.9898565668491046,-0.4864367170211025,0.0
0.09276333407814952,-0.7334653146538965,1.0
-0.979766340791387,-0.5246641626453765,0.0
-0.9736368197936754,-0.5265248840081338,0.0
-0.7073138529591645,-0.8052192542378933,1.0
-0.669179048536588,-0.7635706524676378,0.0
-0.9487150985760884,-0.5756659193405154,0.0
-0.8819574079912795,-0.669277885759245,1.0
-0.845332040535826,-0.5313120055393081,0.0
-0.8405577842827447,-0.6728005989790251,1.0
-0.9824980006707965,-0.5047282495289073,0.0
-0.9433091375327425,-0.6057153273253013,0.0
-0.9408921704398214,-0.6267036064018999,1.0
-0.8994973873376382,-0.5906335165397982,0.0
-0.9657869498390512,-0.5314037589658073,1.0
-0.9573332296497228,-0.5617243120950725,1.0
-0.9767386891460377,-0.5156525195913655,1.0
-0.7879987178607232,-0.7489745220952405,1.0
-0.9637005624236835,-0.5298920493572414,1.0
-0.9485544178674411,-0.5385506586058811,1.0
-0.9243169087833376,-0.6761001084473576,0.0
-0.9215090006294102,-0.6487959059871828,1.0
-0.9753130330733657,-0.521068885847698,0.0
-0.9857065733276688,-0.49815863735781885,1.0
-0.9933983985988403,-0.47419042080992735,0.0
-0.9558696915909195,-0.5880336432592338,1.0
-0.9630459941382662,-0.5588931528683615,0.0
-0.9757616375697866,-0.4919913783898071,0.0
-0.9128943703063197,-0.5823197108293948,1.0
-0.9837597000484383,-0.5043477268272212,1.0
-0.9071238813848653,-0.6045220981105743,1.0
-0.8510257888623416,-0.7003496879863549,0.0
-0.9793478701776545,-0.5125113912232877,1.0
-0.8621304966325796,-0.601752535890409,1.0
-0.9720622920460195,-0.5536275609235136,0.0
-0.8141411104916456,-0.5951943735015137,1.0
-0.9635300000904834,-0.5503154206637711,0.0
-0.9530638328425127,-0.5930447303138385,0.0
-0.9150264762025413,-0.660661432269556,1.0
-0.405610262251099,-0.3989164479799542,0.0
-0.9627498244382522,-0.5052792656681055,1.0
-0.8907855981749324,-0.5849793640778607,0.0
-0.9705702348805614,-0.49077899381653645,1.0
-0.9498051686593505,-0.5994123862544483,1.0
-0.9267569593738498,-0.5518374026761919,1.0
-0.8600317556618625,-0.662678521773533,1.0
-0.9693542507705564,-0.580178185970646,0.0
-0.9931220061382084,-0.4959991993065543,0.0
-0.9351354945303656,-0.6311782947396485,1.0
-0.9712801776201759,-0.5490097483232526,0.0
-0.9809362495066984,-0.5349157632829934,0.0
-0.9093906388695828,-0.5385856502045211,1.0
-0.9791248267793804,-0.5119859354786674,1.0
-0.9529462839588909,-0.5530908394165963,1.0
-0.8761816626113056,-0.6982356641724834,0.0
-0.9673686797696157,-0.554526750104135,1.0
-0.9829672174076167,-0.4962812480118286,1.0
-0.9875835776786487,-0.5020375586876489,1.0
-0.9485786750061564,-0.5519739115631602,0.0
-0.97029171260822,-0.5475996460450893,0.0
-0.7630163246896364,-0.7504822638693088,0.0
-0.9260005973543234,-0.5201955231938824,1.0
-0.8691271841298829,-0.6573145022102037,1.0
-0.8315311343807493,-0.5712761665831771,0.0
-0.9519628747963034,-0.5998075103696977,0.0
-0.9784566101174889,-0.5123227306643633,1.0
-0.9408565631897267,-0.6051984779239402,0.0
-0.8055170492780694,-0.5355185575205024,1.0
-0.9744520652831679,-0.5265961661025013,1.0
-0.9158065402360112,-0.5318907133242332,1.0
-0.9541613952289719,-0.6285562702919792,0.0
-0.9046152197669534,-0.6783873292744051,1.0
-0.9547041916402004,-0.548319968656124,1.0
-0.9621919767299629,-0.5427695543538238,1.0
-0.9550234907700872,-0.5771791769472722,0.0
-0.9431451724475296,-0.6212149880119495,0.0
-0.9905279375822859,-0.5105594113739446,0.0
-0.9334965857530981,-0.5947763013241212,0.0
-0.9725172805664535,-0.5697436237240867,0.0
-0.6627915184311889,-0.49475743747669837,1.0
-0.8431649736296695,-0.7637342763997473,0.0
-0.9523506650687942,-0.5860066213685049,0.0
-0.9827443724914554,-0.50232762192482,0.0
-0.9660376831991189,-0.4797219270256241,1.0
-0.9756210238320279,-0.534280080941171,0.0
-0.9422934761336671,-0.6004697867949956,1.0
-0.9616863356241648,-0.5863456948269753,0.0
-0.6380250125045881,-0.8610136471499737,1.0
-0.9712869264180428,-0.5462715306573084,0.0
-0.9337210492450094,-0.597122127754281,0.0
-0.8515118018485351,-0.656746249466111,1.0
-0.9781281638156061,-0.5411079753360052,0.0
-0.9778733377192761,-0.5317532562588031,0.0
-0.8913892591442416,-0.6315866268276336,0.0
-0.9240064484151315,-0.5774631022173841,0.0
-0.7807668799430872,-0.5622697286149135,1.0
-0.8851807958519657,-0.6912182403725855,0.0
-0.8071801202470281,-0.6768047559576219,0.0
-0.9508111785229889,-0.5535749387402848,1.0
-0.9006575147260016,-0.5308470231819857,1.0
-0.9919603951888558,-0.49033367112077697,1.0
-0.9950528032859423,-0.4805001461958219,0.0
-0.9645165554345059,-0.5823196787723899,0.0
-0.9807008525793537,-0.5213996849319614,1.0
-0.9733551372428566,-0.5386680394931627,0.0
-0.9818160243300892,-0.527744004062453,0.0
-0.9667425836861379,-0.5824077062384551,0.0
-0.942022194681699,-0.5748330683180423,0.0
-0.6654402549873806,-0.5790639003374919,1.0
-0.9534751008679747,-0.5370516359999621,1.0
-0.9642129528510232,-0.5495153313922833,1.0
-0.9729976695492524,-0.5088688863104608,1.0
-0.7943345523572618,-0.5229534366053166,1.0
-0.9615389612841679,-0.5440257896354248,0.0
0.14793993611266387,-0.21464000346490658,1.0
-0.9693101753929153,-0.5646148680373005,1.0
-0.8232610105420555,-0.6223277145562975,1.0
-0.9787344921837939,-0.5189624745513337,0.0
-0.9761543773715095,-0.523993260106838,1.0
-0.9256646360601695,-0.6414084621203183,0.0
-0.9193673812394956,-0.5700405428725387,0.0
-0.9375300585831058,-0.5451203019313903,1.0
-0.8100152190817651,-0.6758214628359984,1.0
-0.9697712401138966,-0.5572544316192873,1.0
-0.9730799318969768,-0.5218285457792956,1.0
-0.9803393712730422,-0.5184939700934997,1.0
-0.9220281158581615,-0.6444525811233891,1.0
-0.9421903293210501,-0.5512926923639894,1.0
-0.9489762566558259,-0.5864419701638224,1.0
-0.988336541963158,-0.482769744105137,1.0
-0.9788529366834096,-0.5057572299758547,1.0
-0.9417762883373629,-0.6129743405101276,1.0
-0.9780627959940207,-0.5358074317081443,0.0
-0.8789879912882835,-0.5495326485809501,1.0
-0.9264398859918292,-0.6454715831531415,0.0
-0.8499292882973519,-0.7167356538387766,0.0
-0.949668362371247,-0.5555628180603882,1.0
-0.9094106754707126,-0.6366179828614414,0.0
-0.9798378244840298,-0.5324643052387632,0.0
-0.9050519664987784,-0.47519838359515454,1.0
-0.9880350375629081,-0.4852724973669313,1.0
-0.9048498838469726,-0.6790622463525693,1.0
-0.975135152948319,-0.48551333343979486,1.0
-0.9679266054714447,-0.5567860433190781,1.0
-0.9682624786969541,-0.5421091284546953,0.0
-0.933131122246057,-0.5783871163698695,1.0
-0.9315146313603739,-0.5998339088257282,0.0
-0.9862466113612022,-0.52056797373364,1.0
-0.9501521238171174,-0.5573994305771285,0.0
-0.9717200629543492,-0.5423292573323136,1.0
-0.928082085968467,-0.5103260037178071,1.0
-0.951530437398702,-0.5947715604054536,1.0
-0.941245269764381,-0.6076963318397386,0.0
-0.9527847610917316,-0.5480082786676371,0.0
-0.9613230408496152,-0.5603044268233424,1.0
-0.9501167341865792,-0.6152375336148996,1.0
-0.9857628244910286,-0.49591067825093554,0.0
-0.9692631541359389,-0.5001353404677809,1.0
-0.9585171393806878,-0.5384276356867931,1.0
-0.9600396678976959,-0.5352901515518653,0.0
-0.9303316759019064,-0.525648704789504,0.0
-0.9622951024736672,-0.5345125843446772,0.0
-0.978484490303176,-0.5355351553978933,0.0
-0.9721502781517859,-0.5568830804987581,0.0
-0.8566863798415065,-0.5547601661347177,1.0
-0.9602389898088021,-0.5657709476558626,0.0
-0.830852159394589,-0.6609707315526614,1.0
-0.934031686272585,-0.5196306021509484,1.0
-0.986158020846732,-0.4935369171952821,0.0
-0.9563041236231778,-0.5442534954665637,0.0
-0.9654171755157642,-0.5150996215301094,0.0
-0.9310276969937525,-0.6166609721154961,0.0
-0.9771223157077308,-0.5166088535682386,0.0
-0.9846447115552573,-0.5056585971294001,0.0
-0.9857012235139532,-0.48586296596471007,0.0
-0.9264995075039049,-0.5727409387650076,0.0
-0.964457200417819,-0.521762931916042,1.0
-0.9909682638135493,-0.49973814461360033,0.0
-0.9719306222795054,-0.5248793381514079,1.0
-0.9243342899994171,-0.652229931405336,1.0
-0.9082737143547646,-0.6054546242126119,0.0
-0.9417186010017914,-0.6035370532030327,1.0
-0.954135218470968,-0.5883128615503787,1.0
-0.8344410599621427,-0.7000032335890143,1.0
-0.9678317627082974,-0.5647667283431443,0.0
-0.9612362932811349,-0.5529359192845454,0.0
-0.9693285852407068,-0.5553815725163398,1.0
-0.9444621042277258,-0.5754250412962936,1.0
-0.7125336962252303,-0.4346917880175267,1.0
-0.964482254740974,-0.5229539359211477,0.0
-0.8545975020616603,-0.7070623818607054,0.0
-0.7618723697151196,-0.4993191215448819,0.0
-0.9323135773579948,-0.6460455957941331,1.0
-0.33973304935449355,-0.5350254179893684,1.0
-0.9384365808183488,-0.588635705662369,1.0
-0.8316562329470397,-0.6991629745582456,0.0
-0.8756409770783158,-0.617392482218855,1.0
-0.9893822565456618,-0.506292143171738,1.0
-0.946765129368013,-0.6067773411675998,0.0
-0.9898537286279419,-0.4950756628118977,0.0
-0.9505629710553597,-0.6009599039649032,1.0
-0.9199089600373246,-0.69949954668871,0.0
-0.9342404654254141,-0.6121451292719553,1.0
-0.8637560042870998,-0.7214842418423038,0.0
-0.9507362743025077,-0.5689254435392748,1.0
-0.9380118385852186,-0.5957430638667855,1.0
-0.968227688642055,-0.5391320204449899,1.0
-0.9432788059763232,-0.5669170277183717,1.0
-0.8204071301750351,-0.5798065825719674,1.0
-0.967376219840105,-0.5816772198312133,1.0
-0.9667200453034359,-0.5382046544618343,0.0
-0.7810435133891609,-0.643848983292265,1.0
-0.6712612694203421,-0.8038202540038069,0.0
-0.9358873997126882,-0.6183165027403252,1.0
-0.8447333649846108,-0.5190590988699951,1.0
-0.963623713495464,-0.5685189008941323,1.0
-0.9647464020610983,-0.5662708531916701,1.0
-0.9399134169376638,-0.5848113496941073,1.0
-0.9634449673055419,-0.5122313195417364,1.0
-0.9819466346655884,-0.5160086887075688,1.0
-0.9517457034771762,-0.5541735608084566,1.0
-0.9754957273959917,-0.5245358058430096,1.0
-0.9820530955046896,-0.52910198445867,0.0
-0.9571070762827879,-0.5514278945890012,0.0
-0.9422842376634382,-0.6033737181535442,0.0
-0.9730965865801506,-0.5190572772585957,0.0
-0.9799088628078654,-0.5344882527653331,0.0
-0.9475495564210705,-0.6131436283845422,1.0
-0.980965070829156,-0.5234425009522213,1.0
-0.9539287840938386,-0.5333984821764715,1.0
-0.5577198225023055,-0.4740126535091563,1.0
-0.9419107318318561,-0.6340466585097793,1.0
-0.9394963744970073,-0.5810910886090788,0.0
-0.986925889958082,-0.4901115845992512,0.0
-0.8269133255036213,-0.6865658418574803,1.0
-0.9307171798609297,-0.6217906884898706,0.0
-0.9256954377131194,-0.5614772877878696,0.0
-0.9428899128880512,-0.5747220305203027,0.0
-0.8928458014507805,-0.51249952264337,1.0
-0.9185664670092719,-0.5936008536704482,0.0
-0.9813403017791449,-0.484929309210248,1.0
-0.9455915478763882,-0.5265084436116007,0.0
-0.7359557336022111,-0.7805025473033866,0.0
-0.9805298788005586,-0.5083111671867171,1.0
-0.958534217825619,-0.5088414809059053,1.0
-0.9636329095914753,-0.5301267600680735,0.0
-0.8217200229641717,-0.6841733421728624,1.0
-0.9658945234162911,-0.5466046482162178,0.0
-0.9872514830096059,-0.47419835476325856,1.0
-0.9577215289025282,-0.5898457172909227,1.0
-0.9756660212790708,-0.546359992946573,0.0
-0.9563699486390193,-0.5536236429705875,1.0
-0.9155736287566896,-0.5937298498451423,1.0
-0.8622155756159657,-0.6100880056062307,1.0
-0.9800547559243563,-0.5271996479342689,1.0
-0.9000095411538283,-0.5847177057053071,1.0
-0.9476780288346774,-0.5059928344803153,0.0
-0.9335669581415436,-0.5414230974407329,1.0
-0.8718326863933139,-0.614375021143929,0.0
-0.9805746605322314,-0.5172885357817396,1.0
-0.9748107224796608,-0.5058637755629287,1.0
-0.8347746576021732,-0.7032463969350968,1.0
-0.9366554669849323,-0.6291441379344874,1.0
1.0,0.9999999999999999,1.0
-0.7358041586125561,-0.6345811430030134,0.0
-0.8950092011434577,-0.6799133280744216,0.0
-0.7996136051644499,-0.7187225675026138,0.0
-0.9677774104707809,-0.5344249862529717,0.0
-0.9321748880516325,-0.5652238628236669,0.0
-0.6145673352808035,-0.4214313910160944,1.0
-0.8929952259448676,-0.5438895575288816,1.0
-0.9141506389983696,-0.5721030775441093,1.0
-0.9545883040405652,-0.5711943057958228,1.0
-0.979258180121697,-0.5399516489370807,0.0
-0.987157295017644,-0.513578510379792,0.0
-0.9448451873624939,-0.5613712460940916,1.0
-0.9686403775379336,-0.5734602797711665,0.0
-0.9499399354786943,-0.5992682298815915,0.0
-0.9272332949638232,-0.6370681863767973,1.0
-0.9847282831592075,-0.5044250832494801,1.0
-0.9782433946851326,-0.5016119428424556,1.0
-0.9776297058042631,-0.5461019617960847,0.0
-0.9530047822708646,-0.5365792127297873,1.0
-0.9700569320482895,-0.5377144146078527,1.0
-0.9808809958481562,-0.5338165852912771,0.0
-0.9689869519684722,-0.5457976698546512,1.0
-0.9229598822916166,-0.6381766012498858,1.0
-0.8875422914245369,-0.5596905429704553,1.0
-0.9898187950964273,-0.5047134435990732,1.0
-0.8643892530336337,-0.6372577959063607,1.0
-0.9684352507378667,-0.5533525248221239,0.0
-0.9713080563085809,-0.5442719704594946,1.0
-0.9025162807607441,-0.5464188096916417,0.0
-0.9789367639916228,-0.5244911621010174,0.0
-0.9713064252001541,-0.5451409401223563,1.0
-0.9615930703517405,-0.5530092417776771,1.0
-0.7694226330213121,-0.6722869833778216,1.0
-0.9860283469498303,-0.5223213862355383,0.0
-0.9868396143771725,-0.5007109310978658,1.0
-0.9420518258121577,-0.6171039518086151,1.0
-0.8590329173978924,-0.5162626790357302,0.0
-0.9768126495837652,-0.5384370468250134,1.0
-0.8052408349052325,-0.6524179021327233,1.0
-0.9584326563385073,-0.5934111745027172,0.0
-0.8535897911828827,-0.61966561793474,1.0
-0.9253317163709962,-0.5277417092526895,0.0
-0.981789685204117,-0.5238017379826384,0.0
-0.9637571126399533,-0.5837749802679959,1.0
-0.9864009784306071,-0.49946685689242865,0.0
-0.9626064390111323,-0.5457351002956372,1.0
-0.8413572105207037,-0.7150384493267796,1.0
-0.9719174698746841,-0.5378641348447989,1.0
-0.9601839304942708,-0.5745752125919652,0.0
-0.9935309552264537,-0.4707791234438292,1.0
-0.9471185479603007,-0.5956829367475918,0.0
-0.9744268206717421,-0.5326701515092487,0.0
-0.941293718139664,-0.5721096992174178,1.0
-0.5124853190070698,-0.8013299509509961,1.0
-0.9644434130512066,-0.5345107908599476,1.0
-0.9649791905749812,-0.5548239658157501,1.0
-0.9484745171534339,-0.5315701016894202,1.0
-0.822570070090506,-0.5819189299683837,1.0
-0.906210704122958,-0.5697113040925411,1.0
-0.8968264040927734,-0.6685839777776201,0.0
-0.9509555775886638,-0.5276436259020998,0.0
-0.9739496391878917,-0.5322654160229706,0.0
-0.8207827108987399,-0.5867926824841981,1.0
-0.924274320906392,-0.5840201713404434,1.0
-0.9524100829086375,-0.5779352418598791,1.0
-0.9242223864693342,-0.5296207403813586,1.0
-0.9716637277062505,-0.5376721863024198,0.0
-0.955720108971032,-0.5531735442443142,1.0
-0.9433521205828385,-0.5562936111334826,0.0
-0.9565640042580152,-0.5429346060075353,0.0
-0.9814524010516869,-0.5154514628927651,0.0
-0.9111970794600118,-0.4995499566054675,1.0
-0.9780366922723914,-0.5372374913352135,1.0
-0.897684972916213,-0.6349102644182163,1.0
-0.8903438123360172,-0.5267022429102867,1.0
-0.960850450767267,-0.5787172576254901,1.0
0.31940704644899864,-0.053539361094028015,1.0
-0.9342189494693993,-0.6125467416484314,0.0
-0.8782814834057004,-0.5285078278741289,0.0
-0.9772809673164536,-0.5501091723954756,1.0
-0.9525937522756664,-0.537292146185526,1.0
-0.96658620648659,-0.5107084501606642,1.0
-0.9450904013655725,-0.5360658108709291,1.0
-0.9718318056442528,-0.5552029590208741,1.0
-0.908206236609009,-0.5349423128073757,0.0
-0.8873837239333914,-0.5528840945879337,1.0
-0.9311797443299216,-0.6384611461567465,0.0
-0.9003244655367874,-0.5180208405011708,1.0
-0.5329356567559276,-0.9339736914088322,1.0
-0.9514892049105559,-0.5978567017661902,0.0
-0.9606631361059239,-0.5146256630290578,1.0
-0.827050751075122,-0.7487253423730662,1.0
-0.9535651883068362,-0.5399050972385938,0.0
-0.965020745994293,-0.5497526603860144,1.0
-0.9644182964634407,-0.5543192294018532,1.0
-0.9799541407237777,-0.5348233622461749,1.0
-0.93730810579254,-0.6239836369691439,1.0
-0.8954949838622978,-0.6168573303713824,1.0
-0.9516079744355551,-0.568100318477234,0.0
-0.8517422546462827,-0.610684781080403,1.0
-0.8144130841043224,-0.7336158033480111,1.0
-0.940965185201453,-0.6395787194259981,1.0
-0.9359549796287936,-0.5312331481392901,1.0
-0.717278273740064,-0.6435303250283219,1.0
-0.947469390449252,-0.5977673151793834,0.0
-0.9399991783957568,-0.5390912171963028,1.0
-0.8797562967768997,-0.6711336822154833,0.0
-0.9328627270436175,-0.5634028566927824,1.0
-0.9722649953682653,-0.5422986843089904,0.0
-0.990948623432171,-0.4796308563981693,0.0
-0.924376284602819,-0.6120591055717524,0.0
-0.7669193983669729,-0.6232500898984096,1.0
-0.9372803910770764,-0.6012058293438997,1.0
-0.9491978211772045,-0.6031917067021803,1.0
-0.9811341350030907,-0.5113592100043027,1.0
-0.5295354110136732,-0.5452648952446253,1.0
-0.9600402979500995,-0.5340408022111707,1.0
-0.979932353389767,-0.5535450517764174,0.0
-0.9300895256356668,-0.6259008996210131,0.0
-0.852104436437775,-0.5813387156428135,1.0
-0.9840642368144479,-0.5033611665643397,1.0
-0.9808767281698383,-0.4749701277651446,1.0
-0.8606308527425514,-0.70995546878367,1.0
-0.9874714523833069,-0.5185838124080826,1.0
-0.9417811213904942,-0.5912221437852306,1.0
-0.9479217863071747,-0.5950503115298015,0.0
-0.989475608971885,-0.4834920690967709,0.0
-0.9398742097673042,-0.5981300689666623,1.0
-0.9282101336599891,-0.5454439323972766,1.0
-0.9649930053531521,-0.5687344200777544,1.0
-0.9867621058551101,-0.486118507238249,1.0
-0.9486604378144,-0.5846592077083097,1.0
-0.974711338373716,-0.5596619747738278,0.0
-0.9598971169195152,-0.5458250767129678,1.0
-0.9876996717528786,-0.48699346950805134,0.0
-0.44524642147920945,-0.557979320506429,1.0
-0.9556739791205034,-0.5556921487970151,0.0
-0.9865304298669605,-0.5042810268229614,0.0
-0.9345137127098678,-0.596197969217949,0.0
-0.9595325314060378,-0.5601016042607448,0.0
-0.9817785703186829,-0.516321065054354,1.0
-0.9681662743417551,-0.5551121421913485,1.0
-0.9759308579864839,-0.5571609476194487,0.0
-0.5579411344534055,-0.7087329461006362,0.0
-0.9833499104114817,-0.5392111927447902,1.0
-0.9499386520735134,-0.6342404679243551,0.0
-0.9532336514725404,-0.5799067318444975,0.0
-0.9892573194317915,-0.48619383857318876,0.0
-0.6743786291246965,-0.5071467389661997,1.0
-0.89828752084013,-0.5334403023906855,1.0
-0.9726350286792668,-0.5492543356171934,1.0
-0.9613087366989461,-0.543851969247812,1.0
-0.9434846534222509,-0.6190431226941252,0.0
-0.92465505338734,-0.6593245615691692,0.0
-0.9181712476302373,-0.6324637347779867,1.0
-0.9760743092092338,-0.5254970154756857,1.0
-0.847311586467944,-0.6451627426831006,0.0
-0.9845738520016667,-0.5166065889970698,0.0
-0.9769996314414735,-0.4625157169844042,1.0
-0.8775294752384316,-0.5219068414685591,0.0
-0.89286220682557,-0.5936490815375243,1.0
-0.9833940017580752,-0.4786442943471726,1.0
-0.9449493493587791,-0.5774581526983673,1.0
-0.9441475805909207,-0.6031564426519052,0.0
-0.9820461080031364,-0.5023165572702529,0.0
-0.8822008949204091,-0.6975960703215331,0.0
-0.9666914926615642,-0.5635146902074664,0.0
-0.8760147741024052,-0.6068825745102276,1.0
-0.9243476489254748,-0.6361734044877109,0.0
-0.9473370218665117,-0.618133958278069,1.0
-0.9308240504149676,-0.5755911843820165,1.0
-0.8768958710742462,-0.5781076327372329,1.0
-0.9826183972277356,-0.500735838705761,1.0
-0.9862632627760408,-0.5391271421505694,0.0
-0.9547318277308023,-0.5599621038633947,1.0
-0.9617963261885037,-0.5616029417015493,1.0
-0.9722391813110789,-0.5783308214609058,0.0
-0.9689779891680002,-0.5163236025327462,0.0
-0.9435938614647706,-0.6097507414044676,1.0
-0.9766656120816914,-0.5046635506098073,1.0
-0.978572999750588,-0.49808739140566877,1.0
-0.9864290064659162,-0.4938696176743976,1.0
-0.9681320051250925,-0.5064076696826079,1.0
-0.9789214161931177,-0.555136878347522,0.0
-0.94698059254264,-0.51660650706472,0.0
-0.9283935528344257,-0.6127874355938113,1.0
-0.9814358116134337,-0.5121247549383279,1.0
-0.9783708306096346,-0.4867079468085641,0.0
-0.9554221718865546,-0.6162039707831688,1.0
-0.8515637584814936,-0.6080736636111935,1.0
-0.7799965253779209,-0.656325772934952,1.0
-0.9713663975379442,-0.5474245660577384,1.0
-0.9868838741626127,-0.4950856779001887,0.0
-0.6699853750382844,-0.5766445202890301,0.0
-0.9763617379030513,-0.5109093812448386,1.0
-0.9713459483756963,-0.5044311841894982,1.0
-0.9314035282094948,-0.6399672883075309,0.0
-0.9833593738414688,-0.5402393498156816,0.0
-0.8393698491393313,-0.6018805530588051,1.0
-0.9040962182516316,-0.6252118850070796,1.0
-0.9660996133686619,-0.5290352425435534,0.0
-0.9445876476613656,-0.5613330108405711,1.0
-0.7249078372322567,-0.6324843911254118,1.0
-0.9550654980819675,-0.5717204414833083,0.0
-0.9752114897365031,-0.5274382361088353,1.0
-0.871608782105112,-0.6453179197581509,0.0
-0.9254437170878456,-0.5151821748606654,1.0
-0.9576295136405436,-0.5542535007237677,0.0
-0.9675039288677816,-0.5564834641846388,1.0
-0.9600597682328171,-0.491418084140053,0.0
-0.9363151549279228,-0.5445406246150133,1.0
-0.8887585722644518,-0.53968642411102,0.0
-0.984519311743794,-0.5173545624623684,0.0
-0.9522296700941972,-0.5925226208098838,1.0
-0.9582399361697523,-0.5297642146357382,1.0
-0.8051339318310723,-0.6165717683018954,0.0
-0.9376750079010914,-0.6075828402565764,1.0
-0.835056574365681,-0.6126311639954869,1.0
-0.9584167417129827,-0.532093869507371,1.0
-0.952971255136135,-0.5477314355370511,1.0
-0.9035227965666165,-0.644253453155831,1.0
-0.9291944462777202,-0.6174244429715888,0.0
-0.9460051900370969,-0.5591901458968523,1.0
-0.9750307698859986,-0.5404637662527347,0.0
-0.812972409206498,-0.6421268116192662,0.0
-0.9731371360926189,-0.5321300081230605,1.0
-0.9601315246853829,-0.5070452424095809,1.0
-0.98291223323519,-0.5027917180977708,0.0
-0.9833710091917333,-0.5162479879767392,0.0
-0.9060203595937413,-0.6210239145830592,1.0
-0.8431563274827716,-0.6234904046348043,1.0
-0.8766731412398816,-0.5500785307443989,0.0
-0.9477730829864366,-0.6141189786809077,1.0
-0.8843498132790668,-0.6835678039546076,0.0
-0.9773204580348905,-0.509792548019532,1.0
-0.5532112042702102,-0.8626871277731466,0.0
-0.9877437940870439,-0.4913994227115584,1.0
-0.9725547058256929,-0.5295139340451736,1.0
-0.6252479966627087,-0.5250217591041292,1.0
-0.814720710133478,-0.6937376543162219,1.0
-0.9540307001395623,-0.5666894849242738,1.0
-0.9884441119411367,-0.5081414937590719,1.0
-0.948075934496704,-0.5771867863030959,1.0
-0.9745000895249643,-0.5651704447797478,0.0
-0.9757966678028602,-0.5351233362482348,0.0
-0.9665155809896028,-0.553651004983198,1.0
-0.9545967022262785,-0.613143437883971,0.0
-0.9887622525124663,-0.5002046317554146,1.0
-0.9072403098753884,-0.6034321778059444,1.0
-0.9673973291572708,-0.5738323078640903,0.0
-0.9734188825116064,-0.5164246906654166,1.0
-0.9676511415817026,-0.5387826998167095,1.0
-0.9764286284206221,-0.5314141596607187,0.0
-0.9832708710754106,-0.49202461444371415,1.0
-0.9793725110039858,-0.5242940427301619,0.0
-0.9771900255476507,-0.5024676680378206,1.0
-0.879782318411773,-0.6219712615041814,0.0
-0.947717610460986,-0.5039975714219602,0.0
-0.9636820025580288,-0.5399299952777662,0.0
-0.9662151234309282,-0.5624233841035781,0.0
-0.9297248462523457,-0.5501784826777536,1.0
-0.8616116040680013,-0.6203187001876903,1.0
-0.9687261992029037,-0.549337276161326,0.0
-0.9845009786155804,-0.5028087462460975,0.0
-0.976721782034015,-0.5060721736751831,0.0
-0.9231949387014016,-0.6456834005673532,0.0
-0.9631742483728942,-0.5526920850049241,0.0
-0.9312312986997344,-0.6343532698183312,0.0
-0.8043944823173098,-0.6701309246061637,0.0
-0.9733649380701398,-0.5839943252528927,0.0
-0.8384985351840608,-0.6739640391701903,1.0
-0.9539861533073463,-0.5136865067675082,1.0
-0.9533966309349182,-0.5461816669704929,1.0
-0.9611604072798816,-0.49895466186883086,1.0
-0.9649940165443557,-0.5276845520280536,1.0
-0.9467938025411156,-0.5960334706914067,1.0
-0.8491909863014289,-0.5476202460811478,0.0
-0.9890911285884114,-0.49313395324474346,1.0
-0.6558027718601488,-0.6781795461147475,1.0
-0.9572522958340054,-0.5756475936277305,1.0
-0.9327667116240139,-0.5550721083523719,0.0
-0.9664734597074226,-0.5580444358447366,0.0
-0.9587358600645809,-0.5715597422408265,0.0
-0.9863235577816761,-0.5089388521924187,0.0
-0.9821358634915915,-0.4947756625118413,1.0
-0.9489328042345372,-0.6133029241462216,1.0
-0.8497993933840822,-0.6649813352964549,1.0
-0.9368912778358044,-0.5500922751868312,1.0
-0.8156580422172283,-0.5964539037445157,0.0
-0.8416447990560353,-0.6537870735532554,0.0
-0.8902999736266728,-0.6457250161035651,1.0
-0.9877569895585838,-0.5031127468286531,1.0
-0.8681855546926565,-0.5933813583895019,1.0
-0.9425446550017487,-0.5593932082784913,0.0
-0.4897870338027319,-0.5147825592156743,1.0
-0.8367402351348142,-0.7527624114988247,1.0
-0.9052316005540311,-0.5818331555699799,0.0
-0.7696032528373691,-0.7122740997057474,1.0
-0.9754188466358888,-0.5503629138234465,0.0
-0.940128395625592,-0.5946023613304513,0.0
-0.9925889376752216,-0.4735735785277311,1.0
-0.9654201391911289,-0.5628809695817054,0.0
-0.8454786734936109,-0.5990273286507241,0.0
-0.9576009764425811,-0.5258712052001286,0.0
-0.7419397755734479,-0.47055480665371974,0.0
-0.9443171531978718,-0.5566189100070288,0.0
0.03358297006950628,-0.641859947701663,1.0
-0.8756540580367176,-0.6365555804250668,0.0
-0.9417459067833662,-0.5711549524556864,0.0
-0.9839841054169001,-0.4978566852538763,1.0
-0.9621186136711174,-0.5677654945957977,0.0
-0.9081503939794591,-0.6475230181373737,0.0
-0.9406460371969353,-0.5049395685072346,1.0
-0.982401633269675,-0.4995567559804297,1.0
-0.9878706052609474,-0.49013638707347323,1.0
-0.647675496228006,-0.6321182279815707,1.0
-0.9377536908020395,-0.6511809434810427,0.0
-0.9560165207409044,-0.5422990604655978,0.0
-0.9617378679420995,-0.5007815592020537,0.0
-0.9154551028282261,-0.6137365016381187,1.0
-0.9702808966136844,-0.4899722197810073,1.0
-0.8592010124084033,-0.6494534583166675,1.0
-0.937622455628813,-0.5984400513482728,1.0
-0.8579173241173735,-0.49468961049442306,1.0
-0.9691650834124486,-0.4786973900596588,1.0
-0.7381255046901357,-0.5658527363685135,1.0
-0.9581912224525025,-0.5829251117052504,1.0
-0.7367397091821838,-0.7188904921662893,0.0
-0.8165925803963519,-0.5294651248287829,0.0
-0.8348568542114075,-0.5617795052790071,1.0
-0.9592274041123988,-0.5283444549698636,1.0
-0.9068895837701267,-0.6057155786922115,0.0
-0.9713439530750263,-0.5317062491800174,1.0
-0.9606972949190071,-0.564890623552982,1.0
-0.9333836733262701,-0.5328339310919595,0.0
-0.9532335612029526,-0.5935151590727001,1.0
-0.9262693261947373,-0.5888873106102362,0.0
-0.9657963750126582,-0.5339028188857979,1.0
-0.959468354798851,-0.5104791279388379,0.0
-0.8960602344784846,-0.5798705801298629,1.0
-0.8654418646965599,-0.56411620093031,0.0
-0.9572168516728828,-0.5658417766265951,0.0
-0.9585297446820512,-0.5991287704499385,0.0
-0.9697334210919061,-0.548066884855388,1.0
-0.9710630576881899,-0.5521342643347947,0.0
-0.9746195254111074,-0.5434199051295798,0.0
-0.9670214100080369,-0.525406486372786,1.0
-0.9692786983688203,-0.5797422127135503,0.0
-0.7391337136722432,-0.6823384197505206,0.0
-0.9665885638854362,-0.5647773403771273,1.0
-0.9451395266947744,-0.587033133847525,1.0
-0.7864791519991273,-0.7534283726734637,0.0
-0.8518346785393366,-0.5359876978272263,1.0
-0.9875058077716807,-0.5103745517377741,0.0
-0.9843154285554825,-0.5105247540006851,1.0
-0.7956010983323164,-0.6884524981872702,0.0
-0.9199887983685215,-0.5360025305370286,1.0
-0.9231563180847231,-0.5882862597075675,1.0
-0.974710568670771,-0.5430304001434213,0.0
-0.9866589771349308,-0.4933533884590943,1.0
-0.9880696649838364,-0.4974273627908853,1.0
-0.8961232212950859,-0.5524517741471889,1.0
-0.9242108849290319,-0.5898012551141885,1.0
-0.9433783416876645,-0.5298722437876676,0.0
-0.9809708624291592,-0.49942759671821635,1.0
-0.8011924626510567,-0.5606293298857257,0.0
-0.9702249141805699,-0.5497064892214121,0.0
-0.8778227081345314,-0.6695293141956538,0.0
-0.9337263879461855,-0.5653848101726644,0.0
-0.9488260675195829,-0.6101359836318192,0.0
-0.9557908317871534,-0.5701696188675163,0.0
-0.9511571992142835,-0.5963750852526307,1.0
-0.9660267831465945,-0.5367315174437103,1.0
-0.9808712748701182,-0.5152996494887974,0.0
-0.9729541900751794,-0.5479373904900235,0.0
-0.9367621754147766,-0.6186631039111742,0.0
-0.8624172593558211,-0.6830178068601542,0.0
-0.9287363394725268,-0.6167940183083368,1.0
-0.8763950917349947,-0.7120356432015783,0.0
-0.8399883832533195,-0.7036829114045078,0.0
-0.9456549663240001,-0.5697854598671791,1.0
-0.9726427256905552,-0.5082111497608348,1.0
-0.9521577742216419,-0.5935458511345002,1.0
-0.86808817252973,-0.628451757476707,1.0
-0.9582582938880048,-0.5736585840439261,1.0
-0.9446166966114502,-0.56380122826702,0.0
-0.9626463742809069,-0.5544966591563089,0.0
-0.9736571576761079,-0.5374595892290104,0.0
-0.9562285773602054,-0.574389800998098,1.0
-0.9866956672704175,-0.49844173665658525,0.0
-0.9691831554166198,-0.5363773149727724,0.0
-0.8110568310210753,-0.654481014480034,0.0
-0.9766679885126567,-0.5078358229275877,1.0
-0.8968193007501544,-0.5116704698901449,0.0
-0.8436267018930247,-0.6143004396241947,0.0
-0.9289729333381457,-0.6278314250379562,0.0
-0.9652235545941864,-0.47330932008715076,1.0
-0.8916692725127261,-0.6784005824885099,0.0
-0.9780298474593644,-0.5313818006036509,0.0
-0.9687357549439766,-0.47938929628439864,1.0
-0.9714499981649535,-0.5389935477637148,0.0
-0.8189731374758311,-0.6324426921804813,0.0
-0.9206090304901557,-0.5768217906577917,1.0
-0.3170234648500839,-0.5845308949765913,1.0
-0.9638377950105849,-0.5398591779133082,0.0
-0.9084077871089367,-0.6225922659257644,0.0
-0.9387295657041399,-0.6453363132355086,1.0
-0.8954767600521089,-0.5261317433318415,0.0
-0.8769471952918608,-0.581098169453698,0.0
-0.9543695228400414,-0.5657725199164747,1.0
-0.9861474409847653,-0.5314304339290477,0.0
-0.9696061668964314,-0.533330580784882,0.0
-0.9887899801316697,-0.49663232717707206,1.0
-0.9867185407082131,-0.5177595643943683,0.0
-0.9560744210826785,-0.5708343291341389,0.0
-0.9607212318363795,-0.5654736548451588,1.0
-0.9731252054848898,-0.5693997131224019,0.0
-0.9654877188596175,-0.5085954106326237,0.0
-0.901602027972813,-0.6495201052530923,1.0
-0.932007715595621,-0.5923416625366907,1.0
-0.970064449525399,-0.552936100776107,0.0
-0.9540610011243964,-0.5910247122937587,1.0
-0.9513722501857597,-0.5553687977073712,0.0
-0.9835052415176467,-0.533717156479583,0.0
-0.47270086204280776,-0.2522051520752845,1.0
-0.6570353572460648,-0.7584006062833714,0.0
-0.9464613067570828,-0.5972736784235604,1.0
-0.9892032233642523,-0.4941503268345151,1.0
-0.958219486087722,-0.4901366754137498,1.0
-0.7858027683139946,-0.6427475653792676,1.0
-0.979227165834734,-0.49791501900057766,1.0
-0.9678279827225089,-0.5490289795513419,1.0
-0.9807204509900262,-0.533915637209847,0.0
-0.7587794047193142,-0.7902813080322292,0.0
-0.9892046189496264,-0.48274800476753127,1.0
-0.9641280101940055,-0.5416455850426084,1.0
-0.9414090222089607,-0.6220390414889296,0.0
-0.9118950532524523,-0.4814146038153565,1.0
-0.8781768498137587,-0.6701837459912101,1.0
-0.9405651160472485,-0.6331089252791213,1.0
-0.8465549783031625,-0.6329665024583914,0.0
-0.9334931815406771,-0.554441343488874,1.0
-0.9576248860179414,-0.5378620649122977,1.0
-0.9836230931613905,-0.5202160031774613,0.0
-0.841853075224871,-0.4980944254808671,1.0
-0.9848011962890673,-0.5128506856633137,1.0
-0.7921004540740607,-0.5321039088593247,1.0
-0.9484002924316999,-0.5988101961022383,0.0
-0.9421973157762231,-0.5541475418046933,1.0
-0.8061652967525978,-0.7763369533591302,0.0
-0.9826606211365341,-0.5071366151113246,0.0
-0.9446337796406987,-0.5201136653186742,1.0
-0.9397711103572595,-0.5823236855410511,0.0
-0.9655606813558513,-0.5581715494852412,1.0
-0.9702731966071718,-0.49296651872659414,1.0
-0.7795549123881562,-0.48602619925862023,0.0
-0.9832031938434241,-0.4925184712426812,1.0
-0.9436181785884462,-0.6245754075249138,1.0
-0.9554274553116975,-0.5623630664256248,0.0
-0.7147986187091213,-0.6858549741496696,0.0
-0.9394606816764746,-0.6065963894945258,1.0
-0.9550821817546153,-0.5824263696970564,1.0
-0.9107070369516552,-0.6333764186165028,1.0
-0.9403408159775835,-0.5734971488752726,0.0
-0.9768948090859928,-0.5126925056891828,1.0
-0.9601732594653599,-0.5742009105076818,1.0
-0.9459345888306124,-0.565829441355483,0.0
-0.9015408708139443,-0.669228408367001,1.0
-0.9690217359018929,-0.569264726496923,0.0
-0.9782945129936831,-0.5462911513513674,0.0
-0.8772618642159197,-0.5237319153725803,0.0
-0.9569951994165773,-0.5737623419693949,1.0
-0.9606811679560134,-0.5465089941204175,1.0
-0.9891184862826569,-0.48966651688568974,1.0
-0.8877586741460234,-0.6049559986684845,1.0
-0.9747701584520572,-0.543669360509615,0.0
-0.9133606000030832,-0.6262794115488654,0.0
-0.9254276422144125,-0.5741503034508806,1.0
-0.9769975471838129,-0.4955411507778461,1.0
-0.9612355186841497,-0.5159303008305036,1.0
-0.8472134295853233,-0.6080745046484375,1.0
-0.9883215278985523,-0.5011242567809553,0.0
-0.3920590492330607,-0.6691328742904348,0.0
-0.965561696714419,-0.5668679896376217,0.0
-0.990639137751042,-0.4643398694569138,0.0
-0.9795783763166075,-0.5495289456678695,0.0
-0.8689059432591159,-0.6423757380473013,0.0
-0.9547967299618944,-0.594738976314608,0.0
-0.9737078652325779,-0.517142262736501,0.0
-0.6618205384950108,-0.7999610965511503,0.0
-0.9756687420538661,-0.5240237533023875,0.0
-0.9882787819954226,-0.49772925216374436,1.0
-0.9498840141097165,-0.5677336342336463,1.0
-0.8992618381806113,-0.6673394046663517,0.0
-0.8394268101330292,-0.5871386695091045,0.0
-0.7945373979693889,-0.6862334636522289,0.0
-0.9864727793374882,-0.47788194809271933,1.0
-0.9680466957910938,-0.5374563347087545,0.0
-0.9784262409989036,-0.5358078050746403,0.0
-0.9700361807402399,-0.5713331885740275,0.0
-0.9603380868804172,-0.5616546271395815,0.0
-0.9837697106401719,-0.500197647724496,1.0
-0.95500563998867,-0.546716770529906,1.0
-0.9508850713473936,-0.5452728180249237,0.0
-0.9485546481219204,-0.5495603490677119,0.0
-0.4367626685424666,-1.0,1.0
-0.9633140072090323,-0.5442717218919567,0.0
-0.8990790714021983,-0.5330646771000036,1.0
-0.6360681209422312,-0.5995542330938354,0.0
-0.9371848193763687,-0.5650002648423472,0.0
-0.9169064932629153,-0.6511501730066025,0.0
-0.8079349586155993,-0.6574766687299586,0.0
-0.9711506400070524,-0.5448249750662209,0.0
-0.9352045729328228,-0.6029195332907119,1.0
-0.8383041951799344,-0.686340660895925,0.0
-0.9506787428112624,-0.580889481821999,0.0
-0.9792324300795903,-0.47486860119482616,1.0
-0.9852681559657035,-0.4874816012488581,1.0
-0.9714451038903625,-0.5297722102804577,0.0
-0.8530184237390324,-0.7016094485668003,1.0
-0.9857593737963134,-0.5022603723085176,1.0
-0.862366216102158,-0.6867299328703643,1.0
-0.9483479674856771,-0.524297431534283,1.0
-0.9692410165884623,-0.5363311666857306,0.0
-0.9761281604624285,-0.5057842941369922,0.0
-0.9239042833634199,-0.5549580026201235,0.0
-0.86666610818146,-0.62935840280777,1.0
-0.9566637708862148,-0.5894115979762783,1.0
-0.9803269175857289,-0.49462305328310724,1.0
-0.9464168985210195,-0.5423861606364059,1.0
-0.92359903391406,-0.6162090957127866,0.0
-0.9035235385419096,-0.6916038742737302,0.0
-0.8701273749453485,-0.6435539706557994,0.0
-0.973367580290761,-0.5078813319667712,1.0
-0.9223873369046017,-0.5782269206145947,0.0
-0.9163539698520307,-0.6027418340311493,0.0
-0.9134963225560525,-0.6608652744571816,0.0
-0.971022276206155,-0.4840125340334753,1.0
-0.8293243038687996,-0.6397703147411483,0.0
-0.9634574000517582,-0.5643350731378587,0.0
-0.9443583128515246,-0.5185783542051605,1.0
-0.9883837818021752,-0.5138727824957665,0.0
-0.9492641274635848,-0.5734864780022926,1.0
-0.9649555710931011,-0.562114461367829,0.0
-0.9200508676054989,-0.5900691289751273,0.0
-0.9901763689482618,-0.4778551196705806,0.0
-0.9745580693802256,-0.5141122522216991,1.0
-0.9146691212882736,-0.6040746774829111,0.0
-0.5128116600728296,-0.4833509938093717,1.0
-0.8736550996047069,-0.6357046262304605,0.0
-0.9391419368700575,-0.5855524282476955,0.0
-0.9485182925063489,-0.6137868804191475,1.0
-0.9236199415783697,-0.5932517191299215,0.0
-0.8748723204483466,-0.586168879381584,1.0
-0.9427648433850717,-0.5259561204106776,0.0
-0.9884550689046241,-0.5166427674437742,0.0
-0.9895693923097478,-0.47818904671197937,1.0
-0.9901609283453457,-0.4930399118103602,1.0
-0.7507196221421933,-0.5919270394555041,0.0
-0.8998585782690811,-0.5055119158297182,1.0
-0.9242400163279197,-0.6305449171579863,1.0
-0.8570410931080634,-0.6788334652419866,1.0
-0.7849304408582325,-0.5277703014631239,1.0
-0.9297493888385187,-0.5902001888306329,0.0
-0.9675152021539287,-0.5449563735003531,1.0
-0.9485866281671194,-0.5900424508961555,1.0
-0.6781524062623189,-0.5844136513159539,1.0
-0.9751146964191635,-0.5394245250458445,0.0
-0.9509887717571858,-0.6078498197916118,1.0
-0.9265117824199905,-0.5897425574299361,0.0
-0.8665152169199829,-0.5363829389465989,1.0
-0.9213966657362869,-0.6184256527519743,0.0
-0.9773709077576402,-0.5084696941869326,1.0
-0.9586304348159067,-0.5815392368423439,0.0
-0.9669899741916556,-0.5579977485079235,0.0
-0.9011530960440131,-0.667056831964475,1.0
-0.9833143153653274,-0.5073160957168354,0.0
-0.9194641445226385,-0.5759242541574812,1.0
-0.9764774084487532,-0.4959965899589138,0.0
-0.9772682795996301,-0.5117450770268797,1.0
-0.9467350745989576,-0.5116889950917209,0.0
-0.9431820220995074,-0.5711015749085314,0.0
-0.9879135780339932,-0.5031320385115874,1.0
-0.9586474625546637,-0.5872078246608557,0.0
-0.9132995335818574,-0.5955608560951517,0.0
-0.7713188177334299,-0.7614111028178735,1.0
-0.8113465599898623,-0.5771423079149427,0.0
-0.9307133447315127,-0.6251831960941594,0.0
-0.9487127074249669,-0.5707207542365478,0.0
-0.9620322232540623,-0.5385773396020701,0.0
-0.9534271319414014,-0.564642960870381,0.0
-0.8834145038261636,-0.650763284117816,1.0
-0.9747117096682034,-0.5071690294720334,0.0
-0.9454789905071619,-0.5996360498046707,0.0
-0.9855810091187884,-0.4955224610967512,1.0
-0.8168871369513873,-0.6769999085628255,1.0
-0.9697261389626374,-0.5230099797345286,1.0
-0.31294876088666834,-0.40462779032155716,1.0
-0.9435035045645451,-0.6319158335379946,0.0
-0.7675175387625428,-0.506819444172928,0.0
-0.841398325158512,-0.5446110943336009,0.0
-0.8727030269709106,-0.6270267416063425,1.0
-0.963346666878911,-0.5828589835150855,0.0
-0.9747671796770796,-0.5369193814314789,0.0
-0.9847040585847259,-0.5200539904139933,1.0
-0.9592377282718835,-0.5853534128000221,1.0
-0.9594497663069758,-0.5736412548954724,1.0
-0.9348597831677627,-0.5755065564454168,0.0
-0.9726405381736241,-0.5460325106388192,0.0
-0.9425545995999877,-0.5862589878968425,1.0
-0.9002396823042856,-0.6421310922243552,1.0
-0.9443594694673035,-0.5990525648347859,0.0
-0.9761776331276053,-0.4739578385172479,1.0
0.08496201645648271,-0.1741713142007787,1.0
-0.9731098633299913,-0.5357230866208411,1.0
-0.9715996585327605,-0.5479198849509417,0.0
-0.9902827814952317,-0.46446622952735567,0.0
-0.9760076055871973,-0.5231198777009268,1.0
-0.9143921582719698,-0.6105804902861156,1.0
-0.8940264682515164,-0.5359181619810783,0.0
-0.5554418016124016,-0.89667435665499,0.0
-0.9871469908105138,-0.4936415654349233,1.0
-0.9741474308421318,-0.491454878267541,1.0
-0.9589609451921945,-0.530620270310574,1.0
-0.9864730016425044,-0.503050034475808,1.0
-0.877315069447051,-0.5722029470709098,0.0
-0.9894449849585593,-0.493615855017007,1.0
-0.9770108822777368,-0.4933258039245249,0.0
-0.9507008561883656,-0.5792494446143344,0.0
-0.9781642846964882,-0.5124048831960744,1.0
-0.9719710942089053,-0.5287511971797999,1.0
-0.9255410136776693,-0.5943235060899714,1.0
-0.8929948494823228,-0.4776998268397015,0.0
-0.9566171865803562,-0.6082384951938535,0.0
-0.8953605409714331,-0.6024097861936374,0.0
-0.9246012360021891,-0.5148467513230308,1.0
-0.9602565517342875,-0.5538526569979889,1.0
-0.7679565264224392,-0.6607207668267554,0.0
-0.8055276396529115,-0.7778922610565072,0.0
-0.8066691984378906,-0.7426372431309696,1.0
-0.9257679064999276,-0.6079405510728462,1.0
-0.9415936247683344,-0.593264470003666,0.0
-0.9707269335596177,-0.5045554545576292,0.0
-0.9068929365563381,-0.6370529518238941,0.0
-0.828575162587196,-0.738082379504966,1.0
-0.9350536982303473,-0.6321688910245362,0.0
-0.5360605299683576,-0.5301684248137939,0.0
-0.8882830166615115,-0.5760183864520104,0.0
-0.9145131832106939,-0.5687341979035951,1.0
-0.824092466094592,-0.6104494220603366,1.0
-0.9746844874484233,-0.5159200383750023,1.0
-0.6115771242057744,-0.7172970788484034,1.0
-0.9633323872095124,-0.5405588626236809,1.0
-0.9579805233508706,-0.5664048571781612,1.0
-0.9175045115963212,-0.5959046292658068,1.0
-0.9580162107188749,-0.5891254818224054,0.0
-0.9088077926048337,-0.5454752528356883,1.0
-0.9721284774224449,-0.5485877087832919,0.0
-0.9838751515533689,-0.49126884067946175,1.0
