0,1,2,label
-0.2881558,0.7921613,-0.9298797,2
-0.8393475,0.12710528,-0.90129775,1
-0.765303,0.53228605,-0.8548524,1
-0.39654654,0.70430696,-0.92587066,1
-0.8401105,0.072996005,-0.9341061,0
-0.7721232,0.32040757,-0.8888695,1
-0.93184733,-0.10764432,-0.9317554,0
-0.82108974,0.2489052,-0.8981241,1
-0.5001046,0.206802,-0.9770389,2
-0.8084496,-0.026572317,-0.9660411,0
-0.70898587,0.56768644,-0.87863004,0
-0.21262696,0.69971496,-0.937895,2
0.22565943,-0.35154182,-0.853338,2
-0.6882145,0.6739639,-0.8285347,1
-0.77122617,0.44988462,-0.86753774,1
-0.37821904,0.58301705,-0.9527689,2
0.27707326,0.35653168,-0.88557965,2
-0.029721528,0.3328763,-0.924267,2
-0.84080315,-0.0011945963,-0.9453569,1
-0.36118212,0.50212675,-0.93988425,2
-0.8563889,0.46359766,-0.8320159,1
-0.7013388,0.2681936,-0.9101335,1
-0.87328446,0.217583,-0.85851574,0
-0.8157532,0.39928812,-0.86221325,1
-0.8818667,-0.023646414,-0.9496005,0
-0.82213265,0.1939145,-0.886473,1
0.17947495,-0.2835093,-0.8875384,2
-0.89449793,-0.07119015,-0.9310709,0
-0.3976597,0.6029712,-0.9391353,1
-0.37428305,0.33963406,-0.9197028,0
-0.80111635,0.29422963,-0.88312477,1
0.19897932,-0.12801024,-0.93122494,2
-0.69621825,-0.109811634,-0.9816958,0
-0.88079417,-0.05890277,-0.94672245,0
-0.68605906,0.50543386,-0.89610773,1
-0.87128127,0.16066079,-0.8978089,1
-0.046634972,0.38059783,-0.956644,2
-0.8089137,0.23328888,-0.8975221,1
-0.04012397,0.641798,-0.96268976,2
-0.5506258,-0.1054481,-0.9770523,0
0.12843138,0.5893309,-0.9556731,2
-0.52303916,0.68969804,-0.904631,1
-0.8960769,0.11404921,-0.9100487,0
-0.8892727,-0.112339586,-0.95492053,1
-0.8496567,0.02167666,-0.92986465,1
-0.7124741,0.2962142,-0.9373024,0
-0.1168223,0.74648577,-0.9658959,2
-0.81105095,0.25529584,-0.89884645,1
0.08778733,0.84150887,-0.92515266,2
-0.29590666,0.051590726,-0.99118257,0
-0.8314159,0.1884567,-0.90753704,1
-0.8083199,0.26520535,-0.8910984,1
-0.78106,0.33071724,-0.90604377,0
-0.7872879,0.6149999,-0.836021,1
-0.739627,0.12605976,-0.94008464,0
-0.8529812,0.17872086,-0.89029783,1
-0.076975495,0.05580242,-0.94710237,0
-0.49818,0.58940977,-0.9119865,1
-0.21528788,0.6633476,-0.91700566,2
-0.21064454,0.62837857,-0.95461506,2
-0.80427456,0.2872456,-0.8847906,1
-0.033360213,0.5780269,-0.96064585,2
-0.79043484,0.23718421,-0.91932976,1
-0.8533264,0.24161816,-0.88501316,0
-0.72871256,0.0009772778,-0.9648737,0
-0.6131027,0.12284534,-0.97420764,0
-0.07209703,0.17437401,-0.92968374,2
-0.7598695,0.2933802,-0.905935,1
-0.35647815,0.6899805,-0.94267327,2
-0.40532115,0.8122691,-0.895176,1
-0.80082107,0.25258192,-0.887421,0
-0.6167223,0.029859215,-0.98953587,0
-0.8062504,0.13244657,-0.92378306,1
-0.8575343,0.3022443,-0.8568749,1
-0.6380439,0.30158386,-0.9483084,1
-0.83764327,0.14066021,-0.92973155,0
-0.76025504,0.5796644,-0.85888255,1
-0.83759266,0.23160617,-0.91046214,0
0.3618763,-0.31173915,-0.8207625,2
-0.8370993,0.06890692,-0.9377585,0
0.05222696,0.7538384,-0.9186686,2
-0.6776408,0.59493566,-0.87509,1
-0.740088,0.42543662,-0.87237823,1
-0.1592395,-0.17739284,-0.92284876,2
-0.7716075,0.27850044,-0.91202307,1
-0.805832,0.37646747,-0.86236477,1
-0.6600518,0.6036912,-0.88758546,1
-0.06867075,0.77186596,-0.94484264,2
-0.8665571,0.10689385,-0.9174811,0
-0.92732775,-0.04132378,-0.92947245,0
-0.8491508,0.28857055,-0.8882154,1
-0.51182455,0.6520363,-0.9171122,0
-0.93917024,-0.14223003,-0.9396778,0
-0.69625103,0.5813011,-0.88547134,1
0.20965552,0.42052048,-0.94287723,2
-0.47763965,0.51964736,-0.9428411,2
-0.24252768,-0.18787876,-0.9413418,2
-0.82179594,0.2189149,-0.8527201,1
-0.18125418,-0.16682425,-0.9137487,0
0.6300939,0.16229951,-0.8956046,2
-0.5654095,0.49148294,-0.9037081,0
-0.71324944,0.33893758,-0.9001279,1
-0.68543935,0.5344207,-0.8936326,0
-0.8368232,0.30539343,-0.8756555,1
-0.94186234,-0.17904875,-0.94421226,0
0.6356906,-0.06403065,-0.8567951,2
-0.66369694,0.407731,-0.9167387,0
-0.1666033,0.5973985,-0.9611346,2
-0.28412974,0.76021624,-0.9429688,2
-0.3421393,0.12487994,-0.9352479,0
0.39005774,0.085223794,-0.9297215,2
-0.88230443,0.019839466,-0.93688387,0
-0.2525782,0.60524035,-0.94363624,1
-0.22969586,0.41732037,-0.9691882,2
-0.23720025,0.20446861,-0.98705125,2
0.4119782,-0.2798245,-0.8783013,2
-0.78125066,0.09059781,-0.9564104,0
-0.85956204,-0.023522437,-0.9514379,0
0.5214233,-0.43675584,-0.89564276,2
-0.8802366,0.17382592,-0.88395184,1
-0.831895,0.24424535,-0.6732877,1
0.016189784,0.7794003,-0.93969977,2
0.33502287,-0.26552564,-0.8596553,2
-0.3102585,0.17728996,-0.93139213,0
0.7303172,-0.16533983,-0.80903447,2
-0.8016995,0.24740764,-0.8897556,1
0.2324577,-0.22815424,-0.88343996,2
-0.66446316,0.5088762,-0.8932338,0
-0.93088824,-0.0916248,-0.92728287,0
-0.7204727,0.39978424,-0.88966537,1
0.06729907,0.51087165,-0.91802955,2
-0.85282815,0.20376489,-0.9107769,1
-0.752406,0.2828609,-0.90082276,0
-0.8422631,0.21832818,-0.88000137,1
-0.8303101,0.28465545,-0.87599427,1
-0.69938904,0.45858178,-0.87983584,1
-0.35633093,0.8949839,-0.91160053,2
-0.77745944,0.24338333,-0.9197101,0
-0.3193524,0.64767843,-0.94455177,2
-0.7126429,0.43607888,-0.88148004,1
-0.8909287,0.058535278,-0.92372066,0
-0.5592076,0.07839301,-0.98205966,0
-0.8024838,0.3778757,-0.83613837,0
-0.7363928,0.4601921,-0.8803567,1
-0.6765866,0.4600917,-0.88463056,1
-0.94838715,0.011058122,-0.88776386,0
-0.8743479,0.10172978,-0.9087332,0
-0.6589339,0.5312183,-0.89193517,0
0.17227739,0.44844383,-0.93306935,2
-0.5173696,0.6834252,-0.89903957,2
-0.5144317,0.2897791,-0.96998954,2
-0.77600336,0.33810306,-0.88907325,1
0.18135029,0.70682824,-0.9476236,2
-0.31603426,-0.34215903,-0.9123168,0
-0.260951,-0.70843554,-0.92773986,0
-0.27137083,0.7428061,-0.9339994,2
-0.09719616,0.63826513,-0.9656645,2
-0.40314734,0.20742643,-0.96699595,0
-0.8239352,0.19366825,-0.88996667,1
0.6001962,-0.26045978,-0.90171474,2
-0.20857823,0.8103743,-0.9247818,1
-0.36020762,0.59930855,-0.94680256,2
-0.72392267,0.37045363,-0.8965175,1
-0.8428495,0.28327537,-0.88337153,1
-0.7749623,0.48670697,-0.85680586,1
-0.71111995,0.25532645,-0.9376432,0
-0.07589772,0.79565406,-0.9247741,2
-0.6644839,0.28705943,-0.92997926,1
-0.9437705,-0.079567164,-0.91992337,0
-0.8909861,0.035191864,-0.9345002,0
-0.8459259,0.21727113,-0.90568995,1
-0.7051796,0.5771086,-0.8696567,1
0.055522025,-0.21904504,-0.95777327,2
-0.84234214,0.015016913,-0.95274574,0
-0.7048428,0.4029096,-0.9117488,0
-0.39727792,0.5657362,-0.9590372,0
-0.08807939,0.63895434,-0.9528072,2
-0.79480344,0.31111786,-0.88554406,1
-0.6357226,0.69492966,-0.8805486,1
-0.4994713,0.599914,-0.9145795,1
-0.21778117,0.71730316,-0.9485781,2
-0.89346004,0.13527054,-0.88982123,1
-0.4281559,0.5622257,-0.92756945,2
-0.45497158,0.7891404,-0.8829723,0
-0.34384128,0.7090493,-0.9200853,1
0.44579,-0.42940766,-0.79740703,2
0.11956185,0.25074777,-0.9200451,2
-0.6075959,-0.12998265,-0.9710473,0
-0.4772947,0.564399,-0.93961257,2
-0.43161547,-0.50760573,-0.89324856,0
-0.8172791,0.33025682,-0.89703035,1
-0.8236318,0.12364611,-0.9352359,0
-0.80475676,0.27713943,-0.90692353,1
-0.8040707,0.37073448,-0.88330895,1
-0.041651934,0.06918141,-0.94929624,2
0.005121857,0.6947203,-0.9384548,2
0.011454105,0.6637094,-0.9240674,2
0.4668966,-0.5611272,-0.83463836,2
-0.3763971,0.63318694,-0.9308047,2
-0.15162095,0.743281,-0.950973,2
-0.43347907,0.09253262,-0.9620084,0
-0.8675835,0.3881309,-0.8474249,1
0.28281796,0.42984462,-0.90993214,2
-0.16662702,-0.555614,-0.89135855,2
-0.36797893,0.67771983,-0.93932027,2
-0.71505904,0.54280293,-0.82248485,1
-0.7935219,-0.023619592,-0.97070503,0
-0.5563996,0.7427085,-0.8839921,1
-0.828181,0.16201857,-0.8984589,1
-0.060822487,0.6290715,-0.956531,2
-0.50224745,0.75471747,-0.89930445,2
-0.48500302,-0.17422843,-0.9739009,0
-0.88101995,-0.10229635,-0.96488935,0
-0.8112465,0.23937413,-0.8943947,1
-0.0057177544,0.44670013,-0.91897994,2
-0.868243,-0.0728032,-0.9487807,0
-0.3786767,0.48092765,-0.94322234,2
-0.12123856,0.81640804,-0.9452857,2
-0.47623625,0.24958348,-0.95048296,2
-0.8793179,-0.06417999,-0.95246744,0
-0.6891737,0.5361803,-0.8867734,1
-0.03719482,0.66883874,-0.936934,2
0.21155304,0.30381668,-0.9471925,2
0.42383617,-0.23861575,-0.84867084,2
-0.7966769,0.43574607,-0.8748096,1
0.3807081,0.30673164,-0.9594768,2
-0.41066983,-0.2533694,-0.97623,0
0.5198608,-0.18604636,-0.86337936,2
-0.82521546,-0.04794553,-0.9572595,0
-0.564144,-0.3438928,-0.958155,0
-0.31861347,0.029244542,-0.9680679,0
-0.07445991,0.5427003,-0.9098744,2
0.2091347,0.7229941,-0.89212275,2
-0.8447536,0.1395971,-0.89867234,1
-0.11147949,0.5779066,-0.9391047,2
-0.9112616,-0.01672864,-0.9305334,0
-0.8366006,0.36565906,-0.8672031,1
-0.23388751,0.7323524,-0.93488455,2
-0.84020734,0.28167197,-0.88743407,0
-0.92351973,0.021098554,-0.91734266,0
-0.16066796,0.7947424,-0.94273764,2
-0.4828051,0.6943823,-0.90071225,2
-0.3355521,0.42920384,-0.96410257,2
-0.8489132,0.018431008,-0.92895234,0
-0.7914347,0.30847898,-0.8809988,1
0.12097615,0.7453572,-0.9480772,2
-0.37842572,-0.17182052,-0.9600178,0
-0.7872709,0.2996541,-0.8972083,1
0.124920666,0.4379406,-0.9478248,2
-0.35777536,0.6141286,-0.9013414,2
-0.29855597,0.8244107,-0.9323978,2
-0.5009896,-0.14349198,-0.97517556,0
-0.088680744,-0.5364851,-0.83990544,0
0.50579125,-0.5979865,-0.8307513,2
-0.017115563,-0.2948962,-0.8694105,0
-0.50889254,0.69574034,-0.8910644,1
0.23417693,-0.55755675,-0.8655657,0
-0.9219619,-0.11396006,-0.9533992,0
-0.839602,0.26445118,-0.8788912,1
-0.425306,0.6403301,-0.92123586,2
-0.25352508,-0.46098888,-0.9385266,0
0.3723787,-0.048719555,-0.92932564,2
-0.7525517,0.2629957,-0.91911423,0
-0.8565761,0.20836246,-0.90004903,1
0.61402994,-0.3810084,-0.8668707,2
-0.75576586,-0.08143577,-0.9721142,0
-0.8135997,0.14175873,-0.93248266,0
-0.6346121,0.53648424,-0.89654773,0
0.34381276,0.04052186,-0.8934343,2
-0.65877616,0.3658219,-0.92824316,0
-0.76246244,0.30770183,-0.9150685,0
-0.84376425,0.3251302,-0.8718397,1
-0.57705927,0.44555214,-0.91780055,1
0.12531435,-0.017839998,-0.91507024,0
-0.4947214,0.6364013,-0.9158572,2
-0.27155775,0.27242345,-0.9701987,2
-0.55057526,0.5683545,-0.92891455,2
-0.8552264,0.047332466,-0.93109775,0
-0.5863559,0.4943602,-0.90522254,1
-0.80860776,0.39248613,-0.8654776,1
-0.41686672,0.58549124,-0.9306677,2
0.33637053,-0.556486,-0.82764846,2
0.676696,-0.00020083785,-0.8721125,2
-0.34575945,-0.42359203,-0.94331366,0
-0.76893616,0.5051079,-0.8719467,1
-0.6836346,0.6475705,-0.87094426,1
-0.3936457,0.7617759,-0.92042077,2
-0.22382604,0.9017591,-0.91213614,2
-0.83801794,0.092166394,-0.942114,0
-0.71481943,0.51758516,-0.8738435,2
-0.75924385,0.5279489,-0.862717,1
-0.6150205,-0.17645535,-0.97276354,0
-0.5304641,0.5872982,-0.91775596,1
-0.044992924,0.39531165,-0.95455027,2
-0.6852162,0.28598076,-0.91483414,0
-0.60920787,0.44346157,-0.9143163,1
-0.30228055,0.7555233,-0.93965536,2
-0.7671125,0.35989058,-0.88772076,1
1.0,-0.40709215,-0.83844686,2
-0.7421056,0.2666272,-0.90252936,1
-0.73331285,0.19223674,-0.9411748,0
-0.71147424,0.5030918,-0.8928156,1
-0.81608546,0.17642418,-0.8984862,1
-0.7902435,0.1917891,-0.9216858,0
-0.82906854,0.23627536,-0.8928296,1
0.044009507,0.60797846,-0.96553546,2
-0.5177107,-0.12947103,-0.9789378,0
-0.37228745,0.63658494,-0.9327817,2
-0.8416426,0.1800602,-0.87098455,1
-0.26032996,0.7896948,-0.90542305,1
-0.6602714,-0.23124814,-0.9855261,0
-0.86336905,0.10351564,-0.8995782,1
-0.6441992,0.58658487,-0.8858438,0
-0.75080115,0.17179233,-0.9394324,0
-0.59453976,0.6124326,-0.8977147,1
-0.4213059,0.19299448,-0.95966303,0
0.52561116,-0.35591984,-0.8523224,2
-0.29023415,0.65459394,-0.9448169,2
-0.4889894,0.2604994,-0.96194625,2
-0.7043469,0.53358054,-0.8701667,1
-0.5552977,0.29090396,-0.948639,1
-0.6087706,0.08262852,-0.947925,1
-0.55020386,0.32769713,-0.94477654,0
-0.14670986,0.54958457,-0.97111696,2
-0.80107784,0.35511044,-0.87365925,1
-0.8601353,0.11100802,-0.91522944,1
-0.96544033,-0.1637299,-0.93460965,0
0.55214804,-0.17919141,-0.8971746,2
-0.25678432,0.17721955,-0.9632667,2
-0.49936777,-0.20257509,-0.94993585,0
-0.9041304,-0.015359044,-0.92355937,1
-0.43297222,0.8508699,-0.8956627,2
-0.071803,0.51679516,-0.96310645,2
-0.83492553,0.15631437,-0.8944912,1
0.13739085,0.58923566,-0.9489694,2
-0.56846136,0.13903405,-0.9986635,0
-0.37190104,-0.45416307,-0.95187974,0
-0.15688756,0.6624572,-0.9579384,2
-0.868049,-0.06481466,-0.95503676,0
-0.3005234,0.3004457,-0.9752089,0
-0.867101,0.115910664,-0.9078244,1
-0.91410863,-0.02846402,-0.9297785,0
-0.7742108,0.3747014,-0.8867163,1
-0.6819314,0.22111428,-0.9623781,0
-0.57387614,0.76106465,-0.862679,2
0.01776722,0.54963464,-0.94946843,2
-0.7087508,0.49916142,-0.8674723,1
-0.2765438,-0.45412004,-0.9486366,0
-0.8053109,0.39946356,-0.87528056,1
-0.16241586,-0.3907904,-0.89887273,2
-0.42800257,0.2824804,-0.9700635,0
-0.06803486,0.5431237,-0.9447812,2
-0.85049284,0.23929462,-0.8821079,1
-0.8724023,0.0038689673,-0.93142575,1
-0.6144235,0.30871513,-0.94918686,0
-0.6814026,0.4892032,-0.88268185,0
-0.45348364,0.44073838,-0.9475637,2
-0.62974954,-0.013870209,-0.98241687,0
-0.8867202,0.1745146,-0.8929907,1
-0.43695864,0.7893818,-0.90661776,2
-0.8281385,0.23719084,-0.8904257,1
-0.84284174,0.24605805,-0.90130764,0
-0.8396511,0.08730148,-0.9292591,0
-0.652753,0.6429227,-0.87647676,1
-0.8039867,0.5235693,-0.8379093,1
-0.8716352,-0.0563578,-0.9611598,0
-0.044135153,0.50872344,-0.9448352,2
0.6652102,-0.17680043,-0.8572984,2
-0.89540887,0.19992763,-0.8790627,1
-0.7737598,0.47835857,-0.86703026,1
-0.57565004,-0.024014473,-0.9830499,0
-0.76461136,0.58248174,-0.8561227,1
-0.5551647,0.07705018,-0.98666567,0
-0.6337293,0.521366,-0.8919081,1
-0.47665054,0.5148223,-0.939832,2
-0.8133855,0.3160854,-0.88271326,1
-0.24668808,0.83996844,-0.9380606,2
-0.6182016,0.48911366,-0.889434,1
-0.8875703,-0.0063579082,-0.947587,0
-0.28632462,0.6911954,-0.9486335,1
-0.24488103,0.83345884,-0.92969954,2
-0.7779071,0.20799676,-0.9158246,0
-0.8225727,0.033922598,-0.9577913,0
-0.5325054,-0.0434151,-0.9687351,0
0.08397764,-0.52922004,-0.9214833,0
-0.85353065,0.02069056,-0.93429357,1
-0.47047526,0.4695623,-0.9117367,2
-0.4698811,0.518108,-0.94029236,1
-0.020020276,0.55611503,-0.91726017,2
-0.85521114,0.2868902,-0.86399204,1
-0.5990076,0.60468984,-0.8836125,1
-0.22184695,0.4644715,-0.97134364,2
-0.36249226,0.72368,-0.9279071,2
-0.671283,0.4802027,-0.8966251,1
-0.10407847,-0.5730659,-0.9109053,0
-0.7711874,0.10648091,-0.9594264,0
0.47026074,-0.36430162,-0.9002522,2
-0.40460977,0.61399615,-0.9249562,2
-0.24588616,0.050006226,-0.94298464,0
-0.86339724,0.22681141,-0.866053,1
-0.81024534,0.28984562,-0.9124574,0
-0.77214944,0.36802346,-0.8948057,1
-0.7762009,0.0705509,-0.9663939,0
0.41551006,0.14881231,-0.9170305,2
-0.871197,0.39872348,-0.85183114,0
-0.67297727,-0.17936105,-0.974077,0
-0.7234363,0.4773308,-0.9046806,0
-0.0065317154,0.583238,-0.95330065,2
-0.08109927,0.6981652,-0.95953465,2
-0.11821222,0.73908144,-0.9527835,2
-0.70326984,0.5847783,-0.8773531,1
-0.39921787,0.48336494,-0.9407179,1
-0.32103294,0.44241196,-0.95962316,2
-0.6870819,0.521334,-0.88472235,2
-0.83126307,0.33773467,-0.85200745,1
-0.2765659,-0.53723466,-0.8700628,0
0.3756864,0.325296,-0.9487958,2
-0.46107382,0.0025588274,-0.9627108,0
-0.02547273,0.7120398,-0.9390238,2
-0.41614032,0.058026925,-1.0,0
-0.78810036,0.15487543,-0.9265232,0
0.561845,0.23481096,-0.88896286,2
-0.8758724,-0.031214625,-0.94259506,0
-0.44023913,0.7222558,-0.9020485,1
-0.12151125,0.85169965,-0.93831164,2
-0.26822594,0.58565074,-0.94538635,2
-0.7553673,0.23955634,-0.9214902,0
-0.19360787,0.9820597,-0.9107538,2
-0.83825743,0.33515787,-0.86157906,1
-0.872571,0.045743883,-0.929674,0
-0.16508934,0.5841985,-0.9593671,2
-0.831316,0.20163895,-0.89837027,0
0.599531,-0.5269355,-0.82330394,2
-0.0890677,0.45734996,-0.97238094,2
-0.8692449,-0.08472544,-0.95536864,0
-0.8332796,0.30692768,-0.8663382,1
-0.53187,-0.016571313,-0.99445635,2
-0.76847255,0.31872672,-0.90897256,0
0.13406283,-0.09981465,-0.9503957,0
-0.8263339,0.030428052,-0.95037574,0
0.3996585,-0.17048687,-0.868419,2
-0.5788195,0.2722101,-0.9466044,1
-0.6099307,0.37627557,-0.93041205,1
-0.82253134,0.32747343,-0.8890077,1
-0.41530436,0.11853492,-0.9781521,0
-0.38951632,0.7041522,-0.90831894,1
-0.78038704,0.41973165,-0.8633228,1
-0.903777,0.077198505,-0.8892743,1
-0.53939486,-0.08925253,-0.9792165,0
0.64168733,0.08474675,-0.91101086,2
0.19465733,0.09401579,-0.85688967,2
-0.78872806,0.52855784,-0.8633219,1
-0.15702453,0.65088725,-0.92357874,2
-0.75065756,0.5902128,-0.8464993,1
0.33106297,-0.13384587,1.0,2
-0.95724106,-0.12941298,-0.92589873,0
-0.81258965,0.19919889,-0.90408015,0
-0.6648264,0.14912924,-0.97226065,0
0.407956,0.39129376,-0.89561653,2
-0.18996081,0.039050296,-0.93450403,0
-0.3259896,-0.2289145,-0.9658547,0
0.08013934,-0.37851143,-0.8817275,2
-0.66569364,0.31701642,-0.9433723,0
-0.85349536,0.21081156,-0.88607556,1
-0.7444331,0.51128805,-0.87746245,1
-0.3981466,0.80666167,-0.9192679,2
-0.6625095,0.11059964,-0.97955596,0
0.24300086,0.40282702,-0.9544806,2
-0.72920805,0.43368995,-0.88338053,1
-0.6394651,0.20014155,-0.95861334,0
-0.741573,0.5967121,-0.8622112,1
-0.85683405,0.07324396,-0.93450236,0
-0.6739165,0.23688656,-0.93349403,1
-0.9503572,-0.110013604,-0.94122124,0
-0.0746263,0.7425487,-0.9482416,2
-0.0416016,0.1443618,-0.9509206,2
-0.81798756,0.12809454,-0.9409228,0
-0.42847064,0.792363,-0.91315186,2
-0.8633169,0.07297087,-0.93546224,0
-0.86016583,-0.014232576,-0.9492559,0
-0.6672444,0.5120344,-0.8866349,1
-0.20336276,0.7388935,-0.93258154,2
-0.785055,0.41533074,-0.8789992,1
0.27529627,0.36887842,-0.95929873,0
-0.7186966,0.33230662,-0.91116214,1
-0.89011383,0.2620832,-0.8591645,1
-0.80176216,0.056478605,-0.94952244,0
-0.60457635,0.1600807,-0.9624816,0
-0.8189589,0.5170735,-0.8379395,1
0.019689381,0.53603125,-0.9377171,2
-0.68670374,0.7072929,-0.8524653,1
-0.100568414,0.88558376,-0.9367433,2
-0.2742073,0.9144847,-0.91166663,2
-0.22240897,0.69920135,-0.94711137,2
-0.947912,-0.14141056,-0.93984306,0
-0.06367704,0.62098336,-0.90871406,2
-0.6557636,0.30543154,-0.9446676,0
-0.26922408,0.028459787,-0.9673998,0
-0.59900355,0.56375355,-0.89670235,1
-0.8780602,0.09710297,-0.916941,0
-0.4863483,0.6602335,-0.9006399,2
-0.7324603,0.18888701,-0.92736554,1
-0.6688102,0.57658005,-0.86766326,1
-0.5792088,0.723162,-0.88128006,1
-0.56944746,0.4775905,-0.94051814,0
-0.5021194,-0.36548728,-0.96239996,0
-0.79065,0.38044843,-0.87073064,1
-0.9207212,-0.03361848,-0.9216056,0
-0.6513118,0.02845198,-0.99112976,0
-0.030062735,-0.4947775,-0.8725568,2
0.25461936,0.6604856,-0.9366163,2
0.034403503,0.75150204,-0.95192116,2
-0.8299593,0.21926653,-0.8868995,1
-0.7223828,0.29204082,-0.92467636,0
-0.9109592,-0.042559057,-0.94216007,0
-0.70061004,0.027716458,-0.9569331,1
-0.55584526,0.6646265,-0.8997438,1
-0.72693485,0.44126654,-0.8892983,1
-0.6285726,0.3205455,-0.9281433,1
-0.8808246,0.25768912,-0.8634095,1
-0.06427503,0.56658363,-0.92573816,2
-0.72476715,0.02489549,-0.9832184,0
0.041894436,0.670467,-0.961751,2
-0.6280479,-0.5469579,-0.94519526,0
-0.7741411,0.54691124,-0.8414155,1
-0.58037466,-0.0031928122,-0.9899054,0
-0.19321573,0.7928518,-0.9412288,2
0.53437704,-0.3787669,-0.82617426,2
-0.8059351,0.29918104,-0.8900146,1
-0.83704746,0.16649136,-0.89805675,1
-0.59480405,0.69434583,-0.88244665,1
-0.026316077,-0.4488904,-0.94144344,2
-0.826746,0.27668354,-0.87316763,1
-0.45475218,0.31984222,-0.95747185,1
-0.781402,0.50681794,-0.8493073,1
-0.7728142,0.41703522,-0.875759,0
-0.81429565,0.4009168,-0.8585701,1
-0.75082654,0.42841405,-0.8523937,0
-0.79118264,0.45371646,-0.86459726,1
0.39489818,0.27607152,-0.9468202,2
-0.8300582,0.23630391,-0.88776827,1
-0.83388203,0.29780465,-0.8730515,1
-0.49653178,-0.60737276,-0.93224937,0
-0.51309955,-0.40277743,-0.9407675,0
-0.8309429,0.1162647,-0.9305789,0
-0.060901463,0.4490387,-0.96803373,2
0.42658126,-0.5301961,-0.86250633,2
-0.70229375,0.1263312,-0.9746919,0
-0.7712817,0.4092423,-0.87933797,1
-0.7374102,0.42139184,-0.90777147,0
-0.06205234,0.61964107,-0.93339163,2
-0.36456954,0.33079833,-0.9569128,2
-0.83744514,0.123159006,-0.9028876,1
-0.7318022,0.47995973,-0.87932944,1
-0.25200427,0.65353894,-0.9512251,2
0.38247067,0.05546333,-0.88534653,2
-0.5458295,0.085798115,-0.96922016,0
-0.24651252,0.2847782,-0.97078836,2
-0.5827273,-0.35454947,-0.97544557,0
-0.0034282506,0.5847075,-0.9688422,2
-0.27068877,0.4613204,-0.95512426,2
-0.49950656,0.52726734,-0.91844225,1
-0.86612487,0.13481575,-0.89329505,1
-0.75769585,0.27452853,-0.8712869,0
-0.37031126,0.6319247,-0.92783856,1
-0.6564481,-0.19198373,-0.98099715,0
-0.6011573,0.118797585,-0.96972734,1
-0.56493306,0.6485598,-0.90039015,2
0.32647526,-0.36446947,-0.90056574,2
0.19533467,-0.6027942,-0.89687735,2
-0.8074386,0.24151064,-0.8935397,1
-0.46055758,0.37030905,-0.9654197,2
0.52818537,0.22677115,-0.8997063,2
0.21232134,-0.36383986,-0.9193871,0
-0.74548125,0.13579261,-0.9595037,0
-0.26816565,0.7203274,-0.93787986,2
-0.857001,0.15227792,-0.8920285,1
-0.73917335,0.4738012,-0.8720905,1
-0.7071739,-0.25394243,-0.9870548,0
-0.7959937,0.26658878,-0.8881566,1
-0.88016033,-0.080735326,-0.9545811,0
-0.93385947,-0.029547751,-0.9168741,0
0.35232985,0.18365309,-0.9356239,2
-0.83937037,0.036020562,-0.9288919,1
-0.76615417,0.51489705,-0.8523319,1
0.20201057,-0.07827681,-0.90798503,2
-0.5311276,0.5557387,-0.8957416,1
-0.44214186,0.44286203,-0.95498914,1
-0.82234174,0.32181615,-0.87058556,1
-0.8375524,0.12841426,-0.90865433,1
-0.9252279,-0.073673785,-0.9436097,0
-0.34122822,0.56909233,-0.95653963,2
-0.43067452,0.7188134,-0.8997885,1
0.32463288,-0.37047756,-0.78727245,2
-0.34632525,0.35439184,-0.9706994,2
-0.5627661,0.60764956,-0.89650184,2
-0.8980081,-0.20385486,-0.9688101,0
-0.7264633,0.420043,-0.89366466,1
-0.18594375,0.6732565,-0.95522064,2
-0.7616098,0.44587058,-0.8808708,1
-0.70093423,0.39211017,-0.93508905,0
-0.85237455,0.005483806,-0.95211375,0
-0.44224975,0.52590317,-0.9298063,2
-0.72968876,0.48114657,-0.8898816,1
0.025981277,0.00659588,-0.8740676,2
0.23871076,0.44249058,-0.9181058,2
-0.7928386,0.367173,-0.8754037,1
0.32151806,-0.58280283,-0.88253456,2
-0.5366459,-0.5050417,-0.9430525,0
-0.92919403,-0.16027004,-0.95152986,0
-0.50359917,0.08735576,-0.99569666,0
-0.23297836,0.7906566,-0.9204112,2
-0.42288712,0.8185924,-0.8902034,2
-0.8749716,-0.06241131,-0.95047474,0
-0.8884629,0.028953314,-0.9318208,0
-0.010165304,0.7134146,-0.94474614,2
-0.7702613,0.27261388,-0.9124648,1
0.027628988,0.57403636,-0.95786726,2
-0.83541065,0.17446125,-0.8933926,1
-0.8160604,0.27759877,-0.88927275,1
-0.6842979,0.10860409,-0.96209705,0
-0.26553452,0.74992883,-0.9453889,2
-0.65622604,0.44914252,-0.8880591,1
-0.8171612,0.11178273,-0.93676454,0
0.28086,0.44119808,-0.9169703,2
-0.6470857,0.34252346,-0.93239146,1
-0.23135144,0.053502545,-0.97088724,2
0.43157125,0.059734464,-0.89496946,2
0.022450954,0.23393829,-0.9278096,2
-0.66054434,0.6339128,-0.87753475,0
-0.86090744,0.29198742,-0.78653115,1
-0.74094415,0.120802075,-0.9502268,0
-0.77351034,0.091639906,-0.94017434,1
-0.42709437,0.77060366,-0.90854096,2
0.14238757,0.5077455,-0.9578949,2
-0.22294344,0.29981917,-0.9603998,0
-0.39841455,-0.1573554,-0.92397326,0
-0.8241509,0.29851177,-0.8935936,0
-0.547038,0.34463167,-0.9604704,2
-0.6639602,0.121944964,-0.9866822,0
-0.77385116,0.4485128,-0.8762316,1
0.18034309,0.5481441,-0.9584025,2
-0.7521741,0.38838363,-0.9108002,0
-0.23515402,0.9233069,-0.92796075,2
0.832171,-0.2207464,-0.84082854,2
-0.7513174,0.54628307,-0.86763215,1
-0.819131,0.10555145,-0.92515516,1
0.17359054,0.9389549,-0.9315448,2
-0.8393834,0.12384881,-0.90229225,1
0.15196401,0.630537,-0.95571476,2
-0.1325016,0.83555317,-0.94216686,2
-0.5835396,0.7761071,-0.84699184,1
-0.512838,0.6186539,-0.91377443,2
-0.64513266,0.3700583,-0.9176522,1
-0.66368324,0.6314707,-0.8705943,1
-0.6671507,0.39631334,-0.90673673,1
-0.8342582,0.4018737,-0.86220133,1
-0.6991458,0.4607208,-0.87496144,1
0.047629476,0.58877563,-0.95413494,2
-0.84665346,0.27784154,-0.8863251,1
0.15566957,0.6343988,-0.90373075,2
-0.26179886,0.67815036,-0.9392543,0
-0.767401,0.23504476,-0.9110876,1
-0.95667446,-0.08103874,-0.91793215,0
-0.7831149,0.28724948,-0.8948196,1
-0.8265778,0.3391748,-0.87649685,1
-0.64566934,0.60953265,-0.8875262,1
-0.88527334,-0.005366832,-0.93154985,0
-0.87545896,0.1859076,-0.882926,1
-0.026557326,0.6960616,-0.95165056,2
-0.8019772,0.10568763,-0.9410803,0
-0.93400383,-0.14493564,-0.94535005,0
-0.7896818,0.33899486,-0.8851938,1
-0.8721483,0.012181014,-0.924201,0
0.278237,-0.470908,-0.84373105,2
-0.9012834,-0.08789867,-0.94477296,0
-0.56666714,0.18125522,-0.97303355,2
-0.7862737,0.27406657,-0.9102143,0
0.96821326,-0.5720816,-0.8258537,2
-0.76758295,0.30088463,-0.90040123,1
-0.6288349,0.43725035,-0.9094017,1
-0.8234436,0.37645513,-0.8630502,1
-0.03626293,0.84110713,-0.9517351,2
-0.8419857,0.1961436,-0.9181763,1
-0.8257867,0.15820462,-0.94127154,0
-0.8626079,-0.013897508,-0.9417232,0
-0.714525,0.59610665,-0.86338514,1
-0.65908355,0.55283064,-0.8819643,1
-0.8948438,0.14989556,-0.90002877,0
-0.6843842,0.4674141,-0.90595263,1
-0.14542788,0.2381783,-0.970475,2
-0.7562921,0.28641498,-0.9017399,1
-0.32093078,0.15576398,-0.9263499,0
-0.81508136,0.40296203,-0.86988765,1
-0.6542289,-0.07076034,-0.99040514,1
-0.7305821,0.4462785,-0.8859319,1
0.3145907,0.39947405,-0.92229754,2
-0.32849348,0.38487902,-0.9570651,0
-0.6616343,0.30947867,-0.9287782,1
-0.4820239,0.58437276,-0.9259814,1
-0.27795473,0.7843175,-0.92383873,1
-0.48964813,0.35490823,-0.97012705,0
-0.783731,0.59154034,-0.8506721,1
-0.0042524636,0.9970021,-0.930967,2
0.1630376,0.5918288,-0.95810604,2
-0.03803715,0.5920245,-0.94725823,2
-0.33973655,0.39283526,-0.94628596,2
-0.77535,0.34519914,-0.8784592,1
-0.8430456,0.24180318,-0.87179804,1
-0.6282629,0.6038426,-0.8752835,1
-0.7462128,0.05638531,-0.9701091,0
-0.73056257,0.4713117,-0.87693965,1
-0.7359957,0.4585088,-0.886893,1
0.22502446,0.5170211,-0.94929934,2
-0.80290484,0.2954352,-0.88733274,1
-0.69316024,0.4079511,-0.9111428,0
-0.25343335,0.55838156,-0.94307274,2
-0.84983325,0.20523077,-0.8818579,1
0.611543,-0.383098,-0.7870735,2
-0.062517196,0.25825208,-0.97568643,2
0.31842065,-0.4587078,-0.918132,2
-0.78989303,0.46762782,-0.8791696,1
-0.8641764,0.01506111,-0.93962586,0
-0.9365791,-0.077599734,-0.93487406,0
-0.8005059,0.07022016,-0.9542762,0
-0.7847606,0.4375435,-0.87587374,1
-0.711199,0.6396427,-0.8655976,1
-0.8076413,0.3764913,-0.85741967,1
-0.25161693,0.8088496,-0.9191205,2
-0.84939283,0.024302661,-0.9389092,0
-0.32337278,0.6576469,-0.9360117,2
-0.3107623,0.83465993,-0.92250884,1
-0.5213175,0.7033256,-0.8901432,1
-0.68703955,0.38296586,-0.9093776,0
0.11596322,0.352256,-0.9550195,2
-0.7421925,0.49116522,-0.8708943,1
-0.77214754,0.44093463,-0.8898072,0
-0.699371,0.49360502,-0.88040483,0
-0.67380863,0.34932557,-0.92162234,0
-0.60917026,0.70152724,-0.87856686,1
-0.3411234,0.82907814,-0.91000736,1
-0.5238434,0.24588387,-0.9595736,0
-0.73074925,0.60244954,-0.8567892,1
-0.71809626,0.5094746,-0.874406,1
-0.5324725,0.5902457,-0.9019895,1
-0.21171999,0.2673473,-0.964558,2
-0.7813262,0.1360982,-0.93409663,1
-0.6747002,0.5521555,-0.888795,1
-0.29000145,-0.024636775,-0.97906494,0
-0.80004925,0.35554403,-0.88380903,1
-0.42817575,0.7913932,-0.8999132,1
-0.040881693,0.5070725,-0.97038317,2
-0.79276896,0.30657464,-0.8768886,1
0.39890814,0.3377108,-0.8745492,2
-0.5756676,-0.2999239,-0.9537499,0
-0.911332,-0.07096648,-0.9376016,0
-0.38647804,0.27295044,-0.97364646,2
-0.8621634,0.07173571,-0.9275785,0
-0.9133524,0.07757428,-0.9108336,0
-0.52015847,0.45251924,-0.9405055,2
0.26150358,0.7560859,-0.9400006,2
-0.13959229,0.7752874,-0.93900853,2
-0.15452075,0.65979886,-0.94842386,2
-0.7839174,0.40931773,-0.8767025,1
-0.60093606,0.21229368,-0.9460272,1
-0.53998643,0.16560978,-0.95761305,0
-0.4923916,0.21752931,-0.9706473,0
-0.42154005,0.4974352,-0.9316495,2
-0.40773383,-0.09266034,-0.9450337,0
-0.83705163,0.027333409,-0.9487247,0
-0.84086895,0.3586356,-0.8765375,1
-0.50783306,-0.27013922,-0.9703818,0
-0.5521556,0.6083164,-0.9086398,2
-0.2241726,0.76835555,-0.928995,2
0.15156168,0.77103984,-0.9477261,2
0.4360019,-0.3276646,-0.85289294,2
0.03704399,0.62419486,-0.9579833,2
-0.77866465,0.32487708,-0.90788466,1
-0.7322724,0.545387,-0.86349636,1
-0.63742316,-0.23501998,-0.98023057,0
-0.46591625,0.4586411,-0.9585591,2
-0.8394383,0.23553309,-0.87836844,1
-0.81334186,0.17999774,-0.91747534,1
0.43507844,-0.18573177,-0.899966,2
-0.65945166,0.34959072,-0.920369,1
-0.3325804,0.30045962,-0.9648569,2
-0.8421502,0.018852979,-0.943279,0
-0.12039617,0.6440891,-0.9383016,2
-0.7431456,0.20554416,-0.9432987,0
-0.19624129,0.89090335,-0.9197593,2
-0.30832854,0.84057134,-0.8812281,1
-0.84434426,0.3492196,-0.87702096,1
-0.29941696,0.19724312,-0.97706264,0
-0.7836684,0.2404734,-0.9253891,0
-0.054337025,0.6534916,-0.960286,2
-0.83701277,0.10289185,-0.93077815,0
-0.8391894,0.29837653,-0.87553585,1
-0.53072256,-0.30471474,-0.93456215,0
-0.6089784,0.45180297,-0.91202354,1
0.287727,-0.6121539,-0.76427007,2
-0.8053056,0.16647261,-0.9223716,0
-0.7867252,0.25522453,-0.9222382,0
-0.03579122,0.52613306,-0.95693177,2
-0.23542435,0.9034103,-0.92970884,2
0.28818923,0.49612415,-0.9257168,2
0.070966244,0.2609532,-0.93805367,2
-0.85746473,0.15470815,-0.88687706,1
0.16459227,0.49561116,-0.9031152,2
-0.6763465,0.42276484,-0.9383057,0
-0.3800211,0.57615983,-0.92707413,2
-0.64353925,-0.39101118,-0.95978177,2
-0.59159774,0.20998465,-0.946804,0
-0.7449346,0.3855805,-0.89231485,1
-0.08109915,-0.7875781,-0.90683395,0
-0.5807088,0.16974974,-0.9737663,0
-0.8858346,-0.05060023,-0.9487075,0
-0.09895545,0.758117,-0.9575045,1
-0.83313215,0.15028156,-0.9088922,1
-0.21021056,0.042103738,-0.8725077,0
-0.43378,0.67946005,-0.9120721,1
-0.6718648,0.48991656,-0.9019377,2
-0.08068696,0.7765134,-0.9515332,2
-0.88026595,-0.07718477,-0.9595777,0
-0.40093324,0.12306079,-0.92863303,0
-0.74717724,0.15195481,-0.95420456,0
-0.71958625,0.40018496,-0.90932935,0
-0.8649428,0.17171966,-0.8869094,1
-0.7845279,0.29024038,-0.8876954,1
-0.8458112,0.3969803,-0.85312164,1
-0.7711152,0.23436588,-0.9255585,0
-0.06379649,0.6371715,-0.9578602,2
-0.8508869,0.34460625,-0.59303766,1
-0.5999159,0.28265727,-0.95423424,2
-0.84226406,0.334402,-0.8759242,1
-0.8665793,0.13382275,-0.90826595,1
-0.39815366,0.67090106,-0.93411016,2
-0.722223,0.28669825,-0.9172209,0
-0.4309304,0.2837946,-0.93449867,0
0.2210148,-0.081985295,-0.95941466,2
0.20929074,0.47911024,-0.9387377,2
-0.78528845,0.13615754,-0.95021105,0
-0.76854306,0.35877532,-0.89545566,1
-0.7716194,0.27880618,-0.9102722,0
0.50666344,-0.24558133,-0.8473285,2
0.32698035,0.27375093,-0.9047879,2
0.03817755,0.5769199,-0.9272184,2
-0.6973663,0.35108718,-0.9176384,0
-0.43129605,0.16909328,-0.9935836,0
-0.036973745,0.5673368,-0.9578235,2
-0.4094706,0.83651316,-0.9121584,1
-0.30966243,0.7417129,-0.93395466,2
-0.44259346,-0.40278578,-0.9566801,0
-0.92566586,0.09410471,-0.89370394,0
-0.80901337,0.30973488,-0.8946264,1
0.31023234,0.40960217,-0.94765115,2
-0.57442105,0.49932367,-0.89561915,1
-0.86955637,-0.102725655,-0.9580512,0
-0.85459715,0.115367785,-0.9001552,1
-0.52050585,-0.39001924,-0.945681,0
-0.9476466,-0.059051096,-0.9187835,0
-0.95989156,-0.11116657,-0.9155023,0
-0.5974568,0.56544125,-0.8931636,1
-0.73394775,0.3711787,-0.9157055,0
-0.83668625,0.025473446,-0.94057953,1
-0.38015208,0.77631897,-0.9238251,2
-0.80996156,0.2414675,-0.90380317,1
-0.8442478,0.09307042,-0.9269522,1
-0.25900346,0.56633943,-0.97092915,2
0.02044034,0.20196128,-0.930361,2
-0.8467194,0.07290806,-0.93932503,0
-0.7842183,0.42948508,-0.88233125,1
-0.21517034,0.63956094,-0.9184826,0
-0.8812852,-0.03437853,-0.948731,0
-0.81328297,0.29385018,-0.88653487,1
-0.11912361,-0.13881138,-0.93428385,0
0.054365218,0.06196527,-0.9539463,2
-0.78384626,0.08763844,-0.9361555,0
-0.5066246,0.43610886,-0.9388708,1
-0.87290716,-0.04576063,-0.9493184,0
-0.80563164,0.11033347,-0.938881,1
-0.1114288,0.73054606,-0.94932973,2
0.056571066,0.72526634,-0.9610643,2
-0.2488877,0.7786035,-0.9199594,2
-0.41814864,0.60156643,-0.9340622,2
-0.9456226,-0.047877252,-0.92040324,0
-0.6765501,0.36070395,-0.8787786,1
-0.64836985,-0.25575042,-0.97864956,0
-0.8544053,0.07848854,-0.92483884,0
-0.4761578,0.6321975,-0.9127944,1
-0.7646199,0.3998556,-0.8837642,1
-0.80370814,0.025108218,-0.9604626,0
-0.8709899,-0.033568293,-0.94301414,0
-0.9521836,0.0378671,-0.89461607,0
-0.8140923,0.316378,-0.8852296,1
-0.8434595,0.18572013,-0.89104813,1
-0.5711612,0.77838063,-0.854625,2
-0.28240734,0.18917736,-0.9528613,0
-0.4851487,-0.41778338,-0.9225189,0
0.10739076,0.5533881,-0.95493233,2
-0.942469,-0.1004982,-0.93054885,0
-0.74627423,0.2656514,-0.9258543,0
-0.48967564,0.83780926,-0.8886732,1
-0.84347516,0.06286706,-0.93181634,0
-0.11617291,0.9979726,-0.9097538,2
-0.8546672,-0.025657356,-0.9425544,1
-0.76551074,0.5780257,-0.8645452,1
-0.7390467,0.44460043,-0.89201725,1
-0.7527044,0.56874526,-0.8497352,1
-0.4785332,0.059912443,-0.9757627,0
-0.011065215,0.47323626,-0.94079113,2
-0.27073795,0.6761548,-0.9379262,2
-0.8903747,0.37736496,-0.8390374,1
-0.8520918,0.0213916,-0.9328784,0
-0.24355511,-0.22331345,-0.8865147,0
-0.92644036,-0.023079038,-0.9204004,0
-0.7372944,0.0876168,-0.9560041,0
-0.12733555,0.54917854,-0.9681203,2
-0.5035705,0.5394372,-0.9371021,0
-0.8406621,0.10243416,-0.918112,1
-0.15315974,0.66289616,-0.9574272,2
0.045262754,0.82994694,-0.9257659,2
0.31269193,0.19049814,-0.89243567,2
-0.6522416,0.27404222,-0.9495423,0
-0.8408562,0.09644964,-0.91236585,1
-0.31222183,0.77233523,-0.92546403,2
-0.69642746,0.23901254,-0.9155958,1
-0.5998083,0.20032707,-0.9605454,0
-0.28568435,-0.12683591,-0.8986295,0
-0.92808664,-0.033537686,-0.9274586,0
-0.6139273,0.6554724,-0.85996294,1
-0.35575417,0.7907041,-0.9181413,2
-0.06378791,0.4797591,-0.9758689,2
0.06362671,0.22145063,-0.96511567,2
-0.9522829,-0.10117614,-0.9215259,0
-0.30661166,0.8057656,-0.91729134,2
-0.8221586,0.38345283,-0.8594245,1
-0.4934322,0.6433805,-0.90923226,1
-0.42203555,0.8145308,-0.90518326,2
-0.82952964,0.03229931,-0.9432217,0
-0.6781937,0.33264813,-0.907876,2
-0.10226157,-0.39022636,-0.95490456,0
-0.27178863,0.5768567,-0.93472946,2
-0.57684493,0.16111515,-0.96841115,0
-0.8363596,0.27873537,-0.8715224,1
0.10855061,0.4665306,-0.8973523,2
-0.8251289,0.1335091,-0.91471195,1
-0.6639659,0.14889234,-0.9600811,1
-0.24265854,-0.30581695,-0.93555063,0
-0.010261595,-0.24091858,-0.89562273,0
0.20254606,0.6697037,-0.9567055,2
0.00042551756,0.39314592,-0.9235962,2
-0.8046407,0.49111325,-0.8552959,1
-0.7881396,0.48222542,-0.8587318,1
-0.5350226,-0.3354903,-0.95082694,0
0.66992,-0.09540433,-0.87156826,2
-0.8721084,0.120585725,-0.89636666,0
-0.10065201,0.45502168,-0.9655077,2
-0.18168828,-0.14242992,-0.93270147,2
-0.7813843,0.2910656,-0.8827705,1
-0.502807,0.59341276,-0.92200714,1
-0.49339917,-0.03514108,-0.97743267,0
0.13023353,0.5932015,-0.94850874,2
0.54704887,-0.55443054,-0.8485762,2
-0.79709494,0.46464622,-0.8539576,1
-0.67537785,0.36857456,-0.943992,0
-0.5671784,0.5682074,-0.91483265,0
-0.3691672,0.7750093,-0.9251701,2
-0.69131565,0.5940755,-0.84969515,1
-0.72513354,0.22195053,-0.9028196,0
0.16159874,0.013807207,-0.9090732,2
-0.21045944,0.30038577,-0.9764204,2
-0.56536174,0.6580348,-0.89350194,2
-0.6873452,0.06162983,-0.96432275,0
-0.845631,0.26203156,-0.8921783,1
-0.80088747,0.27706373,-0.885189,1
-0.18632004,-0.21857557,-0.95430046,0
-0.7647062,0.18997926,-0.95311946,0
-0.8959471,0.019590646,-0.90544873,1
0.2723117,0.17450052,-0.91123617,2
0.08081597,0.36418816,-0.96588683,2
0.5527819,-0.63191926,-0.7904222,2
-0.7821859,0.5070311,-0.8617418,1
-0.51538414,0.35041648,-0.94879025,1
-0.8677914,-0.023532301,-0.9463703,0
-0.16395092,0.70079714,-0.95723724,2
-0.5952945,0.21912546,-0.94859576,1
-0.35521692,0.7555909,-0.93366677,2
-0.7079483,0.32426637,-0.917405,0
-0.6100685,0.27945662,-0.95283633,0
-0.92604613,0.04989201,-0.9111329,0
-0.056633085,0.46867412,-0.9641586,2
-0.93316025,-0.07765621,-0.93469745,0
-0.86872315,0.047373846,-0.9268655,0
-0.8156071,0.4485098,-0.84871733,1
-0.21088856,0.47479713,-0.9663242,2
-0.96428066,0.034505412,-0.9008379,0
-0.59506935,0.31613046,-0.9609417,0
-0.6808164,0.20541874,-0.9467856,1
-0.74480164,0.61484003,-0.86130804,1
-0.7174092,0.054017514,-0.9736847,0
-0.38346225,0.7529086,-0.92530316,2
-0.7666431,0.31384456,-0.90906376,1
-0.8793744,-0.0658735,-0.9518468,0
-0.8349948,0.12621944,-0.9486198,0
0.08644885,-0.48473626,-0.9118237,0
0.31769425,0.116942644,-0.95335305,2
-0.37930512,0.44028717,-0.95692027,2
-0.7629303,0.31880373,-0.931957,0
-0.5402704,0.56499976,-0.92384166,2
-0.7939131,0.29067162,-0.8931617,1
-0.36277187,0.63067156,-0.94427043,2
0.56392807,0.09186512,-0.89552706,2
-0.77905774,0.4090079,-0.8770834,1
0.2875055,0.0687615,-0.8767051,2
-0.8738537,0.035910442,-0.91247076,1
0.46912545,0.31413254,-0.897761,2
-0.45216808,0.42160994,-0.9473633,1
-0.7602836,0.4847592,-0.86307204,1
-0.8341474,0.1023086,-0.92400885,1
-0.41737136,0.45942333,-0.9559793,0
0.4817602,-0.2205649,-0.8738496,2
-0.417207,0.70579743,-0.8927033,2
-0.8480499,0.049389377,-0.9435731,0
-0.79409635,0.21674742,-0.8884697,1
0.15000361,0.6588727,-0.95703673,2
0.18990594,0.5054775,-0.95632625,2
-0.11231366,-0.44697708,-0.89658093,2
0.03548774,0.290844,-0.955451,2
-0.2127524,0.7926198,-0.9275784,2
0.14477807,0.3551021,-0.92810106,2
-0.22620568,0.40337306,-0.96479714,2
-0.8824494,0.075681865,-0.9220364,0
-0.15212676,0.7344414,-0.9438144,2
-0.5236297,0.3056344,-0.9465922,0
-0.7393277,0.010647535,-0.97665036,0
-0.3875566,0.356739,-0.937532,0
0.5795993,-0.5044137,-0.8152543,2
-0.5445406,0.25255626,-0.9745297,0
-0.8208192,0.2486496,-0.9152139,0
-0.6364431,0.29187134,-0.9557155,0
-0.89595413,-0.06988427,-0.94673634,0
-0.83134854,0.052618712,-0.9509169,0
-0.8927041,0.27865386,-0.8727363,0
-0.7924675,0.34451073,-0.8808657,1
-0.28766066,0.381252,-0.9565233,2
-0.44626626,0.6045771,-0.9329807,2
-0.49910823,0.9073919,-0.86130524,2
-0.8342721,-0.017938912,-0.9480064,1
0.12193096,0.5043178,-0.9589694,2
-0.46845213,0.43460894,-0.93826836,2
-0.24298967,-0.10063416,-0.9595271,0
-0.55698854,-0.50967586,-0.9538814,0
-0.6622746,0.49419284,-0.90839297,1
-0.20922142,0.65091485,-0.9269808,1
-0.56423604,-0.099743426,-0.9851488,0
-0.82722735,0.28911,-0.88456124,1
-0.07362816,0.69640666,-0.949704,2
-0.8895408,-0.08040187,-0.9452267,1
-0.76094836,0.25703546,-0.9225252,1
-0.69572663,0.622061,-0.8558899,1
-0.84087074,0.0037391484,-0.9517447,1
-0.8181081,0.027598679,-0.9453002,1
-0.39215282,0.5204755,-0.9163634,1
-0.47002015,0.54834944,-0.924737,2
-0.12883285,0.6506722,-0.9515946,2
-0.7388721,0.48449725,-0.8779569,1
-0.07375261,0.53682333,-0.9660632,2
-0.53977543,0.1904887,-0.9638858,1
0.06621951,0.73444223,-0.9519061,2
-0.4047649,0.82245374,-0.90393007,1
0.13505411,0.85987055,-0.8959768,2
-0.47786337,0.6409247,-0.9001233,2
-0.33836338,-0.16884488,-0.9418349,0
-0.33050573,0.630296,-0.9524271,2
-0.29332578,0.55112135,-0.92367435,2
-0.89896667,0.040560946,-0.9245518,0
-0.8570657,-0.022288859,-0.94222283,0
-0.6977003,0.41916013,-0.9094139,0
-0.6267835,0.04415661,-0.9792654,0
-0.13696137,0.6170918,-0.9401453,2
-0.29554957,0.2712111,-0.97007424,2
0.17414701,0.5760516,-0.92373747,2
0.34042716,0.052266374,-0.9007984,2
-0.5781206,0.33827543,-0.8883412,1
-0.4217414,0.5171528,-0.9573007,2
-0.85722405,0.2649385,-0.883071,1
-0.52439684,0.5936593,-0.90197206,1
0.6024844,-0.058443487,-0.8991934,2
-0.2596586,-0.28479546,-0.9571614,2
0.35252124,-0.036510438,-0.8929248,2
-0.80389977,0.53777725,-0.84639925,1
-0.6918512,0.30173028,-0.87021226,0
-0.82403183,0.37068135,-0.8633147,1
-0.46638554,0.6081517,-0.9184737,2
-0.30995792,0.804087,-0.9153592,2
-0.69772875,-0.072043836,-0.9726282,0
-0.8354944,0.34471983,-0.88929266,1
-0.8018313,0.2539601,-0.9155061,0
-0.70642865,0.084690064,-0.9799619,0
-0.8434683,0.1872487,-0.88884586,1
-0.88387233,0.20861802,-0.8903252,1
-0.79556966,0.1435246,-0.93865,0
-0.8144188,0.29327336,-0.88541883,1
-0.83851796,0.359612,-0.87493163,1
-0.09097135,0.6919638,-0.935993,2
-0.7735282,0.45500422,-0.8611965,0
-0.6485858,0.3289859,-0.931934,1
0.38507354,0.010363698,-0.90047544,2
-0.6464056,0.24133639,-0.94353646,1
-0.84900486,0.13117702,-0.8980782,1
-0.7473651,0.09375101,-0.92823267,0
-0.48799905,0.42587078,-0.9214909,2
-0.42891234,0.48965132,-0.94781774,1
-0.81112134,0.20593631,-0.91518515,0
0.41855282,-0.18445352,-0.9039525,2
0.062621236,0.89133596,-0.94246745,2
-0.8340829,0.16946442,-0.90850735,1
-0.6605542,0.27804574,-0.9293742,1
-0.79575884,0.42457277,-0.88189906,1
-0.23571488,0.68002915,-0.94365835,2
-0.82315934,0.3102428,-0.8734452,1
-0.13365746,0.55066216,-0.9589683,2
0.23008525,0.3784034,-0.90317136,2
-0.86494786,-0.0017040074,-0.9436543,0
-0.85166806,0.13452071,-0.89356834,1
-0.13551778,0.600376,-0.9282607,0
-0.6869738,0.662223,-0.8612853,1
-0.6432761,0.57989895,-0.9024101,1
-0.12219337,0.70342743,-0.956999,2
-0.70720196,0.38541085,-0.9127474,0
-0.14678538,0.75428975,-0.9515852,2
-0.84271646,0.11503519,-0.9276361,0
-0.120813936,0.71440864,-0.9076592,0
0.011824578,-0.70955133,-0.8981709,0
-0.8826739,0.22608343,-0.87933666,1
-0.82928115,0.1494997,-0.92433625,0
-0.85894823,0.155756,-0.8862608,1
0.19338107,0.7363373,-0.95329565,2
0.34939855,0.4644575,-0.95088977,2
-0.30581397,0.08749448,-0.95537585,0
-0.7077208,0.43166855,-0.89891905,0
-0.7982544,0.281686,-0.89066637,0
-0.8255818,0.22362621,-0.9000605,1
-0.84718704,0.2508516,-0.8887973,1
-0.86694825,0.060132056,-0.9215516,0
-0.8123077,0.07250166,-0.94629693,0
-0.2039696,0.5442319,-0.96657354,2
-0.34349385,-0.5132004,-0.9456267,0
-0.0555647,0.6970269,-0.9540745,2
0.2289514,0.38202167,-0.9244606,2
-0.80787355,0.07421355,-0.9369576,1
-0.77981603,-0.02599591,-0.97667825,0
-0.91957223,-0.089586884,-0.94108367,0
-0.85991114,-0.041284263,-0.96116495,0
-0.54467994,-0.1712735,-0.96699804,0
-0.4767355,-0.24533457,-0.96709037,0
-0.8742728,-0.04073757,-0.93767357,1
-0.8403778,0.16323896,-0.90216154,1
-0.83548903,0.22247383,-0.8987084,1
-0.13609335,0.44352785,-0.96881706,2
-0.65465087,0.41220888,-0.93922085,0
-0.41413236,0.5012757,-0.9360894,2
-0.122986615,0.82780164,-0.9388243,2
-0.8057661,0.4536264,-0.83410245,1
0.018024892,-0.7356148,-0.9215883,0
-0.5051161,0.8236752,-0.88606834,2
-0.1212697,0.6354952,-0.960916,2
-0.77728665,0.41747263,-0.86295533,1
-0.7462678,0.2962761,-0.9112929,1
-0.8008785,0.30676737,-0.88995874,1
-0.8422978,0.018161535,-0.9350217,1
0.1784265,0.3433269,-0.9318307,2
-0.7281087,0.39765644,-0.89487237,0
0.33013493,0.55581236,-0.8576238,2
-0.23458512,0.559469,-0.939469,1
-0.4655344,0.38722885,-0.938492,0
-0.7896812,0.4542042,-0.86201525,0
-0.80437493,0.44188684,-0.8766218,1
-0.7356471,0.10251081,-0.9200525,0
0.38693547,0.122672334,-0.902037,2
0.058757186,0.40581498,-0.94378746,2
-0.86018324,0.041658044,-0.93504083,0
-0.064169586,0.5780186,-0.95040864,1
-0.25111526,-0.16566369,-0.9544675,0
-0.24095221,0.91896665,-0.9249881,2
-0.19752163,-0.7436838,-0.9237466,0
-0.81535554,0.13377091,-0.9103985,1
-0.2680544,-0.38404977,-0.91890115,0
-0.14772677,0.43635225,-0.9409621,2
-0.77427983,0.37764832,-0.8922404,0
-0.4017523,0.20883766,-0.9719034,2
-0.5678385,0.19560315,-0.9693817,0
0.37339503,0.2536327,-0.8806822,2
0.012960732,0.45683467,-0.9546161,0
0.54037744,-0.35479087,-0.8589507,2
-0.8276323,0.24991053,-0.89533687,1
-0.3273733,0.68544215,-0.9406102,2
-0.29512668,-0.4127316,-0.9019953,2
-0.858991,0.32172328,-0.87035906,1
-0.26184118,-0.7342174,-0.91705906,0
-0.86986846,-0.07844332,-0.96183157,0
-0.54850113,0.5130769,-0.92737794,1
-0.31897002,0.7950382,-0.92423713,2
-0.29561323,0.35898983,-0.97826433,0
-0.76628876,-0.007981032,-0.96676373,0
-0.7822494,0.44717714,-0.8763101,1
-0.78332496,0.050112396,-0.9675755,0
-0.82473075,0.32148984,-0.87197083,1
-0.82010734,0.31382045,-0.8795327,1
-0.21370709,0.6028048,-0.93246275,2
-0.6307128,0.24395429,-0.9707493,0
-0.15317756,-0.14490849,-0.9582998,0
0.15695351,-0.083426625,-0.8955837,2
-0.54413867,-0.37267208,-0.9603706,0
-0.8262862,0.33143342,-0.86661917,1
0.3568912,0.45943034,-0.9058625,2
-0.6722633,0.19708568,-0.962707,0
0.3851472,0.3287663,-0.95697844,2
-0.4150708,0.80195194,-0.9140746,2
-0.5353667,0.4436218,-0.9312811,1
-0.7282781,0.3760788,-0.8927298,1
-0.3724299,0.76179683,-0.9309933,2
-0.65132606,0.5291108,-0.892138,1
-0.64965117,-0.2625755,-0.96836084,0
-0.8956327,0.24934031,-0.8738963,1
-0.21272218,0.77884,-0.9416213,2
-0.9182027,0.05604072,-0.9145618,0
0.23668122,0.47036374,-0.94555885,2
-0.8285794,0.35182273,-0.8799746,1
-0.78159523,0.49977583,-0.8600029,1
-0.5045525,0.09808588,-0.99085736,0
-0.74848104,0.4301712,-0.8826134,1
-0.7736669,0.23049948,-0.921841,0
0.46073562,0.41435224,-0.93037343,2
-0.44432372,0.6294259,-0.9184907,1
-0.42480025,0.86710745,-0.889504,2
0.04579985,0.53708035,-0.9620209,2
-0.041864216,0.30208367,-0.9707403,2
-0.6950079,0.09884882,-0.973752,0
-0.048888296,0.10103011,-0.924687,0
-0.75127465,0.5224196,-0.8601231,1
-0.81918466,0.22837168,-0.89830494,1
-0.8707348,0.00892517,-0.94890827,0
-0.85150933,0.17694518,-0.9017591,1
0.089978635,0.60928345,-0.88697755,2
0.008702368,0.84740144,-0.9537419,2
-0.62181884,-0.30231082,-0.97164387,0
0.1548686,0.62298,-0.9472556,2
-0.7588886,0.16204357,-0.95558035,0
-0.8698062,-0.019947857,-0.9466488,0
-0.954147,-0.04467064,-0.913978,0
-0.56118083,0.643092,-0.89016193,1
-0.52552575,0.10622233,-0.9832075,0
0.011954516,0.70667124,-0.9366271,2
-0.8643794,0.2703605,-0.8686138,1
-0.71127355,0.262559,-0.94431895,0
-0.7540666,0.31499848,-0.9127846,0
-0.14721417,0.6555413,-0.95106846,2
0.096318305,-0.64157397,-0.9338188,0
0.113836765,-0.07227966,-0.95808166,2
0.14206445,-0.46545285,-0.8813343,2
-0.70569354,0.4846533,-0.87808454,1
-0.9299747,-0.014018863,-0.92302203,0
-0.7654364,0.29692292,-0.89324373,1
-0.7447479,0.24509536,-0.91946274,1
0.1484313,-0.16474971,-0.8951865,2
0.47812068,-0.4951588,-0.8374149,2
-0.45925212,0.59728235,-0.9153772,2
-0.7958251,0.38059923,-0.8697724,1
-0.6698351,0.3883822,-0.939216,0
-0.39742738,0.6299572,-0.9300331,2
-0.77625716,0.5413645,-0.85749185,1
-0.75728905,0.50992954,-0.8750409,1
-0.7776981,-0.024161309,-0.96549594,0
-0.32661897,0.05240737,-0.95007557,0
-0.21034953,-0.22183263,-0.97583234,0
-0.13259774,0.78962845,-0.93276274,2
-0.50397146,0.5880194,-0.9048223,1
-0.4045646,0.661764,-0.9067475,1
-0.06879449,0.44759744,-0.9508896,2
-0.650332,0.4349264,-0.89982545,1
-0.5623423,0.21785855,-0.9581749,0
0.16181141,1.0,-0.9421892,2
-0.3072797,0.14899118,-0.9661563,2
-0.26318532,-0.510553,-0.9498215,0
-0.25267074,0.74119425,-0.94373417,2
-0.69180673,0.5187612,-0.89303917,1
-0.5215625,0.18874824,-0.9883071,1
-0.39590397,-0.604884,-0.9178386,0
-0.49875832,0.6335069,-0.9007802,2
-0.8696693,0.20291416,-0.8742271,1
-0.62655103,0.13956778,-0.9737409,0
0.5309675,0.47995466,-0.93877167,2
0.073931575,0.47099477,-0.9569246,2
-0.8199359,0.2565907,-0.8863582,1
0.11156297,0.69870627,-0.9314292,2
-0.41083965,0.22538874,-0.9758826,0
-0.7391107,0.47498116,-0.8811825,0
0.3350953,-0.35570145,-0.8545914,2
-0.4524362,0.6585901,-0.9236089,2
-0.78220165,0.1695951,-0.9038792,0
-0.67425984,0.41271985,-0.90177506,1
0.3540305,-0.03722483,-0.8869231,2
-0.44336742,-0.40235585,-0.9462783,0
-0.83866656,0.21451496,-0.8925347,1
-0.6481073,0.7197474,-0.8622599,1
-0.209954,0.2659476,-0.9683899,2
-0.777498,0.53662515,-0.8517102,1
0.39529854,0.1386814,-0.87914306,2
0.3793773,0.3073923,-0.8932958,2
-0.2930003,-0.579168,-0.9014504,0
-0.46972495,0.057890877,-0.9800738,0
-0.72313535,0.6132859,-0.8285231,1
-0.93741715,-0.15160584,-0.9455347,0
0.060203552,0.4315403,-0.9661391,2
-0.71271706,0.4377483,-0.88297987,1
-0.45798978,0.35351226,-0.9739522,0
0.045923054,0.26820332,-0.9567689,2
-0.61590314,0.10979754,-0.96092594,2
-0.65049195,0.3685134,-0.9285305,1
-0.7014861,0.28110263,-0.9268113,1
-0.20617452,0.7579719,-0.874997,1
-0.21774183,0.6657162,-0.9309872,2
-0.43284726,0.4789952,-0.9349418,1
0.4244272,-0.27786314,-0.9184271,2
-0.47111824,0.49332446,-0.9432341,2
0.5418996,-0.18744814,-0.85303867,2
-0.112384856,0.61661303,-0.9153004,2
-0.81723183,0.53592014,-0.82748973,1
-0.87127966,0.11836925,-0.93049407,0
-0.20882583,0.2078287,-0.9688264,0
-0.50086236,0.35404584,-0.9475805,2
0.3474037,-0.63324136,-0.8171674,2
-0.46460888,0.74630487,-0.89637554,2
-0.83604956,0.053479955,-0.94200325,0
-0.76641107,0.17007005,-0.9389127,1
-0.54628086,0.6593189,-0.90779126,2
-0.1952678,0.7298169,-0.95063937,2
-0.86268765,-0.046708047,-0.9459662,0
-0.8361254,0.2003831,-0.8902465,1
-0.96639943,0.072341576,-0.8927664,0
-0.7917696,0.105351925,-0.92442214,1
-0.53078413,0.72907484,-0.87555563,2
-0.6848851,0.47365075,-0.90659803,1
0.5451749,-0.014398932,-0.8563508,2
-0.68408334,0.34195745,-0.9121769,1
-0.465884,0.5056895,-0.9288072,1
-0.8172467,0.45548096,-0.8437785,1
-0.8419409,0.24812867,-0.8835684,1
-0.44258693,0.59346914,-0.9354286,2
-0.394049,0.6960482,-0.9262972,2
0.43273973,-0.59529644,-0.82406723,2
0.11268574,0.51662207,-0.89967275,2
-0.34153467,0.55170226,-0.946171,2
0.51220846,0.18087226,-0.9018933,2
-0.75229025,0.51598155,-0.8726065,1
-0.7210709,0.38649118,-0.9188734,0
-0.48754826,0.05726883,-0.974525,0
-0.8213955,0.32438168,-0.8616344,1
-0.7465071,0.44893774,-0.8774891,1
-0.7519505,0.43036968,-0.8939214,0
-0.75463796,0.52648765,-0.857263,1
-0.8152298,0.2798254,-0.8787641,1
-0.07869941,0.1866546,-0.9731738,0
-0.5328865,0.54248154,-0.91220796,1
0.1568346,0.41476703,-0.9321942,2
-0.03452441,0.78450656,-0.95128226,2
0.49195123,-0.44815385,-0.8198976,2
-0.3022406,-0.062274247,-0.95790154,2
-0.64764583,0.4226573,-0.91146153,2
-0.9035059,-0.11135477,-0.9558562,0
-0.85596645,-0.06117326,-0.96270347,0
0.29383433,0.45469385,-0.95624954,2
-0.30828708,0.7765674,-0.9363915,2
-0.775705,0.28699413,-0.9094405,0
-0.9424546,0.08239618,-0.86600655,1
-0.8535765,0.061381772,-0.92785937,0
-0.23438103,0.68124604,-0.9373375,2
0.13668048,0.8240614,-0.9568021,2
0.2095108,0.106233075,-0.90544546,2
-0.12136909,0.74131596,-0.95034456,2
0.56402403,-0.5562206,-0.78605944,2
-0.61110574,0.4713484,-0.9229125,1
-0.8529079,-0.07047826,-0.9635696,0
-0.42370015,-0.22430122,-0.92905086,0
-0.6175531,0.24390022,-0.9508127,2
-0.7937932,0.24356025,-0.9182019,0
-0.8156044,0.26734146,-0.87312245,1
-0.7589193,0.4745664,-0.8802794,0
-0.83687055,0.14795263,-0.91594476,1
-0.85896593,0.12661959,-0.89901334,1
-0.5031684,0.569052,-0.9125839,1
-0.80978316,-0.051958382,-0.97184414,0
-0.569523,0.5834079,-0.8944597,1
-0.8114191,0.29071987,-0.87856925,1
-0.79240847,0.019917667,-0.9636505,0
-0.8462448,0.11178152,-0.91992754,0
-0.010733962,-0.28238624,-0.87483346,0
-0.30183268,0.7190306,-0.90486115,2
-0.39386943,0.58660257,-0.9329073,1
-0.90419936,-0.16672802,-0.96067333,0
-0.9016589,-0.05072534,-0.9472843,0
-0.10639945,0.77605987,-0.9479902,2
-0.3113248,0.76147866,-0.9258672,2
-0.6659352,0.40802765,-0.92173386,0
-0.23498158,-0.27676827,-0.914497,0
-0.2535987,0.6920269,-0.942281,2
-0.64378124,-0.04073298,-0.98072517,0
-0.06643459,-0.31119198,-0.9291313,0
-0.8306159,0.20318463,-0.9000953,1
-0.8767877,-0.03209436,-0.95075846,0
-0.9075309,0.06817652,-0.8936232,1
-0.7206592,-0.13579082,-0.98291844,0
0.26364416,0.75617576,-0.9367918,2
0.1629721,0.27564391,-0.9640983,2
-0.5502923,-0.20536634,-0.9851927,0
-0.8776032,-0.06666815,-0.94101673,0
-0.46075845,0.79082984,-0.8950314,0
-0.77267087,0.30106437,-0.9040161,1
-0.58880657,0.28237745,-0.98221135,0
-0.80992997,0.20059234,-0.8974588,0
-0.09774238,0.050519854,-0.9585523,2
-0.8066423,0.2402584,-0.88278073,0
-0.25355458,0.6284275,-0.94075465,2
-0.20559955,0.7984628,-0.92747676,2
-0.88814694,0.21864365,-0.86924845,1
0.41337276,0.10297118,-0.93819183,2
-0.6910969,0.66183037,-0.85211724,1
-0.8365617,0.19350919,-0.8930562,1
-0.41689065,0.055129275,-0.9835867,0
0.17125148,0.0027626157,-0.923735,2
-0.39483994,-0.2404648,-0.9752174,0
-0.08535132,0.30381498,-0.94837797,2
-0.2361895,0.63124496,-0.95406216,2
0.046914876,0.7366263,-0.92551094,2
-0.84786224,0.030931398,-0.94403714,0
-0.7395614,0.25282335,-0.9318918,0
-0.45322078,0.75320697,-0.911375,2
-0.8581146,0.04397942,-0.925576,1
0.054518104,-0.16496563,-0.9110943,2
-0.612799,0.4714268,-0.9166196,1
-0.73164254,0.0044905543,-0.97549015,0
-0.75870186,0.5988599,-0.8458816,1
-0.8695257,0.19441602,-0.88853574,1
-0.4607343,-0.23209202,-0.95300174,0
-0.4302078,0.2790759,-0.94946456,2
-0.7765321,0.2851876,-0.91087073,0
-0.7003356,0.40783328,-0.89815927,1
-0.81479573,0.33060277,-0.8736371,1
-0.7242828,-0.016280055,-0.9888394,0
-0.61206216,0.55806,-0.9012737,2
-0.5654309,0.35558683,-0.94209903,0
-0.8607481,-0.06169343,-0.9649791,0
-0.77095735,0.29497632,-0.8993389,1
-0.7336734,0.35856423,-0.8980596,0
-0.41567,0.7376443,-0.9050478,2
-1.0,-0.15662819,-0.9374783,0
-0.8700628,0.16440558,-0.9089634,0
-0.82751966,0.34084636,-0.86702126,1
-0.8373741,0.035649702,-0.9575929,0
-0.39633536,0.846464,-0.90579903,1
-0.92185116,0.040422186,-0.9152336,0
-0.82682264,0.27144292,-0.8837699,1
-0.85739493,-0.009847134,-0.9397954,1
-0.114815444,0.3496082,-0.97117215,2
-0.8350546,0.19053993,-0.9239367,0
-0.40872312,0.6524714,-0.930116,1
0.6604102,0.09956534,-0.9037095,2
-0.66767454,0.69590676,-0.8677344,1
-0.2656269,0.25468364,-0.97392863,2
0.13517272,0.54262173,-0.93844837,2
-0.76315904,0.3421564,-0.8963729,1
0.4516219,-0.54717153,-0.8301015,2
0.24489403,0.606062,-0.91357356,2
-0.30011874,0.12295745,-0.9695977,2
-0.72493696,0.27793008,-0.9361381,0
-0.83026063,0.25577217,-0.8896871,1
-0.55298924,0.35841405,-0.9587468,2
-0.5969654,0.37823102,-0.93010324,1
-0.5766565,0.34055483,-0.9419591,0
0.025564373,-0.50744104,-0.8790134,2
-0.494151,-0.3730774,-0.9686289,0
-0.3516868,-0.3880747,-0.9441863,0
-0.9146607,-0.09234902,-0.94539917,0
-0.76374483,0.29299805,-0.91855216,0
-0.88706625,0.06704943,-0.90456486,1
0.03215295,0.5474756,-0.90521556,2
-0.5103359,0.3080044,-0.959648,0
-0.3788458,0.28942624,-0.97831064,2
-0.8532561,0.023237705,-0.9436389,0
-0.8616501,0.23162635,-0.88432723,1
-0.94851524,-0.15279493,-0.93888205,0
-0.06874105,0.57092404,-0.9262348,0
-0.781703,0.5705942,-0.8441466,0
-0.8508674,0.36747918,-0.8515675,1
-0.8058703,0.37974408,-0.87194896,1
-0.80510175,0.45092168,-0.8551712,1
0.24005055,0.72998524,-0.9141016,2
-0.75863373,0.47540838,-0.873621,1
-0.20551842,0.46764582,-0.93702686,0
-0.007888198,0.51783824,-0.94539046,2
0.5257493,-0.43585324,-0.9004905,2
-0.7406182,0.46492076,-0.88157773,1
-0.09134868,0.68788135,-0.94458634,2
0.47647542,-0.059983015,-0.8721529,2
-0.89781713,-0.0030141175,-0.9325204,0
0.18781978,-0.17253369,-0.87544864,2
-0.6612139,0.7855891,-0.8472616,1
-0.7454852,0.40027654,-0.894821,1
0.029436946,0.41115236,-0.9565856,2
-0.8058053,0.124547005,-0.9450249,0
-0.7620881,0.31662178,-0.914058,0
-0.88128006,-0.090225756,-0.94550127,1
-0.8815228,-0.004428029,-0.92711747,1
-0.09511775,-0.0011137426,-0.9117789,2
-0.13129061,0.6936655,-0.9534803,2
-0.35059178,0.124410704,-0.9706879,0
-0.8160542,0.07926053,-0.8958997,1
-0.87191105,-0.07092163,-0.95839226,0
0.33906525,-0.49099523,-0.85977924,2
-0.5463019,0.26126483,-0.95515597,0
-0.8770678,0.018065512,-0.9412695,0
-0.58327,0.4020297,-0.93683314,1
-0.607252,0.059345037,-0.9843897,0
-0.8273488,-0.092383,-0.97612184,1
-0.8604312,0.3115421,-0.8710869,1
-0.18593308,0.6718974,-0.95300156,2
0.065309525,0.8342484,-0.95863867,2
-0.5738109,0.48813272,-0.91681826,1
-0.77409256,0.30184728,-0.913463,1
-0.67540824,-0.077798605,-0.97957045,0
-0.21831271,0.7748268,-0.9471504,1
-0.58796436,0.3169105,-0.9423137,1
-0.6024304,0.33648962,-0.94355917,1
-0.5311706,0.76440275,-0.882622,2
-0.465488,0.3919016,-0.9625934,0
-0.83927715,0.2904772,-0.8770884,1
-0.76053363,0.28265187,-0.91856724,1
-0.8051739,0.11878447,-0.938839,0
-0.25779998,-0.4625249,-0.9535219,0
-0.8174493,0.25496003,-0.8917692,1
0.17376935,0.2775327,-0.94891536,2
-0.3646922,-0.0008555651,-0.9860826,0
-0.36354512,0.33162004,-0.96908826,0
-0.068906516,0.83096397,-0.9512248,2
-0.6798753,0.04266502,-0.9694326,1
-0.772416,0.4030754,-0.870124,1
-0.34892365,-0.10066521,-0.96838784,0
-0.8747274,0.38580364,-0.84250706,1
0.13546115,0.61745065,-0.9443258,2
-0.8391554,0.19899969,-0.8958348,1
-0.8268065,0.109628245,-0.9426311,0
-0.20043218,0.64629674,-0.9580598,2
-0.7183564,0.7057054,-0.8402265,1
-0.5987826,0.48663992,-0.91015124,2
-0.8747996,-0.085627556,-0.9568644,0
-0.8646761,-0.060911417,-0.9476795,1
-0.7784004,0.37375858,-0.87310135,1
-0.13036674,0.8326446,-0.9212459,2
-0.37332147,0.535423,-0.96006125,0
-0.8855121,-0.06123939,-0.95583075,0
-0.7534371,0.014823705,-0.9673151,0
0.39402306,0.28663948,-0.896401,2
-0.51119864,0.46512288,-0.9264208,2
0.4729386,-0.033037722,-0.87818104,2
0.32418203,-0.05978161,-0.92947334,2
-0.78656065,0.36318347,-0.8854558,1
-0.4134291,-0.064771384,-0.9706557,0
-0.81516767,0.28734824,-0.8899202,1
-0.840937,0.15350865,-0.89989424,1
-0.48459628,0.49733925,-0.9479024,2
-0.50542927,0.60950124,-0.91172916,0
-0.7617717,0.2555376,-0.92278314,0
-0.82683504,-0.085528105,-0.97058094,0
-0.6410568,-0.17174345,-0.982535,0
-0.57205915,-0.11913419,-0.99978185,0
0.030023783,0.81329674,-0.9505484,2
-0.3675729,0.6634608,-0.93792313,2
-0.41760266,0.7966471,-0.8974773,2
-0.85120803,0.065149486,-0.9393469,0
-0.65404326,0.247524,-0.94550115,0
-0.574245,0.36280808,-0.9350487,1
-0.8309014,-0.057638466,-0.9797224,0
-0.77449644,0.12914512,-0.9629729,0
-0.55230856,-0.103737354,-0.9836312,0
-0.110090256,0.4177091,-0.97259593,2
-0.7622111,0.2670698,-0.91637117,0
-0.84925985,0.25705463,-0.85987335,1
-0.07613659,0.32632652,-0.98152876,2
-0.10474762,0.17677587,-0.9608736,0
-0.35543975,0.6888444,-0.92616177,2
-0.88349926,-0.050349504,-0.9424648,0
-0.9493935,-0.15902355,-0.9446279,0
-0.8492902,0.25465918,-0.8843249,1
0.13520885,0.4959401,-0.9669232,2
-0.48729783,0.78147775,-0.8923917,2
-0.30537793,0.7125966,-0.93062085,2
-0.46905205,0.6058778,-0.9201195,1
-0.2655323,0.8394892,-0.9355204,2
-0.54474145,0.8465138,-0.87436694,1
-0.3838115,0.08252895,-0.94856113,0
-0.41977203,0.66469586,-0.9223435,2
0.058771074,-0.6565166,-0.5284468,0
-0.33446813,0.72686625,-0.92983234,2
-0.7130581,0.3224713,-0.9288084,0
-0.8272082,0.06983234,-0.9250861,1
-0.7625183,0.16689989,-0.93522763,0
-0.77191687,0.5565198,-0.83468974,1
-0.4302891,0.57804483,-0.9391424,0
0.2134602,0.16638374,-0.89466393,2
-0.79009914,0.13752076,-0.9322999,1
-0.06081912,0.5676416,-0.91526175,2
-0.289728,0.6626277,-0.94492453,2
0.0038391948,0.024212807,-0.9207344,0
-0.9495478,-0.0029459894,-0.91877884,0
0.4755348,-0.0659571,-0.93588257,2
-0.23837511,0.7533997,-0.93561655,2
-0.5277852,0.8820174,-0.86659753,1
0.31196105,0.085013285,-0.94439805,2
0.2638662,0.5487467,-0.9362711,2
-0.119249076,0.6062967,-0.95262635,2
-0.76280826,0.34759688,-0.8999132,1
-0.5957118,0.4091342,-0.93109065,1
0.17125612,0.016007572,-0.8326867,0
-0.554942,0.34660017,-0.94682163,0
-0.3767744,0.69814813,-0.9347544,2
-0.80430675,0.36288828,-0.87284607,1
-0.8263204,0.23261987,-0.9049507,1
-0.768576,0.34079164,-0.88345027,1
-0.8093091,0.25140843,-0.8797915,1
-0.31474268,0.87705815,-0.9193243,2
-0.40611613,0.691962,-0.89171255,2
-0.46770397,0.6606712,-0.90688854,2
-0.8143667,0.3266836,-0.81651515,0
0.1392228,-0.48920977,-0.86505747,2
-0.70556724,0.6759407,-0.85318375,1
-0.18147212,0.74468875,-0.9364987,2
-0.27500185,0.72961754,-0.950486,2
-0.7735661,0.5185848,-0.8575665,1
-0.83072925,0.037577927,-0.95024526,0
-0.8164555,0.32431936,-0.87046695,1
-0.6256065,0.22677645,-0.9614167,1
-0.6828841,0.39692006,-0.93469524,0
-0.29739243,0.76709104,-0.93764925,1
-0.7414056,0.3161409,-0.91227937,0
-0.3080562,0.0044882596,-0.96135694,0
-0.1568459,0.49953455,-0.9259373,2
0.08712065,0.5693765,-0.9630335,2
-0.81460506,-0.0014478564,-0.95966244,1
-0.85534894,0.13224787,-0.8888676,1
-0.31388962,0.46259457,-0.9581277,2
-0.6375573,-0.048125714,-0.98330045,0
-0.15036419,-0.015504867,-0.96979856,0
-0.7455871,0.406399,-0.8810204,1
-0.33131987,0.815972,-0.90443766,2
-0.41414732,0.59361196,-0.9427772,2
0.59681875,-0.8690437,-0.8646279,2
-0.034155518,0.4876641,-0.9692896,2
-0.59305924,0.39280573,-0.94385314,0
-0.65783286,0.5812532,-0.87646234,1
-0.19865018,0.50744784,-0.9466324,2
-0.05596444,0.76815546,-0.9519632,2
-0.84106576,0.15525302,-0.90498585,1
-0.83324516,0.23102273,-0.87880003,1
-0.18566877,0.65177417,-0.94766134,2
0.18977565,0.49651623,-0.9550598,2
-0.86248845,0.07869534,-0.91371584,0
-0.049853593,0.7707268,-0.94993424,2
0.1678912,0.700232,-0.9213655,2
-0.7195357,0.41253728,-0.91695106,0
-0.71561337,0.19530082,-0.951517,0
-0.64310753,0.2848766,-0.9444698,0
0.46344393,-0.35735124,-0.8668041,2
-0.8204899,0.1740699,-0.8987555,0
-0.0034881234,-0.18401831,-0.95700365,0
-0.30925643,0.82026696,-0.92877865,2
-0.6177086,0.7310376,-0.85637224,1
-0.7087018,0.5960736,-0.86825764,1
-0.55066913,0.76325977,-0.87611717,2
-0.83258694,0.089864686,-0.9145462,1
-0.813988,0.4113947,-0.8473721,1
0.12736934,-0.04056135,-0.89620167,2
-0.24330008,0.5759126,-0.9198429,2
-0.7556,0.42838055,-0.88571745,1
-0.031081796,0.15687893,-0.9336921,0
-0.5860293,0.6357533,-0.8971166,1
-0.6399232,-0.24057579,-0.98003274,0
-0.7795849,0.29098943,-0.9047771,1
-0.47934586,-0.15064636,-0.967738,0
-0.78388655,0.4371495,-0.87913585,1
-0.76333714,0.2963149,-0.9066768,1
0.07364637,0.54972446,-0.9111696,2
0.20989567,0.11564176,-0.8727274,2
-0.5571667,0.45981675,-0.92192113,2
-0.6971035,0.3136902,-0.9157751,1
-0.84695053,-0.007689476,-0.95008796,0
-0.19775614,0.82429534,-0.93870485,1
-0.37534058,0.4326647,-0.9659417,2
-0.35575852,-0.19763404,-0.9448542,0
-0.8385519,0.034694776,-0.9296351,1
-0.6465618,-0.10942158,-0.9810235,0
0.01443848,0.6636207,-0.9364144,2
-0.5466648,-0.02541852,-0.9831121,0
0.20309287,-0.62182355,-0.85023487,0
-0.7836211,0.56296855,-0.85196084,1
0.015559316,0.8257134,-0.9464893,2
-0.77300817,0.24930598,-0.9136902,1
-0.7324062,0.23555753,-0.94751847,0
-0.83162487,0.21697506,-0.89947,1
0.040775895,0.90771097,-0.94560754,2
-0.77486384,0.37008035,-0.89779305,0
0.017947555,-0.06162995,-0.94848174,2
-0.86325073,-0.033648014,-0.9628354,0
-0.66253006,0.0047492683,-0.9352461,0
-0.5675707,0.80876446,-0.8644605,2
-0.22907288,-0.07648051,-0.9424827,0
-0.04904723,0.76665676,-0.9479841,2
-0.56772673,-0.09574744,-0.9841975,0
0.43416595,0.43183917,-0.86179006,2
-0.83212984,0.21035968,-0.8976853,0
-0.66160375,0.5315856,-0.89746875,1
-0.19452822,-0.43949074,-0.90391356,0
-0.67509544,0.44014174,-0.92039263,1
-0.7713418,0.29887128,-0.89708245,1
-0.4912002,0.7484125,-0.87873524,2
-0.61345875,0.3406219,-0.9378054,0
-0.5382468,0.25818166,-0.9391471,0
-0.8810573,-0.15310621,-0.9617225,1
-0.6775662,0.36641034,-0.9071661,1
0.29738814,0.3198809,-0.94358015,2
-0.011832029,0.57414603,-0.90395343,2
-0.8240957,0.40515488,-0.8368552,1
-0.43399948,-0.1901102,-0.9657509,0
-0.68112576,0.46407515,-0.87929875,1
-0.8081459,0.37265754,-0.8724439,1
-0.20743662,0.46551734,-0.9416617,2
-0.5154581,0.47616005,-0.9205419,1
0.08339077,0.77951664,-0.95955074,2
-0.81451744,-0.016276062,-0.9587417,0
-0.29990292,0.6937171,-0.8965398,2
-0.76296324,0.39696473,-0.8982184,1
-0.64137363,0.2480363,-0.93872344,1
-0.9297818,0.056408793,-0.8899527,0
-0.8288168,-0.062720925,-0.9655243,0
0.323425,-0.56389314,-0.8445382,2
0.08191162,0.28956193,-0.9564703,2
-0.8204857,0.14101647,-0.9228781,0
-0.78062123,0.26454407,-0.8995578,1
-0.27895105,0.88204724,-0.9253315,2
-0.72972906,0.5409088,-0.8730485,1
-0.07974625,0.7333516,-0.94206387,2
-0.82936937,0.14663711,-0.9091752,1
-0.26700687,0.9055909,-0.92140174,2
0.27047473,-0.5328008,-0.8379371,2
0.26509768,0.3602088,-0.96172607,2
-0.5348111,0.80018836,-0.8815446,1
-0.22887444,0.7727556,-0.9379808,2
0.08404583,0.36500818,-0.96231955,2
-0.93783855,-0.11290571,-0.9298676,0
0.6781432,-0.22509867,-0.82790554,2
-0.38117516,0.8504884,-0.91379577,2
0.043497503,0.43206042,-0.96829206,2
-0.6575442,0.24176282,-0.9633389,0
-0.39719003,0.5889882,-0.9156913,1
-0.69121075,0.32469213,-0.9017508,1
-0.3756147,0.6984727,-0.92632705,0
-0.2327022,0.65975773,-0.93625134,2
-0.6398524,0.6535763,-0.8583851,1
-0.52582324,0.40070498,-0.9439275,0
-0.78656435,0.16366062,-0.91902226,1
-0.5329335,-0.44881326,-0.9323246,0
-0.35974908,0.58264256,-0.9509849,2
-0.026889443,0.6172097,-0.959287,2
-0.3892491,-0.6972897,-0.93365777,0
-0.7455869,0.31551513,-0.9089967,0
-0.33177757,0.9196753,-0.8922174,2
-0.8885238,-0.08217725,-0.9534213,0
-0.34644836,-0.06864548,-0.9783086,0
0.14875835,0.61940765,-0.94647825,2
-0.02232173,0.5933597,-0.94161457,2
-0.6107613,-0.115972966,-0.9787425,0
-0.8383035,-0.039885223,-0.9461118,1
-0.6467515,0.4298731,-0.8992785,1
0.14816207,0.11509046,-0.92753756,2
0.16541821,0.11333874,-0.92687863,2
-0.7456107,0.4305922,-0.8721711,1
0.011041671,0.49423623,-0.9561109,2
-0.77091384,0.19152386,-0.94086635,0
-0.6652834,-0.52232057,-0.95695686,0
-0.81763774,0.13740626,-0.9258907,1
-0.28765175,-0.4521585,-0.9082714,0
-0.81524855,0.085262954,-0.9321397,1
-0.7695281,0.37349433,-0.8983201,1
-0.8187816,0.38923657,-0.8637579,1
0.006619185,-0.49055004,-0.8656947,0
-0.89198697,-0.042703778,-0.94376683,0
-0.3236568,0.93661004,-0.887558,2
-0.8554815,0.053891122,-0.93719286,0
0.2956246,-0.27432847,-0.84012073,2
-0.62051296,0.17367575,-0.9532165,1
-0.7077911,0.04227288,-0.96903646,0
-0.86520046,0.105398566,-0.9068526,1
-0.0762229,0.77800506,-0.9535306,2
-0.8544013,0.3919685,-0.8427182,1
-0.242601,-0.61127543,-0.92660546,0
-0.6709247,0.43468535,-0.906494,1
-0.5582542,0.6524023,-0.90239704,0
-0.8760499,0.10606708,-0.9051131,1
-0.88803375,0.32846192,-0.84513146,1
-0.5645013,0.61934066,-0.8958431,1
-0.06669915,0.59782284,-0.9608922,2
0.19516432,0.45907015,-0.9484379,2
-0.6299346,0.42131773,-0.90563357,1
-0.49145284,0.61190856,-0.9163706,1
-0.7761332,0.15785816,-0.94609135,0
-0.30033892,0.66535556,-0.9310295,2
-0.765026,0.05074148,-0.96784484,0
-0.64703846,0.5731274,-0.8832928,1
-0.83807606,0.20812139,-0.8867345,1
-0.9408406,-0.13544607,-0.9388789,0
-0.11202344,0.7036357,-0.96040595,2
-0.87615836,-0.08152971,-0.96160525,0
0.6591161,-0.76339006,-0.79865164,2
-0.6044173,0.1922062,-0.9314455,0
-0.93592364,-0.10709223,-0.9361724,0
-0.70849824,0.4947834,-0.88788706,1
-0.11464086,0.60720813,-0.9447055,2
-0.77203304,0.2817535,-0.90832245,1
0.2073595,-0.02090624,-0.94328934,2
-0.73846203,0.25512153,-0.9448409,0
-0.21134955,0.8465967,-0.93358964,2
-0.53940237,0.33284473,-0.972489,0
-0.7097306,0.45932877,-0.89416045,1
-0.55011666,0.35108414,-0.9520247,0
-0.46730953,0.7515284,-0.9092299,2
-0.6937597,0.07017976,-0.98421884,0
0.2939961,-0.0002709329,-0.90543276,2
-0.49310187,0.4343354,-0.96062136,0
-0.49742487,0.7008178,-0.9055802,2
-0.04565084,0.6231562,-0.93035066,2
-0.23866737,0.7074902,-0.93454057,2
-0.37718529,-0.12334329,-0.9744889,0
-0.6351025,0.13902299,-0.96071845,0
-0.58286345,0.34354442,-0.93329495,1
-0.61789453,-0.030183047,-0.9839334,0
-0.48002082,0.17407888,-0.98335797,0
-0.7786143,0.21247053,-0.9291498,0
-0.36888385,0.52446485,-0.9594631,2
-0.58398813,0.35842127,-0.9621403,0
-0.75261015,0.5054797,-0.88208055,1
-0.314707,0.23527682,-0.9540442,0
-0.7617756,0.5621258,-0.8372057,1
-0.6375234,-0.1933167,-0.96079004,0
-0.58577055,-0.4937544,-0.9269122,0
-0.4509868,0.70346373,-0.9082189,2
-0.8937876,0.022050798,-0.9208796,0
-0.7591877,0.33019346,-0.91863704,0
-0.6884566,0.18685675,-0.94804114,1
0.006050527,0.5869256,-0.9444242,2
-0.77837574,0.3312276,-0.8876091,1
-0.7555362,0.052143037,-0.960918,0
-0.8516366,0.036395147,-0.9378475,0
-0.50408775,0.034728363,-0.9603518,0
-0.9401907,0.113598585,-0.8929866,0
-0.8257146,0.4062522,-0.86229366,1
-0.74726045,0.20313416,-0.89798254,1
-0.50972223,-0.3051607,-0.97378886,0
-0.7933595,0.08885993,-0.9387391,0
-0.8498914,0.008999258,-0.94403166,0
-0.5262277,0.612986,-0.9130435,1
-0.7715253,0.22901341,-0.90446055,1
-0.8159499,0.29308125,-0.87500674,1
0.31848502,-0.08186588,-0.8655157,2
-0.5866689,-0.069749534,-0.99350274,0
-0.49396962,0.23563904,-0.9533043,0
-0.4386555,0.3299396,-0.9712744,2
-0.7668488,0.22981851,-0.91708505,0
-0.76324874,0.2983481,-0.89808255,1
-0.47942495,0.52643675,-0.92538476,1
-0.059762776,0.5568892,-0.96245474,2
-0.43342382,0.24161412,0.72149265,2
-0.7403226,0.39618376,-0.88041747,1
-0.22228648,-0.20121828,-0.9425063,0
0.2461217,0.105554536,-0.855637,2
-0.7371707,0.30393723,-0.89749604,1
-0.8242734,0.080987215,-0.9547668,0
-0.66783977,0.35592097,-0.9113464,1
-0.56014884,-0.28669113,-0.9721638,0
-0.70053107,0.34037536,-0.9333183,0
-0.28034416,0.2001125,-0.9566265,2
-0.52990013,0.52487195,-0.929289,0
-0.5640249,0.7998905,-0.86785436,1
-0.21432915,-0.6977439,-0.90909475,0
-0.115425885,0.80319077,-0.9485566,2
-0.8229965,0.28432816,-0.8971464,1
-0.5192882,0.25353274,-0.95532125,1
-0.77248025,0.42459223,-0.8743442,1
-0.68378323,0.18312015,-0.9700562,0
0.23053044,0.5359861,-0.9515789,2
-0.77736187,0.2613919,-0.9080093,1
0.20339465,0.20297289,-0.91463935,2
-0.46420425,-0.14042562,-0.9531753,0
-0.102710396,0.13884321,-0.9632147,2
-0.6375917,0.49475622,-0.896483,1
-0.9595241,0.08633329,-0.8866818,0
-0.101162255,-0.1914163,-0.90075547,0
-0.8844093,-0.038597077,-0.95037925,0
0.29612696,0.10802972,-0.94167995,2
-0.31030706,0.6241752,-0.95302874,2
-0.60543054,-0.3994773,-0.966378,0
-0.79922605,0.042458937,-0.96352154,0
-0.89915514,0.10475467,-0.8974304,1
-0.20268568,0.65428114,-0.9413052,2
-0.079741776,0.83942324,-0.9384451,2
-0.8287579,0.09008911,-0.937416,0
-0.8449121,0.10645679,-0.9150099,1
-0.83994305,0.1517288,-0.9321411,0
0.00991863,0.6423452,-0.9577212,2
-0.8120215,0.21572796,-0.897355,1
-0.16694489,0.37468156,-0.9483072,2
-0.5212967,0.26873818,-0.9855821,0
-0.7779049,0.4061305,-0.8882393,1
-0.8742267,-0.018694758,-0.9484431,0
-0.6647866,0.46168828,-0.897645,1
-0.8139293,0.28474396,-0.8794182,1
-0.35170224,0.7176191,-0.9290844,2
-0.35770094,0.7811376,-0.8899883,1
0.44078827,-0.24216342,-0.86966676,2
-0.85552853,0.14049469,-0.91404045,0
-0.7011596,0.28121644,-0.9279895,0
-0.79781044,0.2430706,-0.9196605,0
-0.57533044,-0.07128289,-0.981079,0
-0.47150543,0.37065542,-0.947656,2
-0.67217296,0.05729364,-0.9738292,0
-0.8758426,-0.071953714,-0.9609544,0
0.3653093,0.35767537,-0.9231104,2
-0.42817187,-0.2525521,-0.933322,0
-0.79825014,0.33607993,-0.8775669,1
-0.67841345,0.24484523,-0.93957347,1
-0.67648816,-0.119366735,-0.9816816,0
-0.30223268,0.4299171,-0.9686053,2
-0.4097641,-0.02668178,-0.94197,0
0.38437098,0.41953155,-0.88586736,2
-0.93468976,-0.15687278,-0.9450759,0
-0.57329583,-0.528229,-0.94050777,0
-0.7887471,0.275969,-0.89400977,1
-0.60105556,0.07631393,-0.9829072,0
-0.49090543,0.320284,-0.97617847,0
-0.6428065,0.3825772,-0.92752117,0
-0.3044335,-0.0467619,-0.91392016,0
-0.08084318,0.32248533,-0.94786423,2
-0.31416094,0.5881613,-0.9543783,2
0.8520767,-0.5132842,-0.87073773,2
-0.9431233,-0.094904184,-0.92535144,0
-0.73379993,0.5516572,-0.8759712,1
-0.03792703,0.20571944,-0.968033,2
0.15791339,0.7152947,-0.9450642,2
0.42112213,-0.04743564,-0.9137011,2
-0.45297456,0.34017336,-0.94252485,0
-0.71303725,0.39871487,-0.89563274,0
-0.4526514,0.43496025,-0.9431698,1
0.47475433,-0.43092525,-0.9188828,2
-0.44602603,0.6810413,-0.92165756,2
-0.7375201,0.41076636,-0.8832254,1
-0.8084538,0.16236624,-0.941614,1
-0.7792954,0.21326643,-0.91853255,1
-0.89102316,0.19828989,-0.87534696,1
-0.80155194,0.001558423,-0.96867085,0
-0.75571537,0.44983065,-0.86990345,1
-0.7897544,0.28553155,-0.8918564,1
-0.89768845,-0.13854241,-0.9509275,1
-0.7625717,0.5858216,-0.8432423,1
-0.07464367,-0.28529304,-0.9289079,2
-0.0582985,0.55075616,-0.9325196,2
-0.7949444,0.3626251,-0.8954752,1
-0.5766492,0.10264902,-0.9716844,0
0.14549536,0.51727223,-0.9273267,2
-0.830733,0.10861851,-0.9346616,0
0.049812555,0.74784154,-0.94693244,2
-0.69257843,0.21790154,-0.95952547,0
-0.7417818,0.18659794,-0.94258815,0
-0.19824809,0.59642416,-0.9562179,2
-0.49433136,0.07651693,-0.97055984,2
-0.7091351,0.421786,-0.9058409,0
-0.7455432,0.09106287,-0.95991784,0
0.033197403,0.4241085,-0.9234432,2
0.34479278,-0.44723254,-0.8567012,2
-0.44392544,0.15860395,-0.95838785,0
-0.3124349,0.6650011,-0.9389507,2
-0.58371943,0.46854374,-0.92554545,1
-0.79495096,0.24970059,-0.92332715,0
-0.86558473,0.2554734,-0.8818762,0
0.29555935,-0.023774475,-0.87668276,2
-0.83033353,0.08671832,-0.9321729,1
-0.25907776,0.7418082,-0.9476974,2
-0.19096121,0.6356845,-0.9566554,2
-0.6045672,0.5756867,-0.89521194,1
-0.1280165,0.75969744,-0.9572638,2
-0.047639668,0.8253263,-0.9345555,2
-0.31157005,0.6498644,-0.91307944,0
-0.07663891,0.55783135,-0.95026267,2
-0.7508138,0.077012196,-0.93324697,0
-0.7031948,0.48932254,-0.87304896,1
0.4268216,-0.30817717,-0.81608486,2
0.33822936,0.33613485,-0.9081025,2
-0.291622,0.67621267,-0.94612527,2
-0.26681483,-0.5778899,-0.9034347,0
-0.9465692,-0.0014490187,-0.899732,0
-0.83720183,0.23229599,-0.8806285,1
-0.5385348,0.22819917,-0.9512775,0
-0.85686827,0.21034738,-0.88734025,1
0.31355232,0.16904432,-0.89337695,2
0.5315494,-0.16660315,-0.9185038,2
-0.6857983,0.50426966,-0.8863518,1
0.8464051,-0.27399337,-0.87202656,2
-0.42249835,0.67091084,-0.90035844,2
-0.93080044,-0.014544368,-0.91923714,0
-0.6791632,0.33984816,-0.92607206,0
-0.36824924,0.9030383,-0.8938709,2
-0.8124919,0.07274479,-0.9423818,1
-0.8179835,0.08282244,-0.94473493,0
-0.72635186,0.48464933,-0.87550735,1
-0.84822476,0.38085642,-0.84730923,1
0.21879375,0.5120592,-0.9463459,2
-0.6572648,0.6207468,-0.8846164,1
-0.84263194,0.13965504,-0.89790016,1
-0.7459667,0.35773307,-0.8958595,0
-0.17542484,0.2879534,-0.9185586,2
0.0443753,0.66673756,-0.95143646,1
-0.68809843,0.02755186,-0.9712241,0
0.3514703,0.0021502972,-0.8865073,2
-0.18099728,0.31113797,-0.9891606,0
-0.7730285,0.022860587,-0.9757318,0
-0.817379,0.4753545,-0.8597771,1
-0.79708683,0.3009314,-0.891943,1
-0.6507394,-0.13723356,-0.9688514,0
-0.75798535,0.4566357,-0.8715949,1
-0.3061778,0.70440745,-0.93039525,2
0.09397912,0.2978942,-0.9554783,2
-0.1283555,0.6936573,-0.95181894,2
-0.310526,0.80820084,-0.92891026,2
-0.22744612,0.5557958,-0.92900914,2
-0.60388,0.49677408,-0.91169906,1
-0.75567126,0.34671998,-0.89220047,1
0.6408184,-0.46715242,-0.8246306,2
-0.43595743,0.43063107,-0.94216007,2
0.20210248,0.16112858,-0.9437477,2
-0.85187936,0.40124613,-0.86795914,1
0.6364878,-0.34813213,-0.8533996,2
0.11280173,0.58125055,-0.959642,2
-0.031661183,0.9080211,-0.92351407,2
-0.23006213,0.697326,-0.92029905,2
-0.49816015,0.5158443,-0.9150407,1
-0.36035922,0.07328993,-0.98566234,0
-0.02914238,0.7110289,-0.9384041,2
-0.58348596,0.58289003,-0.90145665,1
-0.5721281,0.44275987,-0.9205842,1
-0.84879935,0.33368644,-0.8629269,1
-0.53016555,0.39845467,-0.95212066,0
-0.36952025,0.31926903,-0.9792116,2
-0.80433464,0.12590005,-0.9156331,1
-0.7714114,0.47472447,-0.8665139,1
-0.102636606,0.6243181,-0.9269378,2
-0.7950872,0.20445675,-0.9151127,0
-0.0012572408,0.72009766,-0.9610274,2
-0.7934667,0.35563084,-0.87732595,1
-0.5489573,-0.030647427,-0.98152876,0
0.3665887,0.43198943,-0.9267366,2
-0.41719282,0.6719916,-0.9215679,1
-0.83224994,0.24514532,-0.87924635,1
-0.8001262,0.31609136,-0.8838618,1
-0.8974556,0.054727226,-0.92494017,0
0.15925825,0.49693084,-0.9628253,2
-0.82823586,0.07720266,-0.9238185,0
-0.84912,-0.05595115,-0.9565893,0
-0.83724487,0.28137767,-0.8828481,1
-0.33910578,0.13530955,-0.97147566,0
-0.17439562,-0.16482157,-0.9636604,0
-0.87067115,0.22835796,-0.8850249,1
-0.53756106,0.46964273,-0.91681504,1
-0.68000746,0.3455993,-0.9345592,0
-0.7240006,0.5068679,-0.8769903,1
0.19050121,0.2952749,-0.95809245,2
-0.70720845,0.44862938,-0.8978356,1
-0.06505701,0.5560407,-0.9640114,2
-0.8419788,0.17420484,-0.8936938,1
-0.47570038,0.68654835,-0.9175404,2
-0.9344436,0.03992571,-0.90530497,0
-0.4400618,0.6789085,-0.91674215,1
-0.95963854,0.1817762,-0.83830136,0
-0.8061717,0.048043624,-0.9713755,0
0.09520942,-0.4761775,-0.86410695,2
-0.7995459,0.2071838,-0.9220931,0
-0.15226331,-0.45055366,-0.9257423,0
-0.4795446,0.61476564,-0.9215914,2
-0.19465327,0.81072277,-0.92014384,2
0.39714456,-0.055990696,-0.8710601,0
0.28542018,0.49951163,-0.93096066,2
-0.26016393,0.50923914,-0.95640975,2
0.31870162,0.13766778,-0.94172966,2
-0.8176558,0.082506955,-0.94925165,0
-0.943217,-0.24962986,-0.96043587,0
-0.85340667,0.024229169,-0.93443537,1
-0.8479684,0.009827435,-0.9399948,1
0.1518107,0.496472,-0.9620364,2
0.2586068,-0.2368949,-0.8983531,2
-0.81093425,0.33595806,-0.8705911,1
-0.77299833,0.2632167,-0.90858656,1
-0.25098655,0.23098752,-0.9673493,2
-0.41724566,0.404387,-0.949842,2
-0.140766,0.29418582,-0.9227906,2
-0.8986324,-0.08878794,-0.950148,0
0.283988,-0.045128047,-0.9337851,2
-0.8063611,0.31770778,-0.8768733,1
-0.16846028,-0.1226193,-0.9387698,0
-0.23023912,-0.33980244,-0.964494,0
-0.91609806,0.082403705,-0.91197026,0
-0.19035986,0.65502226,-0.9425888,2
0.25040817,0.6784056,-0.94802564,2
-0.8207464,0.19613832,-0.91192997,0
-0.5984453,0.32798204,-0.9332779,0
-0.9076464,-0.068006456,-0.943147,0
0.40993518,-0.43241072,-0.832212,2
-0.42661047,0.81231016,-0.9107185,1
0.5011257,-0.016104966,-0.9007338,2
-0.6108506,0.4908801,-0.8845083,1
-0.76889986,0.4095146,-0.88348866,0
0.48323905,0.13078676,-0.8722343,2
-0.19417763,0.52519614,-0.92546827,2
-0.5416823,0.015149623,-0.99118316,0
-0.8280753,0.17870927,-0.8971297,1
-0.7427311,-0.12596008,-0.9935651,0
-0.34064627,0.25126266,-0.97221506,2
-0.8567383,0.12414828,-0.9147261,0
0.2472809,0.66742486,-0.92082745,2
-0.7397375,0.42573977,-0.88047856,1
-0.40655428,0.91064554,-0.89492387,2
-0.45563483,0.6350256,-0.91320413,1
-0.88702977,0.22447646,-0.85872066,1
-0.22602203,0.8289166,-0.9367019,1
-0.8741831,-0.026209265,-0.9263847,1
-0.030623615,0.22419555,-0.9359353,2
0.23079854,0.3337129,-0.9368738,2
0.51661,0.31617507,-0.9187391,2
-0.8240063,0.04523827,-0.94206387,0
-0.70117426,0.5084112,-0.87188226,1
-0.8431467,0.017234504,-0.9588685,0
-0.2623443,-0.20996189,-0.9221005,0
0.15174168,0.49989522,-0.92671424,2
-0.8648247,0.23377384,-0.8692767,1
-0.54417026,-0.5394506,-0.94189465,0
0.1885435,0.1776262,-0.92559737,2
-0.82845604,0.018975288,-0.9522691,0
-0.9007431,0.060097113,-0.9173434,0
-0.830214,0.14711684,-0.9164816,1
-0.06996727,-0.48204452,-0.94179046,0
-0.41001633,-0.0031725466,-0.9681493,2
-0.64845574,0.6739309,-0.8754574,1
-0.73206186,0.59824437,-0.8513644,1
-0.8136847,0.32348228,-0.8753402,1
-0.82129824,0.3259772,-0.8784237,1
-0.8534979,0.10020132,-0.91092134,1
-0.7559695,0.6468587,-0.84700006,1
0.44261277,-0.4884568,-0.8615263,2
-0.77498686,-0.0020139813,-0.97040194,0
-0.8087886,0.22667219,-0.90471536,1
-0.7479948,0.5282159,-0.8755207,1
-0.5837614,0.55343413,-0.88487923,1
-0.8293545,0.1642152,-0.9073009,0
-0.7752014,0.44853723,-0.87624836,1
0.06734347,-0.5894247,-0.9110811,0
-0.8732753,-0.052250236,-0.959645,0
-0.75727344,0.42550337,-0.8803589,1
0.20611423,-0.4854682,-0.839674,0
-0.23113874,0.7955539,-0.92243737,2
-0.75363743,0.46764565,-0.8753287,1
-0.73069584,0.39744896,-0.893346,0
-0.7721485,-0.17686906,-0.9915798,0
-0.6617998,-0.17362559,-0.97694266,0
0.14936304,0.72678494,-0.9267544,2
0.2904942,0.34961578,-0.9424175,2
-0.39637214,-0.20168802,-0.9629891,0
-0.8397182,0.24651664,-0.87316954,1
0.3131417,0.6959344,-0.93377006,2
-0.12781608,0.49063137,-0.9258667,2
-0.024309397,-0.1349363,-0.9481788,2
-0.30408335,0.7325784,-0.9182289,2
-0.029411465,0.6417091,-0.9642818,2
0.6315089,-0.6973243,-0.88103396,2
0.19563895,0.21103211,-0.9147327,2
-0.8345023,0.06995088,-0.9285704,0
-0.13983405,0.790348,-0.93492925,2
-0.49378228,0.6256084,-0.9028374,1
0.42247903,0.117102206,-0.8578349,0
-0.7838646,0.36173832,-0.8945821,1
0.40158272,0.21790296,-0.945539,2
-0.65944576,0.61855006,-0.892396,0
-0.80225945,0.15707053,-0.9163423,1
0.31918716,0.3529088,-0.8883652,2
-0.9164983,-0.04652977,-0.933277,0
-0.6128357,0.1789338,-0.99120766,0
-0.9743625,0.07881348,-0.8210168,1
-0.5567011,0.45992464,-0.9301552,1
-0.4307897,0.64995503,-0.9291869,2
-0.46045867,0.22123706,-0.9795854,2
-0.7626922,0.49035496,-0.8757731,1
-0.77577114,0.280754,-0.9189299,0
-0.8223568,0.1158566,-0.9288935,1
0.74832267,-0.50552,-0.8195516,2
0.053229332,0.46835896,-0.9317769,2
-0.8876784,0.10450879,-0.9028536,1
-0.84644604,0.24726829,-0.87579066,1
-0.8206227,0.24408172,-0.8970894,1
-0.019544274,-1.0,-0.87783015,0
-0.8274826,0.24434535,-0.8804452,1
-0.6062362,0.6148839,-0.88701075,1
-0.2919617,0.6184064,-0.9385687,2
-0.6454578,0.17756152,-0.95611185,0
-0.49263543,0.5416033,-0.93509597,2
-0.8715235,0.14032434,-0.88988286,1
-0.75905764,0.32954934,-0.89286155,1
0.18031383,-0.1133731,-0.88775796,2
0.05839795,0.30219942,-0.92553014,2
-0.7174753,0.32069162,-0.8952062,1
-0.5024707,0.48773205,-0.93694276,1
-0.24514456,0.61802524,-0.9528048,2
-0.85640085,-0.05680543,-0.9497725,0
-0.7261636,0.60221875,-0.85921776,1
-0.58007956,0.0013917983,-0.97171056,0
-0.6611471,0.3448277,-0.92391294,0
-0.80550313,0.40555736,-0.8715084,1
-0.69973165,0.12104969,-0.9562965,1
-0.8517781,0.012392849,-0.9329709,1
0.25094068,0.3022863,-0.90995836,2
-0.34978342,0.23478962,-0.9472389,0
-0.5204299,0.4241597,-0.9484785,2
0.119167864,0.6434088,-0.94818246,2
-0.3059346,0.2119,-0.95398194,2
-0.76920915,0.50229365,-0.8662799,1
-0.8365048,0.28467578,-0.8822972,1
-0.22823957,0.7067021,-0.93164706,2
-0.69162464,0.2925921,-0.9480174,0
-0.82034403,0.278659,-0.8797743,1
0.1866498,-0.58537817,-0.8665135,2
-0.87511194,0.13221487,-0.8941201,1
-0.12047312,0.69510376,-0.9429393,2
-0.7505896,0.4170627,-0.8635908,1
-0.82458985,0.21692212,-0.88447565,1
-0.6954375,0.07157762,-0.97004235,0
-0.9400954,-0.222314,-0.95317894,0
-0.8105488,0.36459693,-0.8802324,1
0.11607915,0.9390254,-0.95679224,2
0.10860461,0.94164354,-0.94562495,2
-0.22174123,0.6876924,-0.93720245,2
-0.37297007,0.839595,-0.9074289,2
-0.61815,0.6072547,-0.89171416,1
-0.80305827,0.116130024,-0.9296999,0
-0.3612604,0.7274569,-0.9209619,2
-0.7459172,-0.14844826,-0.98476994,0
0.10058653,0.60099304,-0.9498202,2
-0.7471856,0.36804605,-0.887958,1
-0.7818146,0.32208547,-0.8947424,1
-0.56399184,0.6519187,-0.8950973,1
-0.48599407,0.54199696,-0.91266894,0
-0.65604174,0.61090636,-0.8822335,1
-0.2135391,0.48459798,-0.9572562,2
0.061912894,0.59099936,-0.9395673,2
-0.24865995,0.78628546,-0.93591833,2
-0.527129,0.21555996,-0.9741033,0
-0.5570784,-0.3619914,-0.9639179,0
-0.8107801,0.38495833,-0.871747,1
-0.11309481,0.5482205,-0.92652667,2
-0.8995074,-0.045812815,-0.94392025,0
-0.9306047,-0.112926304,-0.93826693,0
-0.94785404,-0.19103861,-0.9476575,0
0.41989446,-0.44943655,-0.85808265,2
-0.7593104,0.4608148,-0.88988316,0
-0.46374565,0.10904437,-0.98045176,0
-0.72259617,0.24839269,-0.93530834,0
-0.03183934,0.084444866,-0.9643664,2
-0.6083698,0.18975158,-0.96869093,0
-0.8734753,0.15312533,-0.91062266,1
-0.7275053,0.09429985,-0.9706657,0
-0.59070194,0.55461776,-0.9085009,2
-0.5462183,0.22258599,-0.96905077,0
-0.73756576,0.55803454,-0.8528669,1
-0.1639018,0.8553184,-0.9250712,2
-0.8716272,0.042331025,-0.9246737,0
-0.7129578,0.07194312,-0.97138774,0
-0.017098665,0.40853965,-0.8975222,2
-0.48934156,0.09277187,-0.9503054,0
-0.6843025,0.24710222,-0.96060383,0
-0.7114933,0.37469786,-0.91264474,1
-0.654195,0.38128084,-0.9006816,1
-0.31556183,0.5910897,-0.94834065,2
-0.79443127,0.08604826,-0.95310426,0
-0.70870245,-0.3710658,-0.9741239,0
0.087911665,0.33315626,-0.9453164,2
-0.7137839,0.45150393,-0.89207,1
-0.7703064,0.22585428,-0.931945,0
-0.6852537,0.30590668,-0.92976797,1
-0.3890708,0.54379356,-0.9586798,2
-0.81952417,0.09926371,-0.93152624,1
0.1887387,0.5037013,-0.9580091,2
-0.29155958,0.7874258,-0.9417114,2
-0.568252,-0.36591703,-0.94749933,0
-0.15793458,0.83341336,-0.9420604,2
-0.81524056,0.07082303,-0.93755895,1
0.18004596,0.40774146,-0.92675096,2
-0.8467328,-0.03913051,-0.9502295,0
-0.3063993,0.71708715,-0.940798,2
-0.22015424,0.23127493,-0.986527,0
-0.10035378,0.8064548,-0.9544896,2
-0.6264657,0.47726467,-0.9096287,0
-0.80754435,0.4603449,-0.86285895,1
-0.14110905,0.6105298,-0.95913464,2
-0.4776998,0.00046667457,-0.9797141,0
-0.5401416,0.54808474,-0.915926,2
-0.41598332,0.26148042,-0.9766933,0
0.20041353,0.3096531,-0.963614,2
-0.08777583,0.7986498,-0.94339335,2
-0.63877976,0.61142254,-0.8886515,1
-0.7596041,0.44257957,-0.87456244,1
-0.46816003,0.19494638,-0.9777111,0
-0.3067611,0.17179933,-0.96252024,0
-0.4517734,0.7399756,-0.91369003,1
-0.80988246,0.41537857,-0.867333,1
-0.63464034,0.71492267,-0.8514101,2
-0.74289334,0.2778541,-0.9213529,0
-0.3867795,0.28363293,-0.9504505,0
-0.8182354,0.4581302,-0.8472093,1
-0.3636033,0.782008,-0.8736574,0
-0.57896274,0.75408995,-0.8755854,2
-0.84940135,0.0849603,-0.92764235,1
-0.72257864,0.46586192,-0.89495635,1
-0.73511076,0.03981079,-0.97901386,0
-0.83212405,0.18979478,-0.90459627,0
-0.1255067,0.55641514,-0.9647455,2
-0.8374151,0.21715261,-0.90771407,1
-0.37103677,0.9412391,-0.89459175,2
-0.5573701,0.09872432,-0.9748987,0
-0.75737596,0.1689781,-0.953168,0
-0.08200264,0.60101074,-0.9746473,1
-0.730197,0.07233551,-0.95896524,1
-0.77465504,-0.07456979,-0.9791372,0
-0.37413222,0.762285,-0.919256,1
-0.54506487,0.54737055,-0.91962093,1
-0.81207764,0.20850801,-0.9207579,0
-0.8399941,0.12184189,-0.89814514,1
-0.44185978,0.7470738,-0.9077804,2
-0.86693823,0.23620752,-0.8805027,1
-0.5429566,0.73852086,-0.86454475,1
-0.7778413,0.35514438,-0.8870349,1
-0.7660831,0.38254893,-0.8582288,1
0.36700797,-0.5393889,-0.81723845,2
-0.27213264,0.87430173,-0.92367613,1
-0.36568972,0.6195868,-0.9480397,2
0.30632544,0.43815732,-0.9143855,2
-0.317213,-0.16121265,-0.9779667,0
-0.024975955,-0.03951165,-0.9412278,2
-0.78909767,0.31246158,-0.88594836,1
0.41462338,-0.025922477,-0.8874842,2
-0.6365404,0.34149984,-0.94383436,1
-0.6455459,-0.1119211,-0.9678311,0
0.039618075,0.37607914,-0.947296,2
0.117871225,0.59274316,-0.9468796,2
-0.8633712,0.11710933,-0.9003654,1
-0.875278,0.07170658,-0.9065473,1
0.061771035,0.6749716,-0.96397555,2
-0.0810394,0.6178355,-0.9527242,2
-0.70261514,0.4116386,-0.90453136,2
0.45021868,0.2711629,-0.8951191,2
-0.76631564,0.23120673,-0.93834037,0
-0.30998296,0.8503831,-0.91922855,2
-0.7296355,0.5222037,-0.8661952,1
-0.68259406,0.17367597,-0.97811955,0
0.46036214,-0.14503023,-0.8951088,2
-0.8504548,0.24283865,-0.8812358,1
0.28035474,0.084809855,-0.9114756,2
-0.73998785,0.24405535,-0.90987605,1
-0.75661516,0.32793748,-0.88814366,1
-0.66189826,0.1011267,-0.9658889,0
-0.3762262,0.2151775,-0.9843296,0
-0.8116783,0.09592688,-0.9388491,0
-0.802065,0.1306999,-0.9339431,1
-0.702778,0.56295687,-0.8899097,1
-0.52587795,0.22364363,-0.9902871,0
0.044148207,-0.7139071,-0.777001,0
-0.8052993,0.3662722,-0.86373705,1
-0.4170433,0.90035594,-0.8945856,1
-0.66106737,0.40066767,-0.9197007,1
-0.027734458,-0.58392483,-0.85088444,2
-0.68579507,0.48777115,-0.903541,0
-0.38842756,0.87388396,-0.8966384,2
-0.7342894,0.4258256,-0.8825069,1
-0.86559474,0.08551526,-0.9256247,0
-0.61322343,0.13290857,-0.96756136,0
-0.11809015,0.3896376,-0.969523,2
-0.8195734,0.2124874,-0.8904623,1
0.32156813,0.4919902,-0.9092003,2
