-0.5841999053955078,0.44656646251678467,0.0
-0.18608154356479645,0.8034058809280396,1.0
-0.05551233887672424,0.13663771748542786,0.0
-0.43594464659690857,0.42748311161994934,1.0
-0.11071920394897461,0.5243040919303894,0.0
-0.3156045973300934,0.5833005905151367,0.0
-0.33607935905456543,0.32950901985168457,0.0
-0.6279534101486206,0.19900700449943542,0.0
-0.22230131924152374,0.7443763017654419,1.0
-0.668723464012146,0.44055330753326416,1.0
-0.1797088384628296,0.8782735466957092,1.0
0.18722385168075562,-0.4077393412590027,0.0
-0.34236159920692444,0.1227826476097107,0.0
-0.4702798128128052,0.39621859788894653,1.0
-0.7518905997276306,0.2135990709066391,1.0
-0.1445050984621048,0.684022068977356,1.0
-0.745701789855957,0.27145951986312866,0.0
-0.42030030488967896,0.37704893946647644,1.0
-0.3256281614303589,0.623674750328064,0.0
-0.8686359524726868,0.29450708627700806,1.0
-0.6950936317443848,0.4857788383960724,0.0
0.17658400535583496,0.05665487051010132,0.0
0.22652971744537354,-0.05326277017593384,0.0
-0.4694073498249054,0.4563106894493103,0.0
0.3479963541030884,-0.5144369006156921,0.0
-0.3628353476524353,0.47483789920806885,0.0
-0.11255782842636108,0.7184634208679199,1.0
-0.32739847898483276,0.42056384682655334,0.0
-0.2684600353240967,0.23967429995536804,0.0
-0.11829657852649689,0.8487014174461365,1.0
-0.6084978580474854,0.31835758686065674,1.0
0.07000163197517395,-0.4012752175331116,0.0
-0.13931648433208466,0.7427409887313843,1.0
-0.384006142616272,0.7998237609863281,1.0
-0.35495123267173767,0.5434675216674805,0.0
-0.5585042238235474,0.32070308923721313,1.0
-0.3212302625179291,0.5854125618934631,1.0
-0.3494332730770111,0.4249785840511322,1.0
-0.6819585561752319,0.3442562520503998,0.0
-0.4489106237888336,0.4464750587940216,1.0
-0.3671914339065552,0.5981392860412598,1.0
0.02255392074584961,0.013483196496963501,0.0
-0.44802820682525635,0.36004799604415894,1.0
-0.8144717216491699,0.398772269487381,1.0
-0.9439169764518738,0.183929905295372,1.0
0.04076659679412842,0.6632680892944336,1.0
-0.17548826336860657,0.288871169090271,0.0
-0.6347736716270447,0.3926568329334259,0.0
-0.6019708514213562,0.2630828022956848,1.0
-0.37351229786872864,0.291579931974411,1.0
0.20623618364334106,-0.13074201345443726,0.0
-0.40813910961151123,0.09699293971061707,0.0
-0.6857024431228638,0.367570698261261,0.0
-0.3856673836708069,0.19920609891414642,0.0
-0.6349105834960938,0.16838502883911133,1.0
-0.6704980134963989,0.4347253143787384,0.0
-0.7338991165161133,0.376206636428833,0.0
-0.3662460744380951,0.5617010593414307,1.0
-0.41675788164138794,0.6747668981552124,0.0
-0.6116928458213806,0.33219799399375916,0.0
0.046962082386016846,0.6358259320259094,0.0
0.041405677795410156,0.6988224983215332,1.0
0.22270840406417847,0.6364973187446594,0.0
-0.349561870098114,0.49947062134742737,1.0
-0.5410985946655273,0.0799001157283783,1.0
-0.6512229442596436,0.4356343448162079,0.0
-0.16143642365932465,0.8262354135513306,1.0
-0.6249480247497559,0.44023361802101135,1.0
-0.6505817174911499,0.4835848808288574,0.0
-0.1038651168346405,0.6786808371543884,1.0
-0.3418128490447998,0.5657007694244385,1.0
-0.7374508380889893,0.46739473938941956,1.0
-0.7184895873069763,0.040500521659851074,0.0
-0.0774092972278595,0.3296477794647217,0.0
-0.4662938416004181,0.555278480052948,1.0
-0.3833313584327698,0.6563376188278198,0.0
-0.5014325380325317,0.36564958095550537,1.0
-0.7476847171783447,0.18199186027050018,0.0
-0.4316091239452362,0.6309661865234375,1.0
-0.9064043164253235,0.14419487118721008,0.0
-0.465895414352417,0.22433996200561523,1.0
-0.6175832748413086,0.11842802166938782,1.0
-0.5598680973052979,0.42539146542549133,1.0
-0.5520688891410828,0.3545887768268585,0.0
-0.13469752669334412,0.5518654584884644,1.0
-0.8200616836547852,0.2447471171617508,0.0
-0.8415735960006714,0.07262662053108215,1.0
-0.023267388343811035,0.9016759991645813,1.0
-0.5811535716056824,0.2759403586387634,0.0
-0.8594180941581726,0.05257198214530945,1.0
-0.28094029426574707,0.33786720037460327,1.0
-0.6535143852233887,0.14918354153633118,0.0
-0.4281542897224426,0.5516803860664368,0.0
-0.6348932981491089,0.27056461572647095,0.0
-0.6728842258453369,0.3450537621974945,1.0
-0.49818137288093567,0.365140438079834,0.0
-0.6827565431594849,0.47238868474960327,0.0
-0.020871460437774658,0.768653929233551,1.0
-0.8441191911697388,0.09432995319366455,1.0
-0.6779857277870178,0.028167694807052612,0.0
-0.20444560050964355,0.5043953657150269,1.0
-0.7381346225738525,0.2538670599460602,1.0
-0.6963950991630554,0.29295334219932556,1.0
-0.41036903858184814,0.3648349642753601,0.0
-0.39865919947624207,0.5238199234008789,1.0
0.011437833309173584,0.2584584355354309,0.0
-0.5048220753669739,0.44281086325645447,1.0
-0.2643183469772339,0.6571197509765625,1.0
-0.24612361192703247,0.5770443677902222,1.0
0.10379907488822937,0.28201159834861755,0.0
-0.2541535496711731,0.3810579180717468,0.0
-0.3759923577308655,0.6436071991920471,1.0
-0.7133340239524841,0.07527083158493042,1.0
-0.6310831904411316,0.558134913444519,1.0
-0.35145407915115356,0.644659161567688,1.0
0.05921998620033264,0.30835238099098206,0.0
-0.6305030584335327,0.2534150779247284,0.0
-0.5233528017997742,0.360914945602417,0.0
0.1814982295036316,0.38305723667144775,0.0
-0.5727479457855225,0.5351701378822327,1.0
-0.14241938292980194,0.2261568307876587,0.0
-0.027584969997406006,0.32031941413879395,1.0
-0.109273761510849,0.6871919631958008,1.0
-0.346553772687912,0.7579628229141235,0.0
0.27470481395721436,0.5612773299217224,0.0
-0.9263947010040283,0.06920990347862244,1.0
-0.3034079670906067,0.15875378251075745,0.0
-0.2622116506099701,0.3522554636001587,0.0
-0.001252591609954834,0.4109269976615906,0.0
-0.05930545926094055,0.6334930658340454,0.0
-0.6670341491699219,0.40316590666770935,1.0
0.09823042154312134,0.6493726968765259,1.0
-0.7121447324752808,0.17821694910526276,1.0
-0.5118860006332397,0.2911432385444641,1.0
-0.42264750599861145,0.48524540662765503,1.0
-0.36435192823410034,0.533689022064209,1.0
-0.20987550914287567,0.6205096244812012,0.0
-0.6429557204246521,0.28811848163604736,1.0
-0.3169934153556824,0.4916488826274872,1.0
-0.38807377219200134,0.5927171111106873,1.0
-0.6827015280723572,0.3022509217262268,1.0
-0.8739454746246338,0.23744730651378632,1.0
-0.17470760643482208,0.16701741516590118,0.0
-0.3612629175186157,0.7707962989807129,0.0
-0.4982278347015381,0.37309831380844116,0.0
0.03431558609008789,0.8383522033691406,1.0
-0.16223393380641937,0.8500657081604004,1.0
-0.06036671996116638,0.9560763835906982,1.0
-0.24747347831726074,0.6277079582214355,1.0
-0.032799482345581055,0.8614989519119263,1.0
-0.39057669043540955,0.6400105953216553,1.0
-0.39569708704948425,0.29273277521133423,0.0
-0.2813591957092285,0.5857036113739014,1.0
-0.083385169506073,0.7694311141967773,1.0
0.008939743041992188,0.5108003616333008,0.0
-0.4921404719352722,0.26119184494018555,0.0
-0.7358086109161377,0.3724440932273865,1.0
-0.2696065306663513,0.6994613409042358,1.0
0.11758813261985779,0.1942564845085144,0.0
-0.2766851782798767,0.8246669769287109,1.0
-0.5279645919799805,0.23991823196411133,1.0
-0.2499997615814209,-0.02148449420928955,0.0
-0.7571527361869812,0.21478819847106934,0.0
-0.44215336441993713,0.6325687170028687,1.0
-0.27800875902175903,0.6878454685211182,1.0
0.3496575355529785,-0.6887456178665161,0.0
-0.10219505429267883,0.8990392684936523,1.0
-0.1697266846895218,0.7675293684005737,1.0
-0.3077346682548523,0.5176602005958557,0.0
-0.6541017293930054,0.2652057111263275,0.0
-0.3711909055709839,0.5490698218345642,1.0
-0.8617581725120544,0.29784852266311646,1.0
-0.7093731760978699,0.4201819598674774,1.0
-0.591370701789856,0.5042982697486877,0.0
0.08111175894737244,0.25849059224128723,0.0
-0.13514591753482819,0.34625571966171265,1.0
-0.5236621499061584,0.2640969753265381,0.0
-0.6186412572860718,0.2117505818605423,1.0
0.41823524236679077,-0.18322008848190308,0.0
-0.14170917868614197,0.19176186621189117,1.0
-0.13596922159194946,-0.005937427282333374,0.0
-0.5075126886367798,0.1351793110370636,0.0
-0.2924743890762329,0.5263139009475708,1.0
-0.796565592288971,0.3277836740016937,1.0
-0.5497450232505798,0.11491969227790833,0.0
-0.6040284633636475,0.4861478805541992,0.0
-0.7662164568901062,0.15882301330566406,1.0
-0.03607425093650818,0.5165848731994629,0.0
-0.655062735080719,0.41695436835289,1.0
-0.4597763121128082,0.3172702193260193,0.0
0.1940574049949646,-0.0617813766002655,0.0
-0.4820222854614258,0.1912795752286911,0.0
-0.12543156743049622,0.8009011745452881,1.0
-0.44631892442703247,0.5634287595748901,1.0
-0.8374630212783813,0.165431946516037,1.0
-0.3853856325149536,0.6312876343727112,1.0
-0.4748464822769165,0.38799721002578735,1.0
-0.3956015706062317,0.5943858027458191,1.0
0.013024300336837769,0.5262765884399414,1.0
-0.2803354859352112,0.8320693969726562,0.0
0.07934066653251648,0.42946475744247437,0.0
-0.600666880607605,0.4554322063922882,0.0
-0.4339902698993683,0.4003632068634033,0.0
-0.024543344974517822,0.3615550100803375,0.0
-0.5064896941184998,0.3371037542819977,0.0
-0.0922568142414093,0.7550220489501953,0.0
-0.5354913473129272,0.5743372440338135,1.0
-0.4990098476409912,0.5444148778915405,0.0
-0.06755277514457703,0.46429991722106934,0.0
-0.6037323474884033,0.1420018970966339,0.0
-0.45950350165367126,0.3188537657260895,0.0
-0.5913220643997192,0.4357645511627197,0.0
-0.13749921321868896,-0.32671475410461426,0.0
0.3282617926597595,-0.40575677156448364,0.0
0.09398126602172852,0.30774030089378357,0.0
-0.7386192679405212,0.11218315362930298,0.0
-0.11379584670066833,0.583516001701355,1.0
-0.46854647994041443,0.41991809010505676,1.0
-0.2110029011964798,-0.07893648743629456,0.0
-0.17822687327861786,0.551041841506958,1.0
-0.6003398299217224,0.16811026632785797,0.0
-0.19846989214420319,0.6866573691368103,1.0
-0.26300087571144104,0.7451786994934082,1.0
-0.7669661641120911,0.20328612625598907,0.0
-0.3345804214477539,0.46616581082344055,0.0
-0.12445689737796783,0.7664792537689209,0.0
0.5796593427658081,-0.649787187576294,0.0
-0.22198793292045593,0.5546076893806458,1.0
-0.5252730250358582,0.27449357509613037,0.0
-0.5176149606704712,0.3184032440185547,1.0
-0.2718687951564789,0.6539890766143799,0.0
-0.49400267004966736,0.20679040253162384,0.0
-0.837841272354126,0.2659512162208557,1.0
-0.5671535134315491,0.5287387371063232,1.0
-0.03153237700462341,0.48499006032943726,0.0
-0.7927678823471069,0.2499898076057434,0.0
0.012192219495773315,0.7265020608901978,1.0
-0.16326025128364563,-0.15114527940750122,0.0
-0.2112167328596115,0.40269380807876587,1.0
-0.16996513307094574,0.5622307062149048,0.0
-0.5160007476806641,0.3627197742462158,0.0
-0.4613345265388489,0.2024136185646057,0.0
-0.5613279938697815,0.42896831035614014,1.0
0.10237985849380493,0.7518150806427002,1.0
-0.8007305264472961,0.36041343212127686,1.0
-0.49335142970085144,0.6348528265953064,0.0
-0.7565027475357056,0.3631313145160675,1.0
-0.2599845826625824,0.5688100457191467,1.0
-0.47411197423934937,0.5271708369255066,1.0
0.11614111065864563,0.6260376572608948,0.0
-0.6557846069335938,0.298583447933197,1.0
-0.7303232550621033,0.35549435019493103,0.0
-0.6135135889053345,0.3528624176979065,0.0
-0.1908753514289856,0.6596429347991943,1.0
-0.23404784500598907,0.286914587020874,1.0
-0.43412840366363525,0.23512043058872223,1.0
0.034744590520858765,0.7432705163955688,1.0
-0.3550521433353424,0.5979518890380859,1.0
-0.1629427671432495,0.4461134970188141,1.0
-0.5672922730445862,0.30857139825820923,1.0
0.353360652923584,0.7480373382568359,1.0
-0.3703109622001648,0.3548009991645813,0.0
0.10468342900276184,-0.21094661951065063,0.0
0.2528741955757141,0.1752062439918518,0.0
-0.48145535588264465,0.4177210330963135,1.0
-0.2751036584377289,0.3370394706726074,0.0
-0.2535651624202728,0.5404053926467896,0.0
-0.4734652638435364,0.5080146193504333,1.0
-0.4168965220451355,0.39741480350494385,0.0
-0.2737043797969818,0.5986639857292175,1.0
-0.5139716863632202,0.4535166323184967,1.0
-0.42856523394584656,0.23582836985588074,0.0
-0.5302028656005859,0.1547965109348297,1.0
-0.07273215055465698,0.775014340877533,1.0
-0.5905539393424988,0.11996859312057495,1.0
0.17416048049926758,0.6891860365867615,0.0
-0.8637623190879822,0.14818383753299713,1.0
0.08935773372650146,-0.22856652736663818,0.0
-0.3165907859802246,0.5452749729156494,0.0
-0.23449215292930603,0.49612322449684143,0.0
-0.8822518587112427,0.3164968490600586,1.0
-0.4568018317222595,0.1869521141052246,0.0
-0.025202810764312744,0.8774477243423462,1.0
-0.3625384271144867,0.4162571132183075,0.0
-0.23709268867969513,0.6256487965583801,1.0
-0.3206574022769928,0.4908338785171509,0.0
-0.11539152264595032,-0.45945417881011963,0.0
-0.561000645160675,0.3704708218574524,1.0
-0.3816721439361572,0.5270825624465942,1.0
-0.09679755568504333,0.7846481800079346,1.0
-0.5995277166366577,0.34590959548950195,0.0
-0.08692929148674011,0.8486285209655762,1.0
0.028516918420791626,0.042989104986190796,0.0
-0.31064456701278687,0.5927776098251343,1.0
-0.7657660245895386,0.32724520564079285,0.0
-0.5286586880683899,0.09835314750671387,1.0
0.4856484532356262,-0.01818019151687622,0.0
0.1318727731704712,-0.3978502154350281,0.0
-0.08937770128250122,0.8474330306053162,1.0
-0.5209217071533203,0.5032699704170227,0.0
-0.6265807151794434,0.3925788104534149,0.0
-0.6659259796142578,0.4040808379650116,0.0
-0.12601321935653687,0.1294480860233307,0.0
-0.7444075345993042,0.3685993254184723,1.0
-0.7256960272789001,0.11627921462059021,0.0
-0.47509056329727173,0.37741005420684814,1.0
-0.7651623487472534,0.2872254252433777,1.0
-0.671143651008606,0.3526904582977295,1.0
0.08281514048576355,0.2887459099292755,0.0
-0.1570347100496292,0.41534173488616943,0.0
-0.6304435729980469,0.30540937185287476,0.0
-0.4275200068950653,0.42347589135169983,1.0
0.1389787197113037,0.2746908962726593,0.0
-0.4888420104980469,0.5184322595596313,0.0
-0.4638291895389557,0.3798317313194275,0.0
-0.7615843415260315,0.04329103231430054,0.0
-0.48664700984954834,0.3852059245109558,1.0
-0.12175793945789337,0.5505589246749878,1.0
-0.2813537120819092,0.22156508266925812,1.0
-0.8927624225616455,0.28054606914520264,0.0
-0.16890442371368408,0.5864138603210449,1.0
-0.6684908866882324,0.38729870319366455,1.0
-0.04717639088630676,0.672539234161377,1.0
-0.7846828103065491,0.28481972217559814,1.0
-0.3156737983226776,0.3608309328556061,0.0
-0.20767167210578918,0.516473114490509,1.0
-0.7694761753082275,0.25827258825302124,0.0
-0.5455076694488525,0.43270814418792725,1.0
-0.6065139770507812,0.3968082368373871,0.0
-0.47662225365638733,0.3695828318595886,0.0
-0.17079488933086395,0.32131269574165344,0.0
-0.6513115763664246,0.2605304718017578,1.0
-0.5012543201446533,0.47953739762306213,0.0
0.25383520126342773,-0.01903131604194641,0.0
0.3739957809448242,0.5130672454833984,0.0
-0.7134519815444946,0.15437237918376923,0.0
-0.6546927094459534,0.11592894792556763,0.0
-0.5821841955184937,0.4827183187007904,0.0
-0.46325528621673584,0.46118494868278503,1.0
-0.4974305033683777,0.4871496856212616,0.0
-0.9935845732688904,-0.04446759819984436,1.0
-0.48695042729377747,0.4205443859100342,0.0
-0.09870347380638123,0.34203001856803894,0.0
-0.07335811853408813,-0.14331352710723877,0.0
-0.19246035814285278,0.5428968667984009,1.0
0.08581924438476562,0.016992002725601196,0.0
-0.7195793390274048,0.19410784542560577,0.0
0.0940607488155365,0.9083883166313171,1.0
-0.025873631238937378,0.43299901485443115,0.0
-0.9208203554153442,0.17894946038722992,1.0
0.03255799412727356,-0.03961440920829773,0.0
-0.6409285068511963,0.3258505165576935,0.0
-0.20361389219760895,0.5966143608093262,1.0
-0.46858569979667664,0.4952523410320282,1.0
-0.21070033311843872,-0.023027747869491577,0.0
-0.06520375609397888,0.644545316696167,1.0
-0.9503054618835449,0.08553150296211243,0.0
-0.6380383968353271,0.20048433542251587,0.0
0.03894487023353577,0.9586135149002075,1.0
-0.06526315212249756,1.0,1.0
-0.05676615238189697,0.6213914155960083,0.0
-0.38803526759147644,0.4486180543899536,0.0
-0.6701412200927734,0.3504873812198639,1.0
-0.48612964153289795,0.41392409801483154,1.0
-0.5500588417053223,0.5078145861625671,1.0
-0.33861303329467773,0.5172353982925415,0.0
0.4707966446876526,-0.6836215257644653,0.0
-0.28501516580581665,0.7323806285858154,1.0
-0.4998418092727661,0.43103423714637756,1.0
-0.8395029902458191,0.21533434092998505,1.0
-0.6526562571525574,0.2513183355331421,0.0
-0.779428243637085,0.13303667306900024,1.0
0.04309776425361633,0.7911168336868286,1.0
-0.3826179802417755,0.5864729285240173,0.0
-0.9022864103317261,0.17234116792678833,0.0
-0.6481641530990601,0.20684728026390076,1.0
-0.05095785856246948,0.376209020614624,0.0
-0.46220144629478455,0.3728594481945038,0.0
-0.543237566947937,0.4269205629825592,1.0
-0.357974648475647,0.6481176018714905,1.0
-0.5664308071136475,0.5428288578987122,0.0
0.13213002681732178,-0.0718439519405365,0.0
-0.30515870451927185,0.6263902187347412,1.0
-0.2535971999168396,0.424341082572937,1.0
-0.12477496266365051,0.8328298330307007,1.0
0.6429076194763184,-0.6201850175857544,0.0
-0.16098231077194214,0.5924130082130432,0.0
-0.3416655957698822,0.6852299571037292,1.0
-0.6410326361656189,0.48890385031700134,1.0
-0.12310217320919037,0.26904332637786865,1.0
-0.6014559864997864,0.37007707357406616,0.0
-0.3054557144641876,0.5049524903297424,0.0
-0.11685559153556824,0.1615462750196457,0.0
-0.32418426871299744,0.7901613116264343,1.0
-0.5263176560401917,0.4228817820549011,0.0
-0.49964940547943115,0.5571229457855225,1.0
-0.8107563853263855,0.2543821930885315,0.0
-0.4899359345436096,0.46915772557258606,0.0
0.39606374502182007,0.116234689950943,0.0
-0.2731962502002716,0.6781495809555054,1.0
-0.654202938079834,0.19292159378528595,0.0
-0.32185089588165283,0.42911890149116516,0.0
-0.7276318073272705,0.34249424934387207,1.0
0.11552080512046814,0.6036145687103271,0.0
-0.2298937439918518,0.7374763488769531,1.0
-0.49729862809181213,0.4657435119152069,1.0
-0.3942164182662964,0.645397424697876,1.0
-0.5644517540931702,0.5377788543701172,1.0
0.00016260147094726562,0.7004145383834839,1.0
-0.41597235202789307,0.6195185780525208,0.0
-0.6061692237854004,0.4055315852165222,1.0
-0.37018898129463196,0.5842276811599731,1.0
-0.44953811168670654,0.27649179100990295,0.0
-0.23416449129581451,0.6647164821624756,1.0
-0.41753172874450684,0.3275277018547058,0.0
0.053822845220565796,0.8734335899353027,0.0
-0.16917364299297333,0.3675540089607239,0.0
-0.41889581084251404,0.600731611251831,1.0
-0.5433175563812256,0.45607253909111023,1.0
-0.3943624198436737,0.3855975866317749,1.0
-0.5211217403411865,0.3778204917907715,1.0
-0.28598010540008545,0.5375764966011047,1.0
0.18897086381912231,0.7280282974243164,0.0
-0.46793997287750244,0.5431087017059326,1.0
-0.17658783495426178,0.73496413230896,1.0
-0.5152097344398499,0.3287768065929413,1.0
-0.32589441537857056,0.4610568583011627,1.0
0.0390925407409668,0.9208472371101379,1.0
0.09529203176498413,0.7425102591514587,0.0
-0.41919970512390137,0.3926992416381836,0.0
-0.07671123743057251,0.6219950318336487,1.0
-0.21859419345855713,0.5144875049591064,1.0
-0.5583195686340332,0.5204604268074036,0.0
-0.40289556980133057,0.539909839630127,1.0
-0.7640756368637085,0.006595641374588013,0.0
-1.0,0.030179262161254883,0.0
-0.017142444849014282,0.7966717481613159,1.0
0.09086701273918152,0.81028151512146,1.0
-0.07130905985832214,-0.08345437049865723,0.0
-0.48298436403274536,0.2313733845949173,0.0
-0.23976358771324158,0.5697609186172485,1.0
-0.5180619955062866,0.5582975149154663,0.0
-0.5654305815696716,0.24430905282497406,1.0
-0.6330828666687012,0.37179669737815857,1.0
-0.4009140729904175,0.6158382296562195,1.0
0.3881598114967346,-0.6336256265640259,0.0
-0.753089427947998,0.3505050539970398,1.0
-0.2622529864311218,0.6302544474601746,1.0
-0.17602568864822388,0.6535756587982178,1.0
0.17539715766906738,0.1197914183139801,0.0
-0.33505940437316895,0.6880770325660706,0.0
-0.29805541038513184,0.790995717048645,1.0
-0.6109066009521484,0.4418419599533081,0.0
-0.6693614721298218,0.2984640598297119,1.0
-0.9556106925010681,-0.024637669324874878,1.0
-0.07329797744750977,0.6519943475723267,0.0
0.06519803404808044,0.6033394932746887,0.0
-0.43117135763168335,0.49189290404319763,0.0
-0.3265741169452667,0.7154641151428223,1.0
-0.1980118751525879,0.7621013522148132,1.0
0.7211357355117798,-0.793698787689209,0.0
-0.1799420863389969,0.8093341588973999,1.0
-0.4627016484737396,0.5250917673110962,1.0
-0.6591215133666992,0.3116911053657532,0.0
-0.6666660904884338,0.32698094844818115,1.0
-0.9472664594650269,0.2842728793621063,1.0
-0.2275533527135849,0.5104442238807678,1.0
-0.8442416191101074,0.3777116537094116,1.0
-0.6736985445022583,0.17599208652973175,0.0
-0.8445651531219482,0.2564656436443329,0.0
-0.39420074224472046,0.4135885536670685,0.0
-0.2865820527076721,0.48940011858940125,1.0
-0.6935535669326782,0.3663843274116516,1.0
-0.05380910634994507,0.7633718848228455,1.0
-0.16162659227848053,0.6840165853500366,1.0
-0.5937814116477966,0.47967690229415894,1.0
-0.5248520970344543,0.5874536037445068,1.0
-0.2830769121646881,0.3559505045413971,1.0
-0.605504035949707,0.4311762750148773,0.0
-0.5077139139175415,0.3249380886554718,0.0
-0.33447709679603577,0.6173217296600342,1.0
-0.44789785146713257,0.24931588768959045,1.0
-0.44072237610816956,0.20426686108112335,0.0
-0.5713536143302917,0.5072503685951233,1.0
-0.422716349363327,0.5216702818870544,0.0
-0.5922043323516846,0.1967335045337677,1.0
0.08379682898521423,0.8026341795921326,1.0
-0.2927883565425873,0.568454921245575,0.0
-0.7301567196846008,0.14093995094299316,1.0
-0.8965805172920227,0.16469350457191467,0.0
0.32735615968704224,0.6434313654899597,0.0
-0.4786425530910492,0.5656642913818359,1.0
-0.037321388721466064,0.25409507751464844,0.0
0.05231913924217224,0.8816324472427368,1.0
-0.15269309282302856,0.4860810339450836,0.0
-0.6526740789413452,0.2806943655014038,0.0
-0.17825919389724731,0.8027968406677246,1.0
-0.6664210557937622,0.3608176112174988,0.0
-0.69798743724823,0.3169748783111572,0.0
-0.5520101189613342,0.22876468300819397,1.0
-0.19932307302951813,0.5514754056930542,0.0
-0.4085034430027008,0.10347682237625122,0.0
-0.6859308481216431,0.2899664342403412,1.0
-0.259818434715271,0.6755237579345703,1.0
-0.5013332366943359,0.496245801448822,1.0
-0.4410202205181122,0.5342624187469482,0.0
-0.03567451238632202,0.9128143191337585,1.0
-0.6853612065315247,0.28408002853393555,1.0
0.0321374237537384,0.750464677810669,0.0
-0.7649505138397217,0.23936159908771515,1.0
-0.2167903631925583,0.6024764776229858,1.0
-0.5806468725204468,0.19820278882980347,0.0
-0.7608911991119385,0.30963343381881714,1.0
-0.5880414247512817,0.2122986763715744,0.0
0.44406020641326904,-0.5323390364646912,0.0
-0.4618467092514038,0.30737996101379395,0.0
-0.29862698912620544,0.5188779830932617,1.0
-0.49193844199180603,0.46482568979263306,1.0
0.57298743724823,-0.5283463001251221,0.0
-0.8845347166061401,0.211092010140419,1.0
-0.6045671701431274,0.19514372944831848,0.0
0.21097779273986816,0.9778898358345032,1.0
-0.741989016532898,0.32533615827560425,0.0
-0.52228844165802,0.4550114870071411,0.0
-0.889245867729187,0.06783908605575562,1.0
-0.46522703766822815,0.4061277210712433,0.0
-0.28748631477355957,0.657707691192627,1.0
-0.4138530194759369,0.45395606756210327,0.0
-0.4231463670730591,0.5316115021705627,0.0
-0.5629078149795532,0.3627186715602875,0.0
-0.831490159034729,0.07314375042915344,0.0
-0.6645079851150513,0.332536518573761,1.0
-0.26063665747642517,0.4810476303100586,0.0
0.15005534887313843,0.15778516232967377,0.0
-0.7957760095596313,0.37119415402412415,1.0
-0.6397732496261597,-0.011616528034210205,0.0
-0.3412199020385742,0.5207287073135376,0.0
-0.6990983486175537,0.251275897026062,0.0
-0.5855944156646729,0.5091633200645447,1.0
-0.688262403011322,0.2733560800552368,1.0
-0.5252415537834167,0.3415968120098114,1.0
-0.20992420613765717,0.49426403641700745,1.0
-0.8582383394241333,0.19565662741661072,0.0
0.5543385744094849,0.35017576813697815,0.0
-0.8208221197128296,0.3009759783744812,0.0
0.0014430880546569824,0.3577980697154999,0.0
-0.41295716166496277,0.10072413086891174,1.0
-0.26143622398376465,0.5586540699005127,0.0
-0.6668802499771118,0.32438579201698303,0.0
-0.5929676294326782,0.46463361382484436,0.0
-0.4496426284313202,0.4095524549484253,0.0
-0.09666717052459717,0.586387038230896,1.0
-0.4727162718772888,0.38001665472984314,1.0
-0.5759952068328857,0.28393688797950745,0.0
-0.6208213567733765,0.2652220129966736,1.0
-0.4408758878707886,0.361328661441803,0.0
-0.2885970175266266,0.592875599861145,1.0
-0.3342703878879547,0.2552468180656433,0.0
-0.3419727087020874,0.5300533175468445,1.0
-0.8884904384613037,0.1781245619058609,1.0
-0.3346203863620758,0.5306154489517212,0.0
-0.6111869812011719,0.25087788701057434,0.0
-0.5867077112197876,0.3224036991596222,0.0
-0.39254364371299744,0.4530290961265564,1.0
-0.6737306118011475,0.4601248502731323,0.0
-0.49989256262779236,0.47101375460624695,1.0
-0.5211014151573181,0.3248227834701538,1.0
-0.3003326952457428,0.47818899154663086,0.0
-0.02389940619468689,0.37065526843070984,1.0
-0.2875167429447174,0.6903688907623291,1.0
-0.6368973851203918,0.4072962999343872,1.0
-0.18430158495903015,0.7987560033798218,1.0
-0.37576624751091003,0.4173743724822998,1.0
-0.341426283121109,0.5410929918289185,1.0
-0.417620986700058,0.3955758810043335,1.0
-0.2802862226963043,0.3104235827922821,0.0
0.21226853132247925,0.20379109680652618,0.0
-0.7950233221054077,0.305259644985199,1.0
-0.3325795829296112,0.23157209157943726,0.0
-0.13749267160892487,0.45442768931388855,0.0
-0.16363658010959625,0.7307360768318176,1.0
-0.164552703499794,0.8293859362602234,1.0
-0.5974965691566467,0.33772924542427063,0.0
0.42825090885162354,-0.5130845308303833,0.0
-0.1829960197210312,0.7752611637115479,1.0
-0.49979785084724426,0.48163434863090515,1.0
-0.5657365918159485,0.4377102255821228,1.0
-0.5676044225692749,0.25006869435310364,0.0
-0.16792505979537964,0.543718695640564,1.0
-0.6915206909179688,0.2626729905605316,0.0
-0.5324611663818359,0.24740441143512726,0.0
-0.2020615041255951,0.7539032101631165,1.0
-0.924937903881073,0.1961193084716797,1.0
0.02715882658958435,0.5664697885513306,0.0
-0.4189807176589966,0.3383576571941376,0.0
-0.6033850908279419,0.39758503437042236,0.0
-0.017930328845977783,0.10659343004226685,0.0
0.4567880630493164,-0.3291560411453247,0.0
-0.9907572865486145,0.07251814007759094,1.0
0.08552876114845276,0.7872353792190552,0.0
-0.5851016640663147,0.4731622636318207,1.0
-0.5935413837432861,0.536893904209137,1.0
-0.7434167861938477,0.3657788634300232,1.0
-0.263167142868042,0.4605880677700043,0.0
-0.4539893865585327,0.4325459599494934,0.0
-0.41888466477394104,0.6343547105789185,1.0
-0.5487020611763,0.10300135612487793,0.0
-0.3683392107486725,0.5124619007110596,1.0
-0.5386545658111572,0.15489473938941956,0.0
-0.03890150785446167,0.16617099940776825,0.0
-0.2720530927181244,0.6872524619102478,1.0
-0.6532551050186157,0.5341899991035461,0.0
-0.03450620174407959,0.22614480555057526,0.0
-0.4401099681854248,0.25996068120002747,1.0
-0.4919687509536743,0.32733380794525146,0.0
-0.8284815549850464,0.3351975083351135,0.0
0.0765499472618103,0.6914860010147095,0.0
-0.44638556241989136,0.6196094751358032,1.0
-0.4225011467933655,0.2510228753089905,0.0
-0.7401851415634155,0.4145926833152771,1.0
-0.40599143505096436,0.5961692929267883,1.0
0.32096678018569946,-0.22351408004760742,0.0
-0.4920769929885864,0.36098405718803406,0.0
-0.578332245349884,0.3585817813873291,1.0
-0.5820600986480713,0.41872626543045044,1.0
-0.17942753434181213,0.5409115552902222,1.0
-0.24663588404655457,0.5362228751182556,1.0
-0.6131511926651001,0.3631831407546997,0.0
-0.7128188610076904,0.3075726628303528,0.0
-0.34458354115486145,0.43518301844596863,1.0
-0.14364762604236603,0.17640797793865204,1.0
-0.5948193669319153,0.2936127781867981,0.0
-0.15065090358257294,0.6557694673538208,1.0
-0.32542943954467773,0.5361024141311646,1.0
-0.2712239623069763,-0.08377030491828918,0.0
0.13720515370368958,0.43360617756843567,0.0
-0.48886948823928833,0.25757187604904175,0.0
-0.4304753243923187,0.46295303106307983,0.0
-0.5565245747566223,0.450434148311615,1.0
-0.3307761549949646,0.5204346776008606,1.0
-0.49964267015457153,0.3746640384197235,1.0
-0.8017007112503052,0.26496750116348267,1.0
0.011656254529953003,-0.12295699119567871,0.0
-0.30357834696769714,0.546396017074585,0.0
-0.34361305832862854,0.48146286606788635,1.0
-0.5036954283714294,0.20663782954216003,0.0
-0.07888558506965637,0.9006102681159973,1.0
-0.5297524929046631,0.3257768750190735,0.0
-0.11068487167358398,0.8155776262283325,1.0
0.05474501848220825,0.061436742544174194,0.0
-0.5187022686004639,0.2603304088115692,0.0
0.34942692518234253,0.016501396894454956,0.0
-0.06630080938339233,0.6019952297210693,0.0
-0.16988395154476166,0.6686972379684448,1.0
-0.5291703939437866,0.5182302594184875,0.0
-0.25361955165863037,0.6037601828575134,0.0
-0.15693436563014984,0.8548824787139893,1.0
-0.3425152599811554,0.45547086000442505,1.0
-0.6945785284042358,0.15028338134288788,0.0
0.1983199119567871,-0.22570818662643433,0.0
-0.4895973205566406,0.5524139404296875,0.0
-0.6214573979377747,0.4653583765029907,0.0
-0.3719707429409027,0.30983659625053406,1.0
0.5693514347076416,-0.5979570746421814,0.0
-0.39131787419319153,0.6282526850700378,1.0
-0.2098100185394287,0.8955883979797363,1.0
-0.21077202260494232,0.8446288108825684,0.0
-0.07051944732666016,0.579921543598175,0.0
-0.45838743448257446,0.377529501914978,0.0
-0.7286430597305298,0.23496975004673004,0.0
-0.8790262341499329,0.15681006014347076,0.0
-0.2840459644794464,0.6910173892974854,1.0
-0.35622191429138184,0.5338163375854492,1.0
-0.4568938612937927,0.5013848543167114,1.0
-0.5063822269439697,0.3571276366710663,1.0
-0.0384543240070343,0.5053550601005554,0.0
-0.6884651780128479,0.27638527750968933,0.0
-0.29416707158088684,0.4767633080482483,1.0
-0.7570717930793762,0.43600159883499146,1.0
-0.8718544244766235,0.08974966406822205,0.0
-0.8619678616523743,0.2061842679977417,1.0
-0.15953747928142548,0.7828138470649719,1.0
-0.17954352498054504,0.8187336921691895,1.0
-0.7676575183868408,0.18688052892684937,1.0
-0.3678388297557831,0.6303755044937134,1.0
-0.8462780117988586,0.22187268733978271,1.0
-0.5382682085037231,0.5609032511711121,1.0
-0.2877919673919678,0.7418793439865112,1.0
-0.5834081172943115,0.32481658458709717,1.0
-0.4705968499183655,0.27933409810066223,1.0
-0.9060876369476318,0.04761224985122681,0.0
-0.5180354714393616,0.4717457592487335,1.0
-0.4729926288127899,0.5873854756355286,1.0
-0.5335688591003418,0.5291270017623901,1.0
-0.6776454448699951,0.31521743535995483,1.0
-0.3546953797340393,0.49909108877182007,0.0
-0.38352170586586,0.45801928639411926,1.0
-0.09622982144355774,0.46744030714035034,0.0
0.198339581489563,0.670738697052002,1.0
0.21080607175827026,-0.22925639152526855,0.0
-0.013801485300064087,0.845464825630188,1.0
-0.6394014358520508,0.14581742882728577,0.0
-0.5604895353317261,0.5319632291793823,0.0
-0.7497100234031677,0.3307325839996338,1.0
-0.5721588134765625,0.5212646722793579,1.0
-0.3770120143890381,0.6319265961647034,1.0
-0.39644601941108704,0.4991210401058197,1.0
-0.4313317537307739,0.7401353120803833,1.0
-0.8793046474456787,0.2846442461013794,0.0
0.110588937997818,0.2474801242351532,0.0
-0.4694310128688812,0.39310693740844727,1.0
-0.18588878214359283,0.7315123081207275,1.0
-0.31327587366104126,0.7204059958457947,0.0
-0.2849578261375427,0.66945481300354,0.0
-0.21094174683094025,0.485329806804657,0.0
0.08720871806144714,0.16760239005088806,0.0
-0.08164721727371216,0.7405192852020264,1.0
-0.844058632850647,0.3024095594882965,1.0
-0.4903532564640045,0.39219555258750916,1.0
-0.18158301711082458,0.29409828782081604,0.0
-0.7772669792175293,0.3631654381752014,1.0
-0.23109786212444305,0.43974611163139343,0.0
-0.5292515754699707,0.5948359966278076,1.0
-0.29363688826560974,0.7280138731002808,1.0
-0.05368912220001221,0.6172828674316406,1.0
-0.520266592502594,0.5499311089515686,0.0
-0.17187021672725677,0.7239323258399963,1.0
-0.5166336894035339,0.28328701853752136,1.0
-0.10453242063522339,0.3101844787597656,0.0
-0.8187574148178101,0.15135030448436737,1.0
0.4498031735420227,-0.5040299296379089,0.0
-0.7224206924438477,0.3801412582397461,1.0
-0.8801939487457275,0.12816917896270752,1.0
0.12055748701095581,-0.008728176355361938,0.0
-0.04628396034240723,0.7781776189804077,0.0
-0.74774169921875,0.33365845680236816,1.0
0.13094228506088257,0.7483274936676025,1.0
-0.17243477702140808,-0.1751442551612854,0.0
-0.3243181109428406,0.6061713695526123,1.0
0.11746546626091003,0.09123355150222778,0.0
-0.5882523655891418,0.38992127776145935,1.0
-0.31924062967300415,0.6126106977462769,0.0
-0.5831360220909119,0.45677679777145386,1.0
0.2835853099822998,0.025601357221603394,0.0
-0.7935576438903809,0.3740740120410919,0.0
0.09661298990249634,0.07307955622673035,0.0
-0.6079828143119812,0.26455241441726685,0.0
-0.5719064474105835,0.43916285037994385,1.0
-0.4102613627910614,0.607481062412262,1.0
-0.007327526807785034,0.38725462555885315,0.0
-0.06350162625312805,-0.14953923225402832,0.0
-0.01389661431312561,0.697052001953125,1.0
-0.4609616696834564,0.2177339345216751,1.0
-0.5214980840682983,0.5349202156066895,1.0
0.12031379342079163,0.37970688939094543,0.0
-0.27998846769332886,0.39880844950675964,0.0
-0.05951586365699768,0.6836004257202148,1.0
-0.7982449531555176,0.31976109743118286,0.0
-0.6030745506286621,0.35079291462898254,0.0
-0.584141194820404,0.20521748065948486,1.0
-0.5946515798568726,0.04845622181892395,0.0
-0.4454241991043091,0.41327929496765137,1.0
-0.5923637747764587,0.5287536382675171,0.0
-0.3754745125770569,0.5789890289306641,1.0
-0.17998303472995758,0.5578020811080933,1.0
0.11053618788719177,0.9101690649986267,1.0
-0.2628701627254486,0.35412299633026123,1.0
-0.01492956280708313,0.7285017371177673,1.0
-0.22454187273979187,0.4411163330078125,1.0
-0.3839268684387207,0.3557925820350647,0.0
-0.8478885889053345,0.09095755219459534,0.0
-0.826802134513855,0.1916910856962204,0.0
-0.28621357679367065,0.42541301250457764,1.0
0.25805437564849854,0.3881594240665436,0.0
-0.4693324565887451,0.33128419518470764,0.0
-0.001325756311416626,0.9248383045196533,1.0
-0.7309458255767822,0.2840706706047058,1.0
-0.5270262360572815,0.15180116891860962,0.0
-0.32721155881881714,0.41456642746925354,1.0
-0.7338643074035645,0.30330488085746765,0.0
-0.8642557859420776,-0.012828975915908813,0.0
-0.5108274817466736,0.5760340690612793,0.0
-0.010329991579055786,0.340695321559906,0.0
-0.6893422603607178,0.09450626373291016,1.0
-0.3628484606742859,0.5982137322425842,1.0
-0.8546891212463379,0.15042050182819366,0.0
-0.5399693250656128,0.5685470104217529,1.0
-0.4873300790786743,0.35604673624038696,0.0
-0.8830674290657043,0.2810741066932678,1.0
0.04366588592529297,0.5937659740447998,1.0
-0.055388420820236206,0.7950119972229004,1.0
-0.6937042474746704,0.30543845891952515,0.0
-0.47345635294914246,0.464982807636261,1.0
-0.04259184002876282,0.2472638636827469,0.0
-0.6557143330574036,0.3437100052833557,1.0
-0.15933342278003693,0.36867547035217285,0.0
-0.6400676965713501,0.1161239743232727,0.0
-0.039006203413009644,0.4498199224472046,0.0
0.020408153533935547,0.6391609907150269,1.0
-0.4716014266014099,0.3854466676712036,0.0
-0.2469058334827423,0.5939513444900513,1.0
-0.25781217217445374,0.4320191442966461,0.0
-0.08414411544799805,0.4878794252872467,0.0
-0.5956325531005859,0.1462867110967636,0.0
-0.7831462621688843,0.20755340158939362,1.0
-0.7594232559204102,0.06804949045181274,1.0
-0.6463418006896973,0.18550793826580048,0.0
-0.7505844831466675,0.40205100178718567,0.0
-0.674086332321167,0.469008207321167,1.0
-0.7739032506942749,0.3185003399848938,0.0
-0.8010292053222656,0.27495890855789185,1.0
-0.17293210327625275,0.5439866185188293,1.0
-0.5195938348770142,0.43666312098503113,1.0
-0.6065951585769653,0.28887230157852173,0.0
-0.5011661052703857,0.5641292929649353,1.0
-0.6350517868995667,0.5062536001205444,1.0
0.34649574756622314,-0.6149009466171265,0.0
-0.9240722060203552,0.15410570800304413,1.0
-0.4752212166786194,0.42482492327690125,0.0
-0.6384590864181519,0.3594402074813843,0.0
-0.10404124855995178,0.6626691818237305,1.0
-0.46092677116394043,0.6380259990692139,1.0
-0.26859423518180847,0.37410739064216614,0.0
-0.5700858235359192,0.3331254720687866,0.0
-0.7397531270980835,0.31906723976135254,1.0
-0.7605156898498535,0.1607433557510376,1.0
-0.8912511467933655,0.20784084498882294,1.0
-0.387827605009079,0.5980645418167114,0.0
-0.30077916383743286,0.6390626430511475,1.0
0.022940218448638916,0.8259782791137695,1.0
-0.3771250545978546,0.23472903668880463,0.0
-0.8340003490447998,0.12418398261070251,1.0
-0.040005654096603394,0.6961026191711426,1.0
-0.07874271273612976,0.6946231722831726,1.0
-0.6800244450569153,0.323756605386734,1.0
-0.3830834627151489,0.34141799807548523,0.0
-0.03944620490074158,0.535992443561554,0.0
0.21562284231185913,0.026271820068359375,0.0
-0.38132238388061523,0.6376935243606567,1.0
-0.25665533542633057,0.2662961184978485,1.0
-0.6104210615158081,0.3198654055595398,1.0
-0.07516464591026306,0.07746514678001404,0.0
-0.19529272615909576,0.7830783128738403,1.0
-0.6079822778701782,0.3957749605178833,1.0
-0.3451630473136902,0.6477510929107666,1.0
-0.6421129703521729,0.18642538785934448,1.0
-0.043506741523742676,0.3673659563064575,0.0
0.07461157441139221,0.08279967308044434,0.0
-0.29945263266563416,0.6500160694122314,1.0
-0.5180692672729492,0.31152692437171936,0.0
-0.5432744026184082,0.3922073543071747,0.0
-0.29568541049957275,0.664482831954956,1.0
-0.36963313817977905,0.5783529877662659,0.0
-0.37656083703041077,0.5706112384796143,1.0
-0.6681041121482849,0.3570641577243805,1.0
-0.27554070949554443,0.6181627511978149,1.0
-0.3813202679157257,0.5101006031036377,1.0
-0.2135094553232193,0.6287813186645508,0.0
-0.7109284996986389,0.31199556589126587,1.0
-0.08253845572471619,0.9026385545730591,1.0
-0.02935066819190979,0.21428558230400085,0.0
-0.6131618022918701,0.3979405462741852,1.0
0.7784004211425781,-0.6742358207702637,0.0
-0.18990273773670197,0.760675311088562,1.0
0.013672441244125366,0.07183980941772461,0.0
-0.9409125447273254,0.18897926807403564,1.0
-0.1478026658296585,0.2905265688896179,0.0
0.10169243812561035,0.04124516248703003,0.0
-0.5739239454269409,0.5337480306625366,1.0
-0.7493019700050354,0.17358841001987457,1.0
0.026336878538131714,0.08568334579467773,0.0
-0.44126102328300476,0.6640044450759888,1.0
0.1505037546157837,0.705492377281189,1.0
-0.2705073356628418,0.556290864944458,1.0
-0.4208396375179291,0.5531665086746216,1.0
-0.2235419750213623,0.5717809200286865,0.0
-0.8478885889053345,0.09095755219459534,0.0
-0.17602501809597015,0.6154093146324158,1.0
-0.8722338676452637,0.2131633311510086,0.0
-0.655443012714386,0.2575656771659851,0.0
-0.4052991569042206,0.46681779623031616,1.0
-0.4781908392906189,0.38184380531311035,1.0
0.08278053998947144,0.967006504535675,1.0
-0.45721113681793213,0.2970638871192932,1.0
-0.950559675693512,0.23500500619411469,0.0
-0.46673300862312317,0.5414829850196838,1.0
-0.11701469123363495,0.20083633065223694,0.0
-0.10727331042289734,0.7768769860267639,1.0
-0.13007813692092896,0.3789123296737671,1.0
-0.1827474683523178,0.5437123775482178,1.0
-0.32618236541748047,0.5156382322311401,1.0
-0.45616045594215393,0.39881086349487305,0.0
-0.6982071399688721,0.3774612545967102,1.0
-0.7394285202026367,0.12710297107696533,0.0
-0.17303362488746643,0.7020881175994873,1.0
-0.44926393032073975,0.31899797916412354,1.0
-0.2080521583557129,0.3073970079421997,0.0
-0.41437235474586487,0.5119814276695251,0.0
-0.47788286209106445,0.4310791790485382,1.0
-0.22361135482788086,0.2179412841796875,1.0
-0.12074774503707886,0.39174872636795044,0.0
0.20720088481903076,-0.28379136323928833,0.0
-0.36384209990501404,0.43638914823532104,1.0
-0.6175417900085449,0.4006291627883911,1.0
0.38622134923934937,-0.36628490686416626,0.0
-0.11838531494140625,0.8655509948730469,1.0
-0.46480125188827515,0.2802445590496063,0.0
-0.8526979684829712,0.08246394991874695,1.0
-0.20919302105903625,0.6145724654197693,1.0
-0.43276435136795044,0.34926795959472656,1.0
-0.5596967935562134,0.23736253380775452,0.0
-0.24892818927764893,0.7033589482307434,1.0
0.060414671897888184,0.917955756187439,1.0
-0.689348578453064,0.37568455934524536,0.0
-0.2601339519023895,0.6805047988891602,1.0
-0.5120073556900024,0.3672220706939697,1.0
0.4606117606163025,0.1168539822101593,0.0
-0.17347273230552673,-0.01913285255432129,0.0
-0.31271815299987793,0.3770856559276581,0.0
-0.3518476188182831,0.7746455669403076,1.0
-0.9703755974769592,0.24337926506996155,1.0
0.3066444396972656,0.660730242729187,1.0
-0.6327377557754517,0.4647095203399658,1.0
-0.3864710330963135,0.46414726972579956,1.0
-0.4530145227909088,0.5298645496368408,0.0
-0.6975870132446289,0.48692619800567627,0.0
-0.1058562695980072,0.8177812099456787,1.0
-0.3047737777233124,0.37933340668678284,0.0
0.2726551294326782,0.6992363929748535,0.0
-0.11923874914646149,0.6351908445358276,1.0
0.03906986117362976,0.9947733879089355,1.0
-0.4763723909854889,0.2953513264656067,1.0
-0.7141914367675781,0.4834812879562378,1.0
0.559044599533081,0.21681007742881775,0.0
-0.5441873073577881,0.5918021202087402,1.0
0.23534327745437622,0.6920595169067383,0.0
0.0684613287448883,0.31977325677871704,0.0
-0.5044820308685303,0.5162416696548462,1.0
-0.5953180193901062,0.5538462400436401,1.0
-0.4816707968711853,0.40776461362838745,0.0
-0.8411719799041748,0.13612213730812073,1.0
-0.5296835899353027,0.10136517882347107,0.0
-0.6643615961074829,0.5113850831985474,1.0
-0.48868441581726074,0.40982863306999207,0.0
-0.8754915595054626,0.19218453764915466,0.0
-0.3189865052700043,0.40504035353660583,1.0
-0.6613951921463013,0.4880722165107727,1.0
-0.41575464606285095,0.5144311785697937,1.0
-0.26095113158226013,0.575622022151947,1.0
-0.5157536268234253,0.32515907287597656,1.0
-0.9029730558395386,0.13563427329063416,0.0
-0.5071026682853699,0.5436327457427979,1.0
-0.4860970377922058,0.46843165159225464,0.0
-0.17539285123348236,-0.025380998849868774,0.0
-0.13736800849437714,0.007998257875442505,0.0
-0.4833057224750519,0.40680742263793945,1.0
-0.029948532581329346,0.140597403049469,0.0
-0.6554763317108154,0.369995653629303,1.0
-0.25288304686546326,0.3015691936016083,1.0
-0.11204269528388977,0.8074750900268555,1.0
0.4034426212310791,-0.8623044490814209,0.0
-0.29823005199432373,0.5296676158905029,0.0
-0.3750073313713074,0.3410831093788147,1.0
-0.4223268926143646,0.24874792993068695,0.0
-0.11592522263526917,0.8534566760063171,0.0
-0.36850953102111816,0.5957522392272949,0.0
-0.2677043378353119,0.5738976001739502,0.0
0.09591147303581238,0.4098169803619385,0.0
-0.5560934543609619,0.20407716929912567,1.0
-0.3908517360687256,0.2966975271701813,0.0
-0.4474874436855316,0.4953664243221283,1.0
-0.44680288434028625,0.0888630747795105,0.0
-0.47829216718673706,0.4124371409416199,1.0
-0.02830904722213745,0.7826167345046997,1.0
-0.8312350511550903,0.1789313703775406,1.0
-0.6082003116607666,0.5357439517974854,0.0
-0.1827578842639923,0.8078151941299438,1.0
-0.5702741146087646,0.5296204090118408,0.0
-0.4384101629257202,0.25041624903678894,0.0
-0.057843923568725586,0.7523134350776672,0.0
-0.29141533374786377,0.703015923500061,1.0
-0.7105050086975098,0.2920394837856293,0.0
-0.6017050743103027,0.30040785670280457,0.0
-0.693352222442627,0.16875579953193665,0.0
-0.6364027857780457,0.3671337962150574,1.0
-0.6356682777404785,0.2331678569316864,1.0
-0.18477705121040344,0.2930108904838562,0.0
0.16484451293945312,0.20983222126960754,0.0
-0.49680453538894653,0.35250821709632874,0.0
-0.4033597707748413,0.43022239208221436,1.0
0.0478973388671875,0.6732206344604492,1.0
-0.09693434834480286,0.5640208721160889,1.0
-0.6182150840759277,0.4381617307662964,1.0
0.23366063833236694,0.8696949481964111,1.0
-0.825729250907898,0.1987796574831009,1.0
-0.1382407397031784,0.48932987451553345,1.0
-0.819007158279419,0.23405800759792328,1.0
-0.35631054639816284,0.604392945766449,1.0
0.11543577909469604,0.1513800472021103,0.0
-0.631010115146637,0.46315932273864746,0.0
-0.3967524468898773,0.47482097148895264,0.0
0.053184568881988525,0.6555785536766052,0.0
-0.3298446834087372,0.3145969808101654,0.0
-0.6121677756309509,0.4602925181388855,0.0
-0.6706076860427856,0.3694908022880554,0.0
-0.7072070240974426,0.13481634855270386,0.0
-0.4741714894771576,0.5313878655433655,0.0
-0.6732752323150635,0.4753704071044922,0.0
-0.2954566478729248,0.4730430245399475,0.0
-0.6613569259643555,0.33929625153541565,1.0
0.20813846588134766,0.5809049010276794,0.0
-0.6659020185470581,0.35874655842781067,1.0
-0.4706178605556488,0.4388046860694885,1.0
-0.42866021394729614,0.5557165145874023,0.0
-0.6485369205474854,0.19361668825149536,0.0
-0.6948988437652588,0.27566805481910706,0.0
-0.23631274700164795,0.33304446935653687,1.0
-0.9207277297973633,0.1988014578819275,1.0
-0.6503316164016724,0.4339386522769928,0.0
0.039782553911209106,0.6203286051750183,0.0
-0.3676055371761322,0.3549806773662567,1.0
-0.05907702445983887,0.7758079171180725,1.0
-0.46664029359817505,0.47498756647109985,1.0
0.0033750534057617188,0.7837640047073364,1.0
-0.2536288797855377,0.09432807564735413,0.0
-0.22898705303668976,0.5240808725357056,0.0
0.49496978521347046,-0.30220967531204224,0.0
-0.3483532667160034,0.56784987449646,0.0
-0.0902135968208313,0.7890183925628662,0.0
0.09213736653327942,0.12182155251502991,0.0
-0.50943922996521,0.3636011481285095,0.0
-0.39880073070526123,0.5480002164840698,1.0
0.01738908886909485,0.31032878160476685,0.0
0.5076894164085388,-0.0890829861164093,0.0
-0.6977705955505371,0.14234834909439087,1.0
0.06312128901481628,0.12516388297080994,0.0
-0.9306279420852661,0.1958739310503006,0.0
-0.3427262604236603,0.2909368574619293,1.0
0.19162803888320923,0.4015115201473236,0.0
-0.7069599628448486,0.14879503846168518,0.0
0.08185085654258728,0.5066527724266052,0.0
-0.16797369718551636,0.5548954606056213,1.0
-0.5223230123519897,0.48529860377311707,1.0
-0.5749950408935547,0.3511863648891449,1.0
-0.37009257078170776,0.570722222328186,0.0
-0.374880850315094,0.612522304058075,1.0
-0.35008054971694946,0.45288917422294617,1.0
-0.2581108808517456,0.64892578125,1.0
-0.13392053544521332,0.3685653805732727,0.0
-0.28915509581565857,0.49008995294570923,1.0
-0.3304196894168854,0.639603853225708,1.0
-0.23447051644325256,0.4980013966560364,0.0
-0.42799949645996094,0.5598539113998413,1.0
-0.21029245853424072,0.8012592792510986,0.0
-0.5018199682235718,0.15487845242023468,1.0
-0.057184427976608276,0.7264937162399292,1.0
-0.3574167490005493,0.47919660806655884,0.0
0.26872724294662476,-0.06359723210334778,0.0
-0.16106772422790527,0.32909077405929565,0.0
-0.523658037185669,0.2799326479434967,0.0
-0.5868340134620667,0.16040323674678802,0.0
-0.8616474270820618,0.28450846672058105,0.0
-0.4096352458000183,0.4789406955242157,1.0
-0.10953676700592041,0.6767581105232239,1.0
0.004828363656997681,0.5184466242790222,0.0
-0.32306525111198425,0.5138837099075317,1.0
-0.5825018882751465,0.5422853827476501,0.0
-0.3515538275241852,0.35577258467674255,1.0
-0.7857772707939148,0.42121389508247375,0.0
-0.15383195877075195,0.2646268606185913,0.0
-0.8062437772750854,0.24124015867710114,0.0
-0.2574140131473541,0.014254897832870483,1.0
0.03353127837181091,0.27751150727272034,0.0
-0.4163437485694885,0.36195507645606995,0.0
-0.6309027671813965,0.2248486429452896,1.0
-0.1500604897737503,0.7602062821388245,1.0
-0.42850178480148315,0.5315377712249756,1.0
-0.21039049327373505,0.7041407823562622,1.0
-0.5579721927642822,0.4159679114818573,0.0
-0.8201878070831299,0.344312846660614,0.0
-0.3768724799156189,0.43700897693634033,1.0
-0.5721043944358826,0.5408775806427002,1.0
-0.41566145420074463,0.3938753008842468,1.0
-0.1419583410024643,0.6419456005096436,1.0
-0.8849079012870789,0.2493242621421814,0.0
-0.606310248374939,0.15519019961357117,1.0
-0.4032295048236847,0.4373040199279785,0.0
-0.6952561140060425,0.29489049315452576,1.0
-0.28343796730041504,0.7501944303512573,1.0
-0.75362628698349,0.1649290919303894,0.0
-0.6052314043045044,0.3417964279651642,1.0
-0.538952648639679,0.5102115273475647,0.0
-0.07801654934883118,0.6898652911186218,1.0
-0.24930913746356964,0.723949670791626,1.0
0.15475726127624512,0.9167757034301758,1.0
-0.6991276741027832,0.4660801291465759,0.0
-0.859296441078186,0.03310847282409668,1.0
-0.6975125074386597,0.3563233017921448,1.0
-0.6111673712730408,0.5030952095985413,1.0
-0.013739705085754395,0.45632314682006836,0.0
0.01485469937324524,0.46965575218200684,0.0
-0.7828230261802673,0.3333117365837097,0.0
-0.3301842212677002,0.6228989362716675,1.0
0.007883787155151367,0.2098633050918579,0.0
-0.03481900691986084,-0.014566093683242798,0.0
-0.2935408055782318,0.6850160956382751,1.0
-0.566162645816803,0.5063255429267883,0.0
-0.5462992191314697,0.4482317566871643,0.0
-0.5899425745010376,0.4241120219230652,0.0
-0.6387435793876648,0.35211309790611267,1.0
0.5579270124435425,-0.8491576910018921,0.0
-0.5507849454879761,0.48550963401794434,1.0
-0.22672401368618011,0.6669026613235474,1.0
-0.20132875442504883,0.45975780487060547,0.0
-0.7997536063194275,0.2492106705904007,0.0
-0.37174898386001587,0.5641337633132935,1.0
-0.685028076171875,0.36674416065216064,1.0
0.050384074449539185,0.11466845870018005,0.0
-0.567710816860199,0.5372523069381714,1.0
-0.3739853799343109,0.45375415682792664,1.0
-0.2683626413345337,0.39293351769447327,0.0
-0.054594486951828,0.08652487397193909,0.0
-0.43123504519462585,0.5263751745223999,1.0
-0.4597097933292389,0.36583682894706726,0.0
0.8253288269042969,-0.6317578554153442,0.0
-0.4355607032775879,0.5417417883872986,1.0
-0.7475816011428833,0.02891215682029724,0.0
-0.502656102180481,0.2830524444580078,0.0
-0.46084749698638916,0.3575151562690735,0.0
-0.06491973996162415,0.5371468663215637,1.0
-0.7196699380874634,0.37021705508232117,1.0
-0.48913076519966125,0.258525550365448,1.0
-0.32521316409111023,0.23704466223716736,0.0
-0.029873818159103394,0.20019163191318512,0.0
-0.39275333285331726,0.3181518316268921,0.0
-0.46552664041519165,0.5374979972839355,0.0
-0.364414244890213,0.2230416238307953,0.0
0.22004544734954834,0.25801602005958557,0.0
-0.11156520247459412,-0.09418022632598877,0.0
-0.579692006111145,0.4116218686103821,1.0
-0.49260956048965454,0.35660743713378906,0.0
0.03671565651893616,0.712411642074585,1.0
-0.42062145471572876,0.5934935212135315,1.0
-0.41884997487068176,0.5889413356781006,1.0
-0.8266072273254395,0.26933756470680237,0.0
-0.6874789595603943,0.2540127635002136,0.0
0.04553881287574768,0.5968030095100403,0.0
-0.5577936172485352,0.4822406768798828,1.0
-0.11000068485736847,0.5398560166358948,0.0
-0.4701666235923767,0.41261187195777893,1.0
-0.28944307565689087,0.5168355703353882,1.0
-0.40937796235084534,0.40239179134368896,1.0
-0.09506624937057495,0.627968966960907,0.0
-0.3660804033279419,0.6029210090637207,0.0
-0.590047299861908,0.22355122864246368,0.0
-0.7648645043373108,0.3753367066383362,0.0
-0.14383573830127716,0.4157087504863739,0.0
-0.06428423523902893,0.6999377012252808,0.0
0.09859910607337952,0.6265469193458557,0.0
-0.3898760676383972,0.6220706105232239,1.0
-0.6981862783432007,0.4112783372402191,1.0
-0.7469632625579834,0.484598308801651,0.0
-0.6373950242996216,0.5471621751785278,0.0
-0.4691420793533325,0.6415095329284668,0.0
-0.13842524588108063,0.6616027355194092,1.0
-0.8365832567214966,0.1261911690235138,1.0
-0.10386785864830017,0.7519470453262329,1.0
-0.6575486063957214,0.4659980535507202,1.0
-0.13444575667381287,0.3133644163608551,0.0
-0.40577852725982666,0.5428957939147949,0.0
-0.4925781190395355,0.5613109469413757,1.0
-0.24402952194213867,0.30718013644218445,0.0
-0.5043950080871582,0.4153895974159241,0.0
-0.10555773973464966,0.47748619318008423,1.0
0.07984524965286255,0.6506837606430054,0.0
-0.36625078320503235,0.4199970066547394,0.0
-0.40079039335250854,0.23703241348266602,0.0
-0.4994770884513855,0.4506673514842987,1.0
-0.3959665894508362,0.3955930173397064,1.0
-0.030696392059326172,0.5514707565307617,1.0
0.29863888025283813,0.22072002291679382,0.0
0.08183172345161438,0.3533642292022705,0.0
-0.6162557601928711,0.5256088972091675,1.0
-0.15237538516521454,0.6243237853050232,1.0
-0.47979405522346497,0.5727193355560303,0.0
-0.2172824740409851,0.1394277811050415,0.0
-0.4234207272529602,0.03952062129974365,0.0
-0.7428147792816162,0.18314455449581146,0.0
-0.5563433170318604,0.309460312128067,0.0
0.3484727740287781,0.3296937346458435,0.0
-0.8561090230941772,0.30429908633232117,1.0
-0.22317589819431305,0.7150405645370483,0.0
0.10293754935264587,0.03466886281967163,0.0
-0.13649970293045044,0.7705901861190796,1.0
-0.38091740012168884,0.3083709478378296,0.0
-0.05139240622520447,0.285733163356781,0.0
0.2881543040275574,-0.4091464877128601,0.0
-0.5576620697975159,0.4084875285625458,1.0
-0.18424515426158905,0.46873536705970764,1.0
-0.7279059290885925,0.3372602164745331,1.0
-0.6647367477416992,0.06601923704147339,0.0
-0.7583862543106079,0.17178580164909363,1.0
-0.41922447085380554,0.3688041567802429,0.0
0.14491117000579834,0.4427475929260254,0.0
-0.3858352601528168,0.47998788952827454,0.0
-0.5697355270385742,0.42379456758499146,0.0
-0.02497813105583191,0.8328406810760498,0.0
-0.364774614572525,0.5318619608879089,1.0
-0.45024821162223816,0.5233235359191895,0.0
-0.38221877813339233,0.3947273790836334,0.0
-0.22799350321292877,0.7515122890472412,1.0
0.5774688124656677,-0.6140094995498657,0.0
-0.1713450849056244,0.32231608033180237,0.0
1.0000001192092896,-0.5480348467826843,0.0
-0.5211921334266663,0.3119329810142517,1.0
-0.3620445728302002,0.6372467279434204,0.0
-0.2917144000530243,0.47796136140823364,1.0
-0.1285860240459442,0.5853668451309204,0.0
0.06263190507888794,0.0005005598068237305,0.0
-0.8926864266395569,0.18575960397720337,1.0
0.3965541124343872,0.9790648818016052,1.0
-0.3958950340747833,0.5197232365608215,1.0
-0.43085503578186035,0.5195046663284302,1.0
-0.5632372498512268,0.3478548526763916,0.0
-0.6804108619689941,0.49613508582115173,0.0
-0.45641106367111206,0.5859484672546387,0.0
-0.4219614565372467,0.5110394954681396,0.0
-0.4374653100967407,0.6460436582565308,1.0
-0.8546208143234253,0.26897820830345154,1.0
-0.35879889130592346,0.47777894139289856,1.0
-0.4687441885471344,0.18658916652202606,0.0
-0.6486163139343262,0.2391383796930313,1.0
-0.9098898768424988,0.03125452995300293,0.0
0.567268967628479,-0.7522488832473755,0.0
-0.11594688892364502,0.7092171907424927,1.0
-0.813390851020813,0.06470471620559692,0.0
0.33592092990875244,0.18994487822055817,0.0
-0.07920727133750916,0.7986588478088379,1.0
-0.5396473407745361,0.5502875447273254,1.0
-0.340347558259964,0.4136101007461548,1.0
-0.3681837320327759,0.6202945113182068,1.0
-0.30572032928466797,0.5793578028678894,1.0
-0.564603865146637,0.32540038228034973,0.0
-0.32439175248146057,0.5353002548217773,1.0
-0.44405314326286316,0.5513340830802917,1.0
0.46056562662124634,-0.4903075695037842,0.0
-0.03619980812072754,0.9258486032485962,1.0
-0.88360595703125,0.1441991627216339,1.0
0.1643747091293335,0.21349450945854187,0.0
-0.7715390920639038,0.1957608312368393,0.0
0.03800314664840698,0.6572554111480713,0.0
-0.5621103644371033,0.4922270178794861,0.0
-0.8666360378265381,0.24984116852283478,1.0
-0.7648733854293823,0.19413244724273682,1.0
-0.7236125469207764,0.3348083198070526,0.0
-0.3612779974937439,0.6213665008544922,0.0
-0.5368595123291016,0.1950646936893463,0.0
-0.2606421709060669,0.45064765214920044,1.0
-0.5927572846412659,0.15827873349189758,1.0
-0.5868136882781982,0.37112557888031006,1.0
0.3896446228027344,-0.09926602244377136,0.0
-0.6329574584960938,0.4047997295856476,0.0
-0.46802759170532227,0.3873165249824524,1.0
0.17211872339248657,0.790911078453064,0.0
-0.2711186707019806,0.7052868604660034,1.0
-0.5888136625289917,0.4250016510486603,1.0
-0.6288055181503296,0.40078532695770264,1.0
-0.2709062695503235,0.6064836978912354,1.0
-0.6459978818893433,0.34593459963798523,0.0
-0.7663872241973877,0.2513148784637451,0.0
-0.6062902808189392,0.04962480068206787,0.0
-0.5058243870735168,0.5428081750869751,1.0
0.05420723557472229,0.5531889200210571,0.0
-0.7081587314605713,0.24788925051689148,1.0
0.29222434759140015,-0.459982693195343,0.0
0.1506785750389099,-0.08051729202270508,0.0
-0.25966784358024597,0.5669234395027161,0.0
-0.4440726637840271,0.4084765315055847,1.0
-0.3581889271736145,0.5878053903579712,0.0
-0.22749334573745728,0.6776988506317139,0.0
-0.011914640665054321,0.9612174034118652,1.0
-0.1466168910264969,0.08987000584602356,0.0
-0.28387197852134705,0.5984360575675964,1.0
0.48204076290130615,-0.05883052945137024,0.0
-0.3004953861236572,0.5259491205215454,1.0
-0.9062929749488831,0.30609989166259766,0.0
-0.14206938445568085,0.2792041301727295,1.0
-0.16838152706623077,0.27786630392074585,0.0
-0.030106335878372192,0.3793097734451294,0.0
0.509610652923584,-0.17831212282180786,0.0
-0.11593766510486603,0.3082367181777954,0.0
-0.3102003335952759,0.17599867284297943,1.0
-0.5779148936271667,0.4331917464733124,1.0
-0.08944767713546753,0.5612787008285522,1.0
-0.8548816442489624,0.09593594074249268,1.0
0.4713038206100464,0.15742667019367218,0.0
-0.42669206857681274,0.46254411339759827,1.0
-0.42532259225845337,0.21048344671726227,1.0
-0.7139573693275452,0.18298950791358948,0.0
-0.3570018708705902,0.20219558477401733,1.0
-0.3595772683620453,0.4087499976158142,0.0
-0.5510697364807129,0.48283806443214417,1.0
0.13932475447654724,0.8461731672286987,1.0
0.6142887473106384,-0.47399330139160156,0.0
0.3039073348045349,0.6265798807144165,1.0
-0.3576848804950714,0.22377270460128784,0.0
0.7990171909332275,-1.0,0.0
-0.7711849212646484,0.32014158368110657,0.0
-0.828281044960022,0.13008147478103638,1.0
-0.41230693459510803,0.541197657585144,1.0
-0.8990482091903687,0.1140160858631134,0.0
-0.6871751546859741,0.185358926653862,1.0
-0.25263190269470215,0.25977808237075806,0.0
-0.19382256269454956,0.9064396023750305,0.0
-0.12619727849960327,0.6494616270065308,1.0
0.09552419185638428,0.7272026538848877,0.0
-0.6496580839157104,0.5227121710777283,1.0
-0.04282519221305847,0.20127089321613312,0.0
-0.607647180557251,0.2598428726196289,1.0
-0.3860192894935608,0.6043296456336975,1.0
0.10851925611495972,0.8798915147781372,1.0
0.22104912996292114,0.906676709651947,1.0
-0.07975238561630249,0.1553756445646286,0.0
-0.5159697532653809,0.29651281237602234,0.0
-0.4730345606803894,0.3423317074775696,1.0
-0.5996381044387817,0.3465951383113861,0.0
-0.27323636412620544,0.3757629692554474,0.0
-0.45963114500045776,0.5989777445793152,1.0
-0.828073263168335,0.1900061070919037,0.0
-0.5464755296707153,0.49590426683425903,1.0
-0.23375637829303741,0.7605924606323242,1.0
-0.43252965807914734,0.5071321725845337,1.0
-0.40565457940101624,0.4574353098869324,0.0
-0.6364262700080872,0.22259484231472015,0.0
-0.6472934484481812,0.3872995376586914,1.0
0.04201310873031616,0.2718420624732971,0.0
-0.6131124496459961,0.23768936097621918,0.0
-0.5833922028541565,0.505142331123352,0.0
-0.7526812553405762,0.29176074266433716,1.0
-0.2962857484817505,0.5653371810913086,1.0
-0.4721760153770447,0.32859793305397034,0.0
-0.6094491481781006,0.5183194875717163,0.0
-0.09822562336921692,0.2311299592256546,0.0
0.15119171142578125,0.28892549872398376,1.0
-0.4120120406150818,0.597541332244873,1.0
-0.3472498953342438,0.7291756868362427,1.0
-0.5955684781074524,0.32708939909935,0.0
-0.019368469715118408,0.6578189134597778,1.0
-0.51434725522995,0.5912668108940125,0.0
-0.29852980375289917,0.25119277834892273,0.0
-0.6036348938941956,0.4926312267780304,0.0
-0.35381248593330383,0.6701970100402832,0.0
-0.6556879281997681,0.4964171051979065,0.0
-0.8183074593544006,0.22942763566970825,0.0
-0.5738998055458069,0.3743108808994293,0.0
-0.28676438331604004,0.48870763182640076,1.0
0.09892749786376953,0.9159776568412781,1.0
-0.4495483934879303,0.3795523941516876,0.0
-0.7942582964897156,0.3736194372177124,1.0
-0.1865423023700714,-0.2086249589920044,0.0
0.14973795413970947,0.5657918453216553,1.0
-0.2818945646286011,0.45229867100715637,1.0
0.15445774793624878,0.30608808994293213,1.0
0.297298789024353,-0.14022862911224365,0.0
-0.737147331237793,0.1352519392967224,0.0
-0.4326039254665375,0.3242814242839813,1.0
-0.5115911960601807,0.35246938467025757,1.0
-0.3276424705982208,0.7874911427497864,1.0
0.055206865072250366,0.5725743770599365,0.0
-0.4931553602218628,0.3936120271682739,1.0
-0.2745535373687744,0.4932595491409302,1.0
-0.0035992562770843506,0.9570759534835815,1.0
-0.9173982739448547,0.21677640080451965,1.0
-0.6611469984054565,0.1774858683347702,1.0
-0.3063991665840149,0.7870808243751526,1.0
-0.20771609246730804,0.7410780191421509,0.0
-0.7798634767532349,0.34866806864738464,0.0
-0.7704851627349854,0.2451026737689972,0.0
-0.8740572929382324,0.25422054529190063,0.0
-0.18964624404907227,0.7589340209960938,0.0
-0.8074066638946533,0.349093496799469,1.0
-0.3818703591823578,0.5182198882102966,0.0
-0.5651259422302246,0.3818966746330261,1.0
-0.47280389070510864,0.5081027746200562,0.0
-0.36980777978897095,0.3990422785282135,0.0
-0.6410364508628845,0.4656345546245575,1.0
0.35077840089797974,-0.1933671236038208,0.0
-0.486616849899292,0.39504215121269226,1.0
-0.4279797673225403,0.5387575626373291,1.0
-0.24405162036418915,0.7223014831542969,1.0
-0.5713263750076294,0.37799355387687683,0.0
-0.6002866625785828,0.47671186923980713,0.0
-0.048732876777648926,0.7714942097663879,1.0
-0.4108002781867981,0.5192740559577942,1.0
-0.3877990245819092,0.6136859059333801,1.0
-0.6470454931259155,0.2833818793296814,1.0
-0.03132474422454834,0.5865765810012817,1.0
-0.671241283416748,0.28084683418273926,1.0
-0.17842456698417664,0.513671875,1.0
-0.08733567595481873,0.6579046249389648,1.0
-0.5002244710922241,0.4866790175437927,1.0
-0.8516852855682373,0.09148862957954407,1.0
-0.5305941104888916,0.35887610912323,1.0
0.2999188303947449,0.7151064872741699,1.0
-0.5010725855827332,0.29852187633514404,1.0
-0.1286182701587677,0.20922619104385376,0.0
-0.6866485476493835,0.41152888536453247,1.0
-0.5650959014892578,0.18560156226158142,0.0
-0.31276363134384155,0.5481800436973572,0.0
-0.29195743799209595,0.6023609638214111,1.0
-0.19623598456382751,0.6799960136413574,1.0
-0.4513256251811981,0.10689389705657959,0.0
-0.5811070203781128,0.42537635564804077,0.0
-0.801900327205658,0.051313430070877075,1.0
-0.30806368589401245,0.680823802947998,1.0
-0.5734646916389465,0.31975504755973816,0.0
-0.27088963985443115,0.45990464091300964,1.0
-0.6143098473548889,0.5348730087280273,0.0
-0.5707970261573792,0.40399885177612305,0.0
-0.1464826762676239,0.7177011966705322,1.0
0.10446897149085999,-0.4692351818084717,0.0
-0.2880282402038574,0.4074966311454773,1.0
-0.9602170586585999,0.22674012184143066,1.0
-0.27417561411857605,0.41616421937942505,0.0
-0.2682233452796936,0.6798820495605469,1.0
0.1262848675251007,0.7077019214630127,1.0
-0.612072229385376,0.4866267442703247,1.0
-0.08812686800956726,0.2528842091560364,0.0
-0.44570690393447876,0.43300002813339233,1.0
-0.5011708736419678,0.5502489805221558,1.0
-0.43604975938796997,0.560816764831543,0.0
-0.669395387172699,0.5144899487495422,0.0
-0.686864972114563,0.18531419336795807,1.0
-0.38616326451301575,0.6907688975334167,0.0
-0.753516435623169,0.2305745631456375,0.0
-0.7811733484268188,0.15378868579864502,0.0
-0.25022122263908386,0.2676008343696594,0.0
-0.5991326570510864,0.39035388827323914,0.0
-0.5732721090316772,0.25180914998054504,0.0
-0.5028215646743774,0.4119093418121338,0.0
-0.3486087918281555,0.5978862047195435,0.0
-0.2672410309314728,0.7253212928771973,1.0
-0.49970823526382446,0.4922536313533783,1.0
-0.2732480764389038,-0.1812824010848999,0.0
-0.11791515350341797,0.8320108652114868,1.0
-0.25245657563209534,0.637251615524292,1.0
-0.29148566722869873,0.4458853006362915,1.0
-0.804034948348999,0.2977190613746643,1.0
-0.49870604276657104,0.40570610761642456,0.0
-0.8645883798599243,0.12261906266212463,1.0
-0.7550223469734192,0.3322952091693878,0.0
-0.2968929409980774,0.7289409637451172,1.0
-0.6546473503112793,0.20224997401237488,1.0
-0.10586223006248474,0.9337706565856934,1.0
-0.3124716579914093,0.949894905090332,0.0
0.4605807662010193,-0.2558740973472595,0.0
-0.1482166051864624,0.5193228125572205,0.0
-0.7922137975692749,0.2713213264942169,1.0
-0.11393983662128448,0.7541094422340393,1.0
-0.7454894185066223,0.4100131690502167,1.0
-0.44876980781555176,0.5383144617080688,1.0
-0.20787888765335083,0.7433307766914368,0.0
-0.8711536526679993,0.1670902818441391,1.0
-0.6527633666992188,0.1996612399816513,0.0
-0.2776828408241272,0.7391491532325745,0.0
-0.925495982170105,0.31689152121543884,0.0
-0.6009025573730469,0.5471606254577637,0.0
-0.6369011402130127,0.4811463952064514,1.0
-0.3860214650630951,0.3840709328651428,1.0
-0.38270536065101624,0.6566454172134399,1.0
-0.2291831523180008,0.306011825799942,0.0
-0.5840429067611694,0.21935348212718964,0.0
-0.6656363010406494,0.4787382483482361,0.0
-0.15612763166427612,0.80088871717453,1.0
0.29701828956604004,0.6268520355224609,0.0
-0.4792201817035675,0.6002057790756226,1.0
-0.6285783052444458,0.446662575006485,0.0
0.30720019340515137,0.5273963212966919,0.0
-0.18554119765758514,0.7461276054382324,1.0
-0.32821518182754517,0.3651738166809082,0.0
-0.6425386667251587,0.4836852550506592,0.0
-0.5292746424674988,0.5927937626838684,0.0
-0.7093901634216309,0.29170122742652893,1.0
-0.03740212321281433,0.2156493365764618,0.0
-0.5632662773132324,0.5054547190666199,1.0
-0.8439788222312927,0.1425195336341858,0.0
0.22383469343185425,0.8148611783981323,1.0
-0.6724241971969604,0.45911678671836853,0.0
-0.7201459407806396,0.30407586693763733,0.0
-0.6589716076850891,0.3631911277770996,0.0
-0.4670369625091553,0.4069180190563202,0.0
-0.09761220216751099,0.07130706310272217,0.0
-0.39200282096862793,0.3462405204772949,0.0
0.1734377145767212,0.42433419823646545,1.0
-0.5076463222503662,0.48506808280944824,1.0
-0.428796648979187,0.41683170199394226,1.0
-0.6137572526931763,0.4311249256134033,1.0
-0.6267337799072266,0.3962969183921814,1.0
-0.5532849431037903,0.19669048488140106,0.0
-0.2221815437078476,0.618784487247467,0.0
-0.4097636342048645,0.65378737449646,0.0
-0.010980069637298584,0.9013676047325134,0.0
-0.5944573879241943,0.2983494997024536,0.0
-0.6455415487289429,0.4402605891227722,0.0
-0.29362112283706665,0.6014160513877869,1.0
-0.4200289249420166,0.4577762484550476,1.0
-0.5582342147827148,0.38650283217430115,1.0
-0.8356858491897583,0.10631072521209717,1.0
-0.48094794154167175,0.43777984380722046,0.0
-0.8732276558876038,0.13386034965515137,1.0
-0.16791822016239166,0.7012524604797363,1.0
-0.24926252663135529,0.06488573551177979,0.0
-0.4642101228237152,0.5669282078742981,1.0
-0.6939735412597656,0.30396753549575806,0.0
-0.6215452551841736,0.4403184950351715,1.0
-0.2566721737384796,0.5880192518234253,0.0
-0.10108616948127747,-0.20187753438949585,0.0
0.17549437284469604,0.5947432518005371,1.0
-0.32459479570388794,0.2594415247440338,0.0
-0.5743708610534668,0.4342327117919922,1.0
-0.15275634825229645,0.8457993268966675,1.0
0.49861979484558105,-0.18647390604019165,0.0
-0.41360560059547424,0.660609245300293,1.0
0.0850456953048706,0.1962921917438507,0.0
-0.5846347212791443,0.17459894716739655,0.0
-0.7201839685440063,0.1554269939661026,1.0
-0.6501291394233704,0.28344088792800903,1.0
0.06591588258743286,0.02175810933113098,0.0
-0.2582690119743347,0.11894971132278442,0.0
0.15171486139297485,0.7609944343566895,1.0
-0.038905948400497437,0.844018816947937,1.0
0.14124667644500732,0.16507361829280853,0.0
-0.109917551279068,0.7573862671852112,1.0
-0.6504666805267334,0.47672075033187866,1.0
-0.8855964541435242,0.12073072791099548,1.0
-0.28293079137802124,0.19353386759757996,0.0
-0.3514305055141449,0.5198055505752563,1.0
-0.5477477312088013,0.1881437599658966,0.0
-0.6437394618988037,0.4293537139892578,0.0
0.1969069242477417,-0.591318666934967,0.0
-0.4085468649864197,0.23883649706840515,0.0
0.03617119789123535,0.23526087403297424,0.0
-0.8247518539428711,0.16975928843021393,1.0
-0.2824556231498718,0.6336196064949036,0.0
-0.5317549109458923,0.2598721385002136,0.0
0.25885432958602905,0.7129392623901367,0.0
0.11590173840522766,-0.04560345411300659,0.0
-0.41379567980766296,0.5003833770751953,0.0
0.09026190638542175,0.2195502072572708,0.0
-0.22490933537483215,0.0552213191986084,0.0
0.3977178931236267,-0.49258315563201904,0.0
-0.4171087443828583,0.4085948169231415,0.0
-0.404487282037735,0.5199536085128784,0.0
-0.23340685665607452,0.6278781294822693,1.0
-0.13614629209041595,0.7650935649871826,0.0
-0.2991132438182831,0.46714723110198975,1.0
-0.5369647741317749,0.5195863842964172,1.0
0.054387420415878296,0.1375901997089386,0.0
-0.7102745771408081,0.3787272274494171,1.0
0.06032004952430725,0.9536395072937012,1.0
-0.3415749669075012,0.5334299802780151,0.0
0.024150758981704712,0.32517099380493164,0.0
-0.04061311483383179,0.7146958708763123,1.0
-0.5735793113708496,0.47682422399520874,0.0
-0.6825159788131714,0.25155580043792725,0.0
-0.538528323173523,0.48470136523246765,0.0
-0.29459479451179504,0.21817143261432648,0.0
-0.5807240605354309,0.43064844608306885,1.0
-0.11565911769866943,0.3895532488822937,0.0
-0.09876784682273865,0.6284997463226318,1.0
-0.0008712410926818848,0.9327840805053711,1.0
-0.4241073727607727,0.4085039794445038,1.0
-0.48470401763916016,0.5317709445953369,1.0
-0.028844594955444336,0.7937256097793579,1.0
-0.4252954423427582,0.511249303817749,1.0
-0.28555724024772644,0.10174569487571716,0.0
-0.5059348344802856,0.38235899806022644,0.0
-0.5809948444366455,0.3748851418495178,1.0
0.1327538788318634,0.30661794543266296,0.0
-0.48132985830307007,0.5139281749725342,0.0
-0.5073420405387878,0.4528917670249939,0.0
0.28819727897644043,0.08667176961898804,0.0
-0.13432477414608002,0.43013936281204224,1.0
-0.4906342625617981,0.28655916452407837,1.0
0.16449499130249023,0.25361043214797974,0.0
-0.7254974842071533,0.21281687915325165,0.0
-0.4545544385910034,0.4402778446674347,0.0
-0.028704822063446045,0.7215367555618286,0.0
-0.34568119049072266,0.6000568270683289,0.0
-0.5132330656051636,0.26871195435523987,0.0
-0.28876161575317383,0.16625754535198212,0.0
-0.411199152469635,0.06896200776100159,0.0
-0.3957335650920868,0.6218353509902954,1.0
-0.20254100859165192,0.7256998419761658,1.0
-0.7545354962348938,0.225799098610878,0.0
-0.5458446741104126,0.23914682865142822,0.0
-0.5078083872795105,0.29694345593452454,1.0
-0.06692251563072205,0.22194981575012207,0.0
-0.9076388478279114,0.13922926783561707,0.0
-0.2765439450740814,0.45056915283203125,1.0
