-0.5539563894271851,0.384962797164917,0.0
-0.12592872977256775,0.7304127812385559,1.0
-0.004644960165023804,0.15257762372493744,0.0
-0.3983103334903717,0.37954872846603394,1.0
-0.0412786602973938,0.46743351221084595,0.0
-0.26245903968811035,0.4985359311103821,0.0
-0.2903105318546295,0.2832183241844177,0.0
-0.6001584529876709,0.15770313143730164,0.0
-0.16917037963867188,0.6851406097412109,1.0
-0.6490336656570435,0.3863491117954254,1.0
-0.12062519788742065,0.8030986785888672,1.0
0.2892753481864929,-0.41121041774749756,0.0
-0.29270488023757935,0.07629084587097168,0.0
-0.7520391941070557,0.1366274654865265,1.0
-0.7358360886573792,0.1590781956911087,1.0
-0.07675911486148834,0.5996032953262329,1.0
-0.2483563870191574,0.711098313331604,1.0
-0.37646570801734924,0.32360899448394775,1.0
-0.2799168825149536,0.5638823509216309,0.0
-0.2828606367111206,0.44802260398864746,1.0
0.2786099314689636,0.01344028115272522,0.0
0.3174063563346863,-0.04258635640144348,0.0
-0.05649656057357788,0.648134708404541,0.0
-0.21498620510101318,0.20354333519935608,0.0
-0.6913249492645264,0.15205734968185425,0.0
-0.05744984745979309,0.7856218814849854,1.0
-0.580185055732727,0.2711505591869354,1.0
-0.43375295400619507,0.4923384189605713,1.0
0.15982329845428467,-0.40679460763931274,0.0
-0.07424633204936981,0.669183611869812,1.0
-0.31065860390663147,0.4880654215812683,0.0
-0.2500156760215759,-0.17911094427108765,0.0
-0.27469968795776367,0.5310450792312622,1.0
-0.3012549579143524,0.3723945617675781,1.0
-0.6599712371826172,0.29032281041145325,0.0
-0.4678339958190918,0.47770532965660095,0.0
-0.19132280349731445,0.36346372961997986,0.0
0.09566941857337952,0.003821432590484619,0.0
-0.4068751633167267,0.3002505600452423,1.0
-0.8054271936416626,0.348049134016037,1.0
-0.9431548118591309,0.14070528745651245,1.0
0.11870771646499634,0.6069711446762085,1.0
-0.3296111226081848,0.23577794432640076,1.0
-0.23430632054805756,0.6436590552330017,0.0
-0.363635390996933,0.05737006664276123,0.0
-0.6662020683288574,0.3198699951171875,0.0
-0.34061068296432495,0.15275414288043976,0.0
0.34308183193206787,0.8764553070068359,1.0
-0.0189630389213562,0.37095361948013306,0.0
-0.6515955328941345,0.38337987661361694,0.0
-0.7171253561973572,0.32453107833862305,0.0
-0.3222676217556,0.5070855021476746,1.0
-0.37704044580459595,0.6100451350212097,0.0
-0.724564790725708,0.30367621779441833,1.0
0.12341687083244324,0.5853193998336792,0.0
-0.2694491744041443,0.37245503067970276,0.0
0.3135859966278076,0.5765077471733093,0.0
-0.04822266101837158,0.6935033798217773,1.0
-0.5345003604888916,0.25910234451293945,0.0
-0.5045779943466187,0.02430519461631775,1.0
-0.5490335822105408,0.45373499393463135,0.0
-0.10435162484645844,0.7610190510749817,1.0
-0.8878044486045837,-0.039494872093200684,0.0
-0.6036535501480103,0.38967370986938477,1.0
-0.036155760288238525,0.619536280632019,1.0
-0.2927938997745514,0.5031249523162842,1.0
-0.7212272882461548,0.40941447019577026,1.0
-0.6963987350463867,1.3023614883422852e-05,0.0
-0.009672611951828003,0.2975694239139557,0.0
-0.7267483472824097,0.22434791922569275,1.0
-0.4307224750518799,0.4984496831893921,1.0
-0.46839118003845215,0.32451486587524414,1.0
-0.7326624989509583,0.1427209973335266,0.0
-0.7681787014007568,0.2915971875190735,1.0
-0.39140522480010986,0.5688217282295227,1.0
-0.6490986943244934,0.3884933292865753,1.0
-0.4287952482700348,0.1743612289428711,1.0
-0.41940510272979736,0.40869951248168945,0.0
-0.5921726226806641,0.08588069677352905,1.0
-0.5008452534675598,0.12895603477954865,1.0
-0.528494119644165,0.3766223192214966,1.0
-0.5219252109527588,0.30431658029556274,0.0
-0.07002657651901245,0.4949694871902466,1.0
-0.8098446130752563,0.19631457328796387,0.0
-0.8330984115600586,0.034460872411727905,1.0
0.0408501923084259,0.8428827524185181,1.0
-0.5533509254455566,0.23380085825920105,0.0
-0.8517722487449646,0.019077956676483154,1.0
-0.06483891606330872,0.4732897877693176,1.0
-0.23042216897010803,0.3058222532272339,1.0
-0.6282162666320801,0.1056922972202301,0.0
-0.38632887601852417,0.48541170358657837,0.0
-0.808015763759613,0.11089906096458435,1.0
-0.9700750112533569,0.1160304993391037,0.0
-0.28382477164268494,0.6000152230262756,1.0
-0.17906184494495392,0.4370287358760834,0.0
-0.46372056007385254,0.31368929147720337,0.0
-0.6640701293945312,0.41862013936042786,0.0
0.04829639196395874,0.7069195508956909,1.0
-0.2931928038597107,0.21373921632766724,0.0
-0.6568809747695923,-0.008969783782958984,0.0
-0.14875438809394836,0.4593884348869324,1.0
-0.6753251552581787,0.23911462724208832,1.0
-0.3662208020687103,0.3021346926689148,0.0
-0.3544451892375946,0.4602285623550415,1.0
0.09450092911720276,0.20811088383197784,0.0
-0.4672182500362396,0.37405925989151,1.0
-0.2097373902797699,0.5843065977096558,1.0
-0.19332081079483032,0.5197556018829346,1.0
-0.41098034381866455,0.5208439230918884,1.0
-0.20373032987117767,0.33939075469970703,0.0
-0.2061426043510437,0.3797687292098999,1.0
-0.3316107988357544,0.580628514289856,1.0
-0.6944091320037842,0.042280733585357666,1.0
-0.23107197880744934,0.6073726415634155,1.0
-0.6076540946960449,0.49885088205337524,1.0
-0.30802372097969055,0.5852494239807129,1.0
0.143375426530838,0.26777729392051697,0.0
-0.6046808958053589,0.20833012461662292,0.0
-0.4915100336074829,0.31468334794044495,0.0
0.27675700187683105,0.3334961533546448,0.0
0.030289113521575928,0.6266016960144043,1.0
-0.07504338026046753,0.18030120432376862,0.0
-0.0035603344440460205,0.16346505284309387,0.0
-0.4541975259780884,0.27589094638824463,0.0
0.043268561363220215,0.2975577414035797,1.0
-0.042393773794174194,0.6281616687774658,1.0
-0.3055833578109741,0.698584794998169,0.0
0.38269269466400146,0.4835108816623688,0.0
-0.9243918061256409,0.029740512371063232,1.0
-0.2537423074245453,0.13807325065135956,0.0
-0.7940124273300171,0.08076626062393188,0.0
-0.20545947551727295,0.29422256350517273,0.0
0.08745494484901428,0.33381029963493347,0.0
-0.768750786781311,0.16780707240104675,0.0
-0.655235767364502,0.32739365100860596,1.0
0.009623914957046509,0.5759866833686829,0.0
-0.6414545774459839,0.3383055627346039,1.0
-0.42965638637542725,0.287413090467453,0.0
-0.6910312175750732,0.1325952112674713,1.0
-0.4741556644439697,0.2506641149520874,1.0
-0.38213446736335754,0.4347230792045593,1.0
-0.3179559111595154,0.47823452949523926,1.0
-0.15330253541469574,0.5543643832206726,0.0
-0.2662534713745117,0.43845701217651367,1.0
-0.3471269905567169,0.5328649282455444,1.0
-0.8676987290382385,0.19607853889465332,1.0
-0.24248862266540527,0.6234017014503479,1.0
-0.31837621331214905,0.7020653486251831,0.0
-0.45649755001068115,0.5041837096214294,1.0
-0.4640911817550659,0.32221513986587524,0.0
0.11370477080345154,0.7556537389755249,1.0
-0.6375342607498169,0.42141228914260864,1.0
-0.10544036328792572,0.7877525091171265,1.0
-0.7293246984481812,-0.011479169130325317,0.0
0.006545722484588623,0.8787022829055786,1.0
0.3868348002433777,0.8155568838119507,0.0
-0.19019997119903564,0.5632269382476807,1.0
0.04051780700683594,0.7788481116294861,1.0
-0.350750207901001,0.5787756443023682,1.0
-0.3536738455295563,0.24155709147453308,0.0
-0.22722965478897095,0.5183162689208984,1.0
-0.42774510383605957,0.48970961570739746,1.0
-0.01953795552253723,0.7071227431297302,1.0
0.09278738498687744,0.43588370084762573,0.0
-0.6426811814308167,0.33049315214157104,0.0
-0.454560250043869,0.21015842258930206,0.0
-0.7198268175125122,0.32694175839424133,1.0
-0.21959123015403748,0.6395398378372192,1.0
0.197953999042511,0.1808748096227646,0.0
-0.22703887522220612,0.7521024942398071,1.0
-0.49392426013946533,0.18837705254554749,1.0
-0.19270572066307068,-0.054247647523880005,0.0
-0.742019772529602,0.17370370030403137,0.0
-0.40376532077789307,0.5690755844116211,1.0
-0.2296854853630066,0.630572497844696,1.0
0.4510911703109741,-0.6462226510047913,0.0
-0.04123905301094055,0.8327140212059021,1.0
-0.11293862760066986,0.70191490650177,1.0
-0.6321878433227539,0.2196357250213623,0.0
-0.3315645158290863,0.5013698935508728,1.0
-0.8516108393669128,0.24229645729064941,1.0
-0.14056222140789032,0.02981165051460266,0.0
-0.6921453475952148,0.36938345432281494,1.0
0.0018464922904968262,0.8396528959274292,1.0
0.09816965460777283,0.37228646874427795,0.0
0.17173460125923157,0.19823269546031952,0.0
-0.49152064323425293,0.21956448256969452,0.0
-0.5936483144760132,0.16325075924396515,1.0
0.5190908908843994,-0.1602453589439392,0.0
-0.08043108880519867,0.15682443976402283,1.0
-0.473291277885437,0.101332888007164,0.0
-0.23899832367897034,0.46592822670936584,1.0
-0.5769940614700317,0.43283015489578247,0.0
-0.5049809813499451,0.40915170311927795,1.0
-0.7500604391098022,0.11143708229064941,1.0
-0.631569504737854,0.3566264808177948,1.0
-0.4448468089103699,0.14879271388053894,0.0
-0.41053956747055054,0.5081008076667786,1.0
-0.7590122818946838,0.1922234147787094,1.0
-0.8250969648361206,0.11820806562900543,1.0
-0.43934041261672974,0.34531110525131226,1.0
-0.22904644906520844,0.7559480667114258,0.0
0.15976980328559875,0.39295631647109985,0.0
-0.39250120520591736,0.3473671078681946,0.0
-0.9182755947113037,-0.024510562419891357,0.0
-0.4715918302536011,0.2785058319568634,0.0
-0.02940356731414795,0.6957922577857971,0.0
-0.49916666746139526,0.12815335392951965,0.0
-0.5042523145675659,0.5129185318946838,1.0
0.133976548910141,0.5923254489898682,0.0
-0.46521061658859253,0.4893465042114258,0.0
0.0011944174766540527,0.42016085982322693,0.0
-0.3331449329853058,0.6810224652290344,1.0
-0.5754727721214294,0.09113466739654541,0.0
-0.06795106828212738,-0.3371158838272095,0.0
-0.0849551409482956,0.6253335475921631,0.0
-0.08282876014709473,0.953918993473053,1.0
-0.7195906639099121,0.0632123351097107,0.0
-0.0485747754573822,0.5300735831260681,1.0
-0.4515235424041748,0.5345073938369751,1.0
-0.1853182464838028,0.6092963218688965,1.0
-0.5977194309234619,0.46244388818740845,1.0
-0.1486579179763794,-0.0963570773601532,0.0
-0.11872188746929169,0.5003177523612976,1.0
-0.5725921392440796,0.11750693619251251,0.0
-0.3274478614330292,0.4961392283439636,0.0
-0.2139471173286438,0.6899803876876831,1.0
-0.7498122453689575,0.15227621793746948,0.0
-0.2910716235637665,0.4260628819465637,0.0
-0.0614297091960907,0.6926363706588745,0.0
0.030153661966323853,0.4881085753440857,0.0
0.7031908631324768,-0.6197274923324585,0.0
0.12943187355995178,0.14953190088272095,0.0
-0.16347113251686096,0.4773041605949402,1.0
-0.3972300589084625,0.40143775939941406,1.0
0.13318857550621033,0.6732239723205566,1.0
-0.8289720416069031,0.22551701962947845,1.0
-0.2968597710132599,0.43489396572113037,0.0
0.03749579191207886,0.08070185780525208,0.0
-0.7809002995491028,0.20283417403697968,0.0
0.0846632719039917,0.6762007474899292,1.0
-0.09396766126155853,-0.16356635093688965,0.0
-0.1556582897901535,0.3625715970993042,1.0
-0.48233234882354736,0.3117169439792633,0.0
-0.7874883413314819,0.30168014764785767,1.0
-0.12440654635429382,0.767061173915863,1.0
-0.4620184898376465,0.5779592990875244,0.0
-0.1565631479024887,0.49533456563949585,0.0
-0.7402766942977905,0.3235194981098175,1.0
-0.20938646793365479,0.5149506330490112,1.0
-0.43964648246765137,0.47348758578300476,1.0
0.19453388452529907,0.5738183259963989,0.0
-0.6317005157470703,0.249515563249588,1.0
-0.7128767371177673,0.3102249801158905,0.0
-0.12761949002742767,0.592298150062561,1.0
0.23551231622695923,0.6503318548202515,1.0
-0.30068081617355347,0.49807795882225037,1.0
-0.17447319626808167,0.2465820461511612,1.0
-0.3929356634616852,0.18081028759479523,1.0
0.11702346801757812,0.6686983108520508,1.0
-0.5378873348236084,0.2593381702899933,1.0
0.45804816484451294,0.6841763257980347,1.0
-0.32700589299201965,0.3088188171386719,0.0
-0.4811421036720276,0.42097651958465576,1.0
0.20563846826553345,-0.2424413561820984,0.0
0.3561248779296875,0.1466274857521057,0.0
-0.6114379167556763,0.39703068137168884,1.0
-0.44588032364845276,0.36881449818611145,1.0
-0.21874672174453735,0.2771642804145813,0.0
-0.37270408868789673,0.33756348490715027,0.0
-0.2181822955608368,0.5251229405403137,1.0
-0.4795243740081787,0.4030250012874603,1.0
-0.1530933529138565,0.38836613297462463,0.0
-0.3900647759437561,0.19702112674713135,0.0
-0.30782559514045715,0.4227229058742523,1.0
-0.49666929244995117,0.10576248168945312,1.0
-0.004702776670455933,0.7084716558456421,1.0
0.08067673444747925,0.3155438005924225,0.0
-0.562149703502655,0.07525020837783813,1.0
-0.026901453733444214,0.10725964605808258,0.0
-0.5327178239822388,0.050509512424468994,0.0
0.2658854126930237,0.6224701404571533,0.0
-0.8563410639762878,0.10728229582309723,1.0
0.1781904101371765,-0.22917956113815308,0.0
-0.17944641411304474,0.45054197311401367,0.0
-0.7158122062683105,0.182981938123703,0.0
-0.080961674451828,0.6803590059280396,1.0
-0.5925416946411133,0.2468116283416748,0.0
-0.23676767945289612,0.4597740173339844,0.0
-0.8764674663543701,0.26331594586372375,1.0
-0.31841397285461426,0.359567791223526,0.0
-0.18313831090927124,0.5677053928375244,1.0
-0.275611937046051,0.4418622553348541,0.0
-0.045132219791412354,-0.44596439599990845,0.0
-0.5307925343513489,0.3240886330604553,1.0
-0.3408287465572357,0.47112423181533813,1.0
-0.5487306118011475,0.3585284650325775,0.0
0.154911607503891,0.7053086757659912,1.0
-0.034356117248535156,0.7242544889450073,1.0
-0.5750213861465454,0.30101799964904785,0.0
-0.0200883150100708,0.773804247379303,1.0
-0.257260262966156,0.5301626920700073,1.0
-0.29461953043937683,0.5309278964996338,1.0
-0.7534262537956238,0.2864777743816376,0.0
-0.112669438123703,0.23405775427818298,0.0
-0.9119213819503784,0.1388208568096161,0.0
0.21690744161605835,-0.3863903284072876,0.0
-0.02223736047744751,0.7747049331665039,1.0
-0.8453038930892944,0.25205767154693604,1.0
-0.6424077153205872,0.34829825162887573,0.0
-0.06295269727706909,0.0907442569732666,0.0
0.21723014116287231,0.3774791955947876,0.0
-0.7087519764900208,0.07931903004646301,0.0
-0.38465967774391174,0.4531223773956299,1.0
-0.24154239892959595,0.5723016858100891,1.0
-0.4926641583442688,0.4054703414440155,0.0
-0.43530941009521484,0.3184584379196167,1.0
-0.36038732528686523,0.48434746265411377,1.0
-0.7511215209960938,0.24578790366649628,1.0
-0.6819816827774048,0.24037562310695648,0.0
0.172162264585495,0.23921836912631989,0.0
-0.09432372450828552,0.35962650179862976,0.0
-0.6034574508666992,0.2533864676952362,0.0
-0.38820624351501465,0.37040048837661743,1.0
0.23465532064437866,0.211076021194458,0.0
-0.45307260751724243,0.45792749524116516,0.0
-0.42507967352867126,0.32455694675445557,0.0
-0.22948387265205383,0.18244634568691254,1.0
-0.8863321542739868,0.23105689883232117,0.0
-0.10303951799869537,0.5212926268577576,1.0
-0.6473977565765381,0.33535414934158325,1.0
0.02365061640739441,0.613122820854187,1.0
-0.8886139392852783,0.02781623601913452,1.0
-0.23402468860149384,0.454947829246521,1.0
-0.7736898064613342,0.246952086687088,1.0
-0.14090165495872498,0.24192383885383606,1.0
-0.26786574721336365,0.30890053510665894,0.0
-0.5116573572158813,0.3710685670375824,1.0
-0.5823709964752197,0.3528376817703247,0.0
-0.10767441987991333,0.27217981219291687,0.0
-0.6280878782272339,0.22033360600471497,1.0
-0.592994213104248,0.34247735142707825,1.0
-0.46373164653778076,0.40815043449401855,0.0
-0.5499961376190186,0.2849120497703552,1.0
-0.6940363049507141,0.10748811066150665,0.0
-0.19434261322021484,0.5653795599937439,0.0
-0.6298707723617554,0.0632973313331604,0.0
-0.590507984161377,0.4403485357761383,0.0
-0.46118974685668945,0.42602571845054626,0.0
-0.2128918170928955,0.5046131610870361,1.0
-0.9946092367172241,-0.08006155490875244,1.0
-0.27524206042289734,0.7111408114433289,1.0
-0.6038297414779663,0.34196051955223083,0.0
-0.44982078671455383,0.3602040708065033,0.0
0.0014102756977081299,-0.17163723707199097,0.0
-0.6974940299987793,0.14320747554302216,0.0
-0.6904776692390442,0.18297915160655975,1.0
0.171430766582489,0.8414072394371033,1.0
0.05379438400268555,0.36893200874328613,0.0
-0.7256399393081665,0.11947396397590637,0.0
-0.12951168417930603,0.49577248096466064,1.0
-0.6187085509300232,0.2830599546432495,0.0
-0.14213629066944122,0.5347686409950256,1.0
-0.4353097677230835,0.451578289270401,1.0
-0.0819331556558609,0.14201709628105164,0.0
0.0103529691696167,0.5736119151115417,1.0
-0.9477047920227051,0.047401368618011475,0.0
-0.6121770143508911,0.15278013050556183,0.0
-0.48225218057632446,0.4273805320262909,1.0
0.11554324626922607,0.8773815035820007,1.0
9.375810623168945e-05,0.924414873123169,1.0
0.019022583961486816,0.5503560304641724,0.0
-0.3480340838432312,0.3966701030731201,0.0
-0.4335904121398926,0.21762001514434814,0.0
-0.6470340490341187,0.301351934671402,1.0
-0.44773590564727783,0.35394996404647827,1.0
-0.5216253399848938,0.45420894026756287,1.0
0.5899608135223389,-0.6694022417068481,0.0
-0.2388935387134552,0.6720473170280457,1.0
0.37585121393203735,-0.018268823623657227,0.0
-0.46400657296180725,0.37454572319984436,1.0
-0.8272714018821716,0.1646116077899933,1.0
-0.5966483354568481,0.39248374104499817,1.0
-0.6292338967323303,0.19755993783473969,0.0
-0.7657672166824341,0.0942673534154892,1.0
-0.23559504747390747,0.7215270400047302,0.0
0.1175549328327179,0.7283176183700562,1.0
-0.3392322361469269,0.5312187671661377,0.0
-0.8957749605178833,0.1245959997177124,0.0
-0.3483535647392273,0.44920995831489563,0.0
-0.4272429347038269,0.4511744976043701,1.0
-0.625525951385498,0.1593140810728073,1.0
0.018034905195236206,0.333040326833725,0.0
-0.42413926124572754,0.3164297044277191,0.0
-0.3092527985572815,0.5743050575256348,1.0
-0.5365111827850342,0.47693556547164917,0.0
0.21742218732833862,-0.07365396618843079,0.0
0.22544384002685547,0.6516879796981812,0.0
-0.1935943067073822,0.34983009099960327,1.0
-0.3360404968261719,0.4412088990211487,1.0
0.7940415740013123,-0.6416253447532654,0.0
-0.29793304204940796,0.6245448589324951,1.0
-0.6188521981239319,0.43491315841674805,1.0
-0.060491710901260376,0.24609807133674622,1.0
-0.5744427442550659,0.3142028748989105,0.0
-0.49769532680511475,0.4638928472995758,0.0
-0.29431021213531494,0.4614434540271759,0.0
-0.0533939003944397,0.1219845861196518,0.0
-0.2821434736251831,0.7352508902549744,1.0
-0.35794663429260254,0.36231911182403564,1.0
-0.7092205882072449,0.2601161003112793,1.0
-0.4570517838001251,0.42090222239494324,0.0
-0.18492472171783447,0.5093560218811035,1.0
0.5037333965301514,0.10257285833358765,0.0
-0.220768004655838,0.6134394407272339,1.0
-0.6312851905822754,0.1472533494234085,0.0
-0.27129969000816345,0.3776083290576935,0.0
-0.30531883239746094,0.20659206807613373,0.0
-0.8321226835250854,0.2833274304866791,0.0
-0.7111153602600098,0.29524537920951843,1.0
-0.037304043769836426,0.5464349985122681,1.0
-0.17924100160598755,0.6792658567428589,1.0
-0.4607384204864502,0.4048530161380768,1.0
0.07536301016807556,0.6356799602508545,1.0
-0.37400662899017334,0.5578887462615967,0.0
-0.510261058807373,0.4597587585449219,1.0
-0.7117298245429993,0.10943847894668579,0.0
-0.5770853757858276,0.34594663977622986,1.0
-0.326994925737381,0.5257072448730469,1.0
-0.4074857831001282,0.21728143095970154,0.0
-0.5277490019798279,0.20722125470638275,0.0
-0.3740054965019226,0.27388253808021545,0.0
-0.6755796670913696,0.28202199935913086,1.0
-0.34080439805984497,0.5454748868942261,1.0
0.12897944450378418,0.799486517906189,0.0
-0.3794260323047638,0.5413395762443542,1.0
-0.5095877647399902,0.39778733253479004,1.0
-0.48971420526504517,0.3348201513290405,1.0
-0.23661214113235474,0.48996031284332275,1.0
-0.5154120922088623,0.15175186097621918,0.0
0.2841552495956421,0.6512205004692078,0.0
-0.43017882108688354,0.47667667269706726,1.0
-0.4787919521331787,0.2706127166748047,1.0
-0.27551063895225525,0.40943005681037903,1.0
-0.8527208566665649,0.29864203929901123,1.0
0.11634835600852966,0.8435002565383911,1.0
0.17206120491027832,0.6796165704727173,0.0
-0.3795776665210724,0.3485832214355469,0.0
-0.0094451904296875,0.5669916272163391,1.0
-0.1590423882007599,0.4565543830394745,1.0
-0.5302680730819702,0.45942965149879456,0.0
0.20315808057785034,1.0,1.0
-0.3621408939361572,0.48576250672340393,1.0
-0.7502200603485107,-0.03317609429359436,0.0
-1.0,-0.010401517152786255,0.0
0.06454378366470337,0.7087979316711426,1.0
0.19570165872573853,0.2728108763694763,1.0
-0.02302783727645874,-0.04543223977088928,0.0
-0.447071373462677,0.1821918487548828,0.0
-0.673409640789032,0.27058276534080505,0.0
-0.17983704805374146,0.503185510635376,1.0
-0.412914514541626,0.36453691124916077,0.0
-0.09074898064136505,0.19669920206069946,0.0
-0.48489952087402344,0.49799400568008423,0.0
-0.5327844619750977,0.19120223820209503,1.0
-0.4227558672428131,0.04999583959579468,0.0
-0.6088219881057739,0.3281763195991516,1.0
-0.36035868525505066,0.5571944117546082,1.0
0.499428927898407,-0.6060378551483154,0.0
-0.1122063547372818,0.5787791013717651,1.0
0.16088926792144775,0.7247214317321777,0.0
-0.25416210293769836,0.6397062540054321,1.0
-0.6496796011924744,0.4066208302974701,1.0
-0.5857887268066406,0.3919639587402344,0.0
-0.6497284770011902,0.2546444237232208,1.0
-0.9544365406036377,-0.06837892532348633,1.0
-0.005915522575378418,0.5927772521972656,0.0
0.1409151256084442,0.5606974363327026,0.0
0.29454654455184937,-0.05110400915145874,0.0
-0.393370658159256,0.4384039640426636,0.0
-0.27847471833229065,0.6510679721832275,1.0
-0.14070239663124084,0.6942389011383057,1.0
-0.12096348404884338,0.7346045970916748,1.0
-0.4579538404941559,0.424222469329834,1.0
-0.4233938753604889,0.4598809480667114,1.0
-0.637847363948822,0.2628457546234131,0.0
-0.6468210220336914,0.2840527296066284,1.0
-0.06349033117294312,0.7353540658950806,1.0
-0.9452590346336365,0.23236635327339172,1.0
-0.3680207431316376,0.45121434330940247,1.0
-0.6519840955734253,0.12636877596378326,0.0
-0.8359224796295166,0.2052346020936966,0.0
-0.35125017166137695,0.3618708550930023,0.0
-0.6748067140579224,0.3215993046760559,1.0
-0.5663464069366455,0.4279179573059082,1.0
-0.4920760691165924,0.5213537812232971,1.0
-0.2272040843963623,0.3077905774116516,1.0
-0.38061919808387756,0.3702659010887146,1.0
-0.5789235830307007,0.3816709518432617,0.0
-0.01678749918937683,0.6225461959838867,1.0
-0.47418275475502014,0.27758675813674927,0.0
-0.2846437096595764,0.5498973727226257,1.0
-0.41010433435440063,0.2028498500585556,1.0
-0.40209314227104187,0.16190241277217865,0.0
-0.5415028929710388,0.44559985399246216,1.0
-0.38375991582870483,0.4651741087436676,0.0
-0.7109023928642273,0.09381814301013947,1.0
-0.3615436255931854,0.5347768068313599,1.0
-0.3098963499069214,0.4458000659942627,0.0
-0.8916950821876526,0.12401627004146576,0.0
-0.23653200268745422,0.2617335617542267,1.0
-0.44287145137786865,0.5059190392494202,1.0
0.03316354751586914,0.21630369126796722,0.0
0.12650007009506226,0.8104437589645386,1.0
-0.08620551228523254,0.42520225048065186,0.0
-0.6292972564697266,0.235641211271286,0.0
-0.6438552141189575,0.30788493156433105,0.0
-0.6784353256225586,0.2607800364494324,0.0
-0.5212919116020203,0.18095889687538147,1.0
-0.14660130441188812,0.4976040720939636,0.0
-0.36311301589012146,0.059473395347595215,0.0
-0.16640421748161316,-0.04714763164520264,0.0
-0.6641824245452881,0.24353384971618652,1.0
-0.205020472407341,0.6042100191116333,1.0
0.32353705167770386,0.30748826265335083,0.0
-0.46818995475769043,0.441963791847229,1.0
-0.4032621383666992,0.4666140377521515,0.0
0.029318004846572876,0.8480650186538696,1.0
-0.6644049882888794,0.22797012329101562,1.0
-0.48169249296188354,0.2300565242767334,0.0
0.11437851190567017,0.6773562431335449,0.0
-0.7509773969650269,0.19430875778198242,1.0
-0.16105812788009644,0.5534740686416626,1.0
-0.5503158569335938,0.14625149965286255,0.0
0.2528568506240845,0.13187503814697266,0.0
-0.747581422328949,0.2651331424713135,1.0
-0.5605610609054565,0.16790851950645447,0.0
0.5482031106948853,-0.481174111366272,0.0
-0.48398062586784363,0.3714442253112793,1.0
-0.4227573871612549,0.2480609118938446,0.0
-0.48635363578796387,0.11899964511394501,0.0
-0.244111567735672,0.4614691734313965,1.0
-0.4587327241897583,0.41366779804229736,1.0
0.7123129963874817,-0.5299365520477295,0.0
-0.878757894039154,0.16358742117881775,1.0
-0.5738284587860107,0.13856133818626404,0.0
0.2958521246910095,0.9138641953468323,1.0
0.03047040104866028,0.7613888382911682,1.0
-0.7240692377090454,0.2725563943386078,0.0
-0.4888472557067871,0.4041510820388794,0.0
-0.7663623094558716,0.1847037672996521,0.0
-0.8826853632926941,0.024975508451461792,1.0
-0.42470377683639526,0.3460789918899536,0.0
-0.3727211356163025,0.3987013101577759,0.0
-0.3853244185447693,0.48246902227401733,0.0
0.3057295083999634,-0.04372301697731018,0.0
-0.5318410992622375,0.30831530690193176,0.0
-0.8205692172050476,0.03693082928657532,0.0
-0.6445225477218628,0.28633207082748413,1.0
0.24081772565841675,0.11974449455738068,0.0
-0.7815667390823364,0.3125525414943695,1.0
-0.6128461360931396,-0.05515822768211365,0.0
-0.29611000418663025,0.46490567922592163,0.0
-0.6779187917709351,0.20408087968826294,0.0
-0.6664692163467407,0.22234584391117096,1.0
-0.4905853271484375,0.28914394974708557,1.0
-0.1352022886276245,0.5623357892036438,1.0
-0.3323137164115906,0.5125868916511536,1.0
-0.14437459409236908,0.416747510433197,1.0
-0.847364604473114,0.15344566106796265,0.0
-0.7669792175292969,0.34836286306381226,1.0
-0.21294721961021423,0.30817732214927673,0.0
0.670016884803772,0.3244794011116028,0.0
-0.8087551593780518,0.25147610902786255,0.0
-0.3680749833583832,0.056900978088378906,1.0
-0.205454021692276,0.4828975200653076,0.0
-0.5668580532073975,0.41441842913627625,0.0
-0.3604218363761902,0.16173870861530304,0.0
-0.028393596410751343,0.5249432921409607,1.0
-0.4334478974342346,0.3250613212585449,1.0
-0.5467907190322876,0.2421320080757141,0.0
-0.7328871488571167,-0.04549035429954529,0.0
-0.594267725944519,0.2183130383491516,1.0
0.06003493070602417,0.47072702646255493,1.0
-0.4147838056087494,0.5574985146522522,1.0
-0.4052905738353729,0.3111233413219452,0.0
-0.00958666205406189,0.6525886058807373,1.0
-0.2392888367176056,0.5340493321418762,1.0
-0.5978551506996155,0.35068559646606445,0.0
-0.2836119532585144,0.20047280192375183,0.0
-0.8272303938865662,0.24543316662311554,0.0
-0.2676044702529907,0.5470455884933472,1.0
-0.8840402960777283,0.13930843770503998,1.0
-0.39986610412597656,0.4864470958709717,1.0
-0.2902750074863434,0.48109570145606995,0.0
-0.5854853391647339,0.21086297929286957,0.0
-0.5579400062561035,0.2714742124080658,0.0
-0.347025603055954,0.38655003905296326,1.0
-0.6528347730636597,0.3998425602912903,0.0
-0.4644223749637604,0.41270825266838074,1.0
-0.48483937978744507,0.2606038451194763,1.0
-0.24274702370166779,0.39859458804130554,0.0
0.05417916178703308,0.3222717344760895,1.0
-0.2390722930431366,0.6276007890701294,1.0
-0.6127773523330688,0.3509593904018402,1.0
-0.1237943023443222,0.7242029905319214,1.0
-0.31304121017456055,0.3056144714355469,1.0
-0.32926636934280396,0.3626595139503479,1.0
-0.29152098298072815,0.4763634204864502,1.0
-0.3775317370891571,0.3394644260406494,1.0
-0.22768200933933258,0.25995707511901855,0.0
0.31302011013031006,0.16556218266487122,0.0
-0.7809686660766602,0.2555815577507019,1.0
-0.2846319079399109,0.18527068197727203,0.0
-0.07895410060882568,0.42139962315559387,0.0
-0.2590062618255615,0.445382297039032,0.0
-0.2589634358882904,0.6621941328048706,1.0
-0.10302914679050446,0.7519686222076416,1.0
0.5373526215553284,-0.4797980785369873,0.0
-0.12775443494319916,0.720025897026062,1.0
-0.5353218913078308,0.3878166675567627,1.0
-0.536486804485321,0.1930951029062271,0.0
-0.10076652467250824,0.4726710915565491,1.0
-0.46112877130508423,0.5039758682250977,1.0
-0.6704774498939514,0.21006113290786743,0.0
-0.5004081726074219,0.20877660810947418,0.0
-0.1433619260787964,0.6841369271278381,1.0
-0.7654496431350708,0.21513672173023224,1.0
-0.9191998243331909,0.14767354726791382,1.0
0.10655519366264343,0.5039049983024597,0.0
-0.3735244572162628,0.27833807468414307,0.0
-0.3509026765823364,0.3063269853591919,1.0
-0.5779731869697571,0.34622278809547424,0.0
0.052502453327178955,0.08355921506881714,0.0
-0.9920914173126221,0.03207051753997803,1.0
0.20970892906188965,0.45032694935798645,0.0
-0.567244291305542,0.471965491771698,1.0
-0.728052020072937,0.3138635754585266,1.0
-0.21300899982452393,0.40756675601005554,0.0
-0.416201114654541,0.3840363323688507,0.0
0.028863847255706787,0.10706578195095062,0.0
-0.3811388611793518,0.5769158005714417,1.0
-0.3890375792980194,0.1609797328710556,0.0
0.0607016384601593,0.4047231078147888,1.0
-0.3201276957988739,0.44011491537094116,1.0
-0.5061576962471008,0.11896291375160217,0.0
0.03215464949607849,0.12769904732704163,0.0
-0.22278037667274475,0.6282240152359009,1.0
0.051800042390823364,0.15697525441646576,0.0
-0.3994928300380707,0.21637789905071259,1.0
-0.4589273929595947,0.2865612506866455,0.0
-0.8162092566490173,0.2803683578968048,0.0
0.16356578469276428,0.609015941619873,0.0
-0.4072198271751404,0.5544756650924683,1.0
-0.38353586196899414,0.21104025840759277,0.0
-0.36381077766418457,0.5309807062149048,1.0
0.43580710887908936,-0.24281907081604004,0.0
-0.0954074114561081,0.6097627282142639,1.0
-0.4591304063796997,0.3212871253490448,0.0
-0.5498964190483093,0.31375405192375183,1.0
-0.555328369140625,0.3654273748397827,1.0
-0.1871057152748108,0.47182348370552063,1.0
-0.5866470336914062,0.30902016162872314,0.0
-0.6939729452133179,0.25827834010124207,0.0
-0.2988445460796356,0.3866456151008606,1.0
-0.08218750357627869,0.16641253232955933,1.0
-0.5665683746337891,0.23924273252487183,0.0
-0.08945347368717194,0.5940200090408325,1.0
-0.27752411365509033,0.4776850938796997,1.0
0.2419845461845398,0.3489197790622711,0.0
-0.45381128787994385,0.2136000394821167,0.0
-0.3876872658729553,0.4035612940788269,0.0
-0.5285055637359619,0.40360939502716064,1.0
-0.2783311605453491,0.4658202528953552,1.0
-0.4640803337097168,0.32277584075927734,1.0
-0.7889260053634644,0.22049471735954285,1.0
0.0873001217842102,-0.13651207089424133,0.0
-0.2527107894420624,0.4890228509902954,0.0
-0.2996472120285034,0.44058769941329956,1.0
-0.466139018535614,0.1601523607969284,0.0
0.08170422911643982,0.22019095718860626,0.0
-0.5892391800880432,0.40961796045303345,1.0
-0.048219531774520874,0.7488168478012085,1.0
0.13663271069526672,0.038106828927993774,0.0
-0.8459349870681763,0.10524220764636993,1.0
0.04807710647583008,0.7212664484977722,1.0
-0.4860875606536865,0.22226232290267944,0.0
0.49328792095184326,-0.09145060181617737,0.0
-0.10446794331073761,0.6017880439758301,1.0
-0.4981074631214142,0.46244311332702637,0.0
-0.5169909596443176,0.23180656135082245,0.0
-0.29685837030410767,0.41296565532684326,1.0
-0.6716338396072388,0.1114802360534668,0.0
0.292530357837677,-0.23523575067520142,0.0
-0.5979634523391724,0.40467143058776855,0.0
0.6863250136375427,-0.5512930154800415,0.0
-0.3510768413543701,0.5689746141433716,1.0
-0.15358702838420868,0.7738063931465149,0.0
0.19496482610702515,0.6095215082168579,1.0
0.005469977855682373,0.5121199488639832,0.0
-0.5844070911407471,0.360919713973999,1.0
-0.6963346600532532,0.33669009804725647,1.0
-0.4190638065338135,0.31729426980018616,0.0
-0.7120743989944458,0.1818445771932602,0.0
-0.8752588033676147,0.11730556190013885,0.0
-0.31463390588760376,0.48100948333740234,1.0
-0.4200604259967804,0.4446699321269989,1.0
-0.46841368079185486,0.2878319323062897,1.0
-0.5420889258384705,0.2090766429901123,0.0
0.04152321815490723,0.4398292601108551,0.0
-0.6686415672302246,0.23229195177555084,0.0
-0.24593114852905273,0.4326919913291931,1.0
-0.7407327890396118,0.3763243854045868,1.0
-0.8634723424911499,0.04618948698043823,0.0
-0.17286936938762665,0.2153417021036148,0.0
-0.7286378145217896,0.38528069853782654,1.0
-0.8516504168510437,0.16171672940254211,1.0
-0.09693163633346558,0.7095195055007935,1.0
-0.1228429526090622,0.75016188621521,1.0
0.31155508756637573,0.08100518584251404,0.0
-0.7514883875846863,0.14296205341815948,1.0
-0.5235394239425659,0.26590806245803833,0.0
-0.18733984231948853,0.46497392654418945,1.0
-0.32570797204971313,0.5716691017150879,1.0
-0.837711751461029,0.17790573835372925,1.0
-0.5087419152259827,0.5059270262718201,1.0
0.6670888066291809,0.1081095039844513,0.0
-0.43409278988838196,0.23111999034881592,1.0
-0.8994596004486084,-0.0015088915824890137,0.0
-0.805621862411499,0.15524789690971375,0.0
-0.4990917146205902,0.46403124928474426,1.0
-0.6567360162734985,0.2759592831134796,1.0
-0.3089013397693634,0.44689637422561646,0.0
-0.34088319540023804,0.40611228346824646,1.0
-0.031333208084106445,0.4163888096809387,0.0
0.6749205589294434,-0.5738158226013184,0.0
0.05518007278442383,0.7829024791717529,1.0
-0.6128076314926147,0.100654736161232,0.0
0.22762352228164673,0.25038638710975647,0.0
-0.5318613052368164,0.47449082136154175,0.0
-0.7353649735450745,0.28059449791908264,1.0
-0.5422866344451904,0.45791494846343994,1.0
0.12088382244110107,0.8123119473457336,1.0
-0.3511999547481537,0.428826242685318,1.0
-0.5045157670974731,0.40025192499160767,1.0
-0.3933890759944916,0.6766370534896851,1.0
0.21360456943511963,0.17941772937774658,0.0
-0.43405085802078247,0.3335164487361908,1.0
-0.13195571303367615,0.6767935752868652,1.0
-0.26551979780197144,0.6489948630332947,0.0
-0.237473726272583,0.6159069538116455,0.0
-0.15744176506996155,0.4290511906147003,0.0
0.1887340545654297,0.10503756999969482,0.0
-0.009932368993759155,0.6601687669754028,1.0
-0.8324921131134033,0.247685045003891,1.0
-0.45168548822402954,0.33132049441337585,1.0
-0.4268134832382202,0.36964499950408936,1.0
-0.1195870041847229,0.2533935308456421,0.0
-0.7652159929275513,0.31726694107055664,1.0
-0.17169180512428284,0.3773663640022278,0.0
0.016074925661087036,0.5631662607192993,1.0
-0.49049144983291626,0.49521204829216003,0.0
-0.4794650971889496,0.22676138579845428,1.0
-0.12372627854347229,0.819907546043396,0.0
-0.8067004680633545,0.10215736925601959,1.0
0.5735970735549927,-0.502259373664856,0.0
-0.7035529613494873,0.32717573642730713,1.0
-0.8705896139144897,0.07275524735450745,1.0
-0.8043428063392639,0.07759168744087219,0.0
0.2175580859184265,-0.04655098915100098,0.0
-0.7303577661514282,0.2799094319343567,1.0
0.2165614366531372,0.6816487312316895,1.0
-0.48914575576782227,0.37166646122932434,1.0
-0.10695251822471619,-0.1712878942489624,0.0
-0.06558996438980103,0.6708972454071045,1.0
-0.2750617265701294,0.5408310890197754,1.0
-0.613488495349884,0.10599473118782043,0.0
0.21137338876724243,0.0643899142742157,0.0
-0.5582715272903442,0.33098167181015015,1.0
-0.27184298634529114,0.5458613634109497,0.0
-0.5561789274215698,0.4021035432815552,1.0
0.37172627449035645,0.0394921600818634,0.0
-0.782383143901825,0.32298851013183594,0.0
-0.6289967894554138,0.2786211371421814,1.0
-0.42068976163864136,0.3114871084690094,0.0
-0.18836455047130585,0.6445232629776001,1.0
-0.5826503038406372,0.2191406488418579,0.0
-0.5385614633560181,0.3766919672489166,1.0
-0.3701515197753906,0.5496671795845032,1.0
0.08295339345932007,0.3067319989204407,0.0
0.004976123571395874,-0.13938596844673157,0.0
0.05940800905227661,0.637389600276947,1.0
-0.5380878448486328,0.3114439845085144,1.0
-0.42303746938705444,0.16774535179138184,1.0
0.21393585205078125,0.3231021463871002,0.0
-0.228976309299469,0.3460511267185211,0.0
-0.40081852674484253,0.35280629992485046,1.0
0.01056930422782898,0.6099550724029541,1.0
-0.7875970602035522,0.27455589175224304,0.0
-0.5769397020339966,0.30567243695259094,0.0
-0.5497307181358337,0.13875359296798706,1.0
-0.4073949158191681,0.35863250494003296,1.0
-0.5646401047706604,0.4720185101032257,0.0
-0.3331274390220642,0.5172640085220337,1.0
-0.7731967568397522,0.1380983591079712,0.0
-0.12401126325130463,0.5079336166381836,1.0
0.19582301378250122,0.8295508623123169,1.0
0.06345915794372559,0.6532277464866638,1.0
-0.23428790271282196,0.37597712874412537,1.0
0.35039806365966797,0.35175058245658875,0.0
-0.43087390065193176,0.26801979541778564,0.0
0.0728851854801178,0.8482699394226074,1.0
-0.7146468758583069,0.2436947524547577,1.0
-0.6782800555229187,0.22753022611141205,1.0
-0.4905623197555542,0.09924133121967316,0.0
-0.27371731400489807,0.3448927700519562,1.0
-0.7187000513076782,0.25299760699272156,0.0
-0.1540391594171524,0.3565359115600586,1.0
-0.8557934761047363,-0.04297378659248352,0.0
0.37054598331451416,-0.13362106680870056,0.0
-0.47757086157798767,0.5152006149291992,0.0
0.058931589126586914,0.3232901692390442,0.0
-0.6677495241165161,0.048199355602264404,1.0
-0.31595516204833984,0.5355782508850098,1.0
-0.8482301831245422,0.11406303942203522,0.0
-0.4168553650379181,0.5774056315422058,1.0
0.07246851921081543,0.19243188202381134,0.0
-0.4504137933254242,0.30347955226898193,0.0
-0.8769688010215759,0.23011887073516846,1.0
0.12110674381256104,0.5408897995948792,1.0
0.015108942985534668,0.7198397517204285,1.0
-0.6719146966934204,0.25629958510398865,0.0
-0.43606555461883545,0.4130111336708069,1.0
-0.6311566829681396,0.2958376705646515,1.0
-0.08992882072925568,0.30497246980667114,0.0
-0.6144150495529175,0.07905605435371399,0.0
-0.5416797995567322,0.23578765988349915,1.0
0.025963515043258667,0.4054417908191681,0.0
0.09401288628578186,0.5887086391448975,1.0
-0.4348140060901642,0.34221893548965454,0.0
-0.19420558214187622,0.5396283864974976,1.0
-0.19756892323493958,0.35667484998703003,0.0
-0.01783621311187744,0.4442761242389679,0.0
-0.5668340921401978,0.10490930080413818,0.0
-0.7450143098831177,0.028108954429626465,1.0
-0.6512534022331238,0.41130420565605164,1.0
-0.7570855617523193,0.2639579176902771,0.0
-0.789422869682312,0.22722426056861877,1.0
-0.11134950816631317,0.49128568172454834,1.0
-0.4882485866546631,0.3858945071697235,1.0
-0.577704906463623,0.2346479594707489,0.0
-0.46878373622894287,0.5057487487792969,1.0
-0.4250295162200928,0.136002779006958,0.0
-0.6120674014091492,0.44603171944618225,1.0
-0.9190376400947571,0.1092485785484314,1.0
-0.43693652749061584,0.370527446269989,0.0
-0.034390658140182495,0.5987173914909363,1.0
-0.21572090685367584,0.3223656117916107,0.0
-0.11666783690452576,0.9708642959594727,0.0
-0.7251148223876953,0.273878812789917,1.0
-0.6374419927597046,0.32872703671455383,1.0
-0.7444358468055725,0.11684426665306091,1.0
-0.8857223391532898,0.1722983717918396,1.0
-0.3471424877643585,0.5413838028907776,0.0
-0.09578517079353333,0.5405967831611633,1.0
-0.3402262330055237,0.5392313599586487,1.0
0.39247971773147583,-0.5043811202049255,0.0
-0.32376202940940857,0.17748071253299713,0.0
-0.825587272644043,0.08386915922164917,1.0
-0.013213634490966797,0.6335139274597168,1.0
-0.2790505588054657,0.5883196592330933,0.0
-0.14305230975151062,0.6288724541664124,1.0
-0.6594414114952087,0.2802545428276062,1.0
-0.3416926860809326,0.2978628873825073,0.0
-0.8564431667327881,0.0388331413269043,0.0
0.04056081175804138,0.46343860030174255,0.0
0.14840000867843628,0.7243449687957764,0.0
-0.012749642133712769,0.8477692008018494,1.0
0.3173673748970032,-0.0038487613201141357,0.0
-0.3365808129310608,0.5698537826538086,1.0
-0.5837011337280273,0.27262529730796814,1.0
-0.1363862156867981,0.7141796350479126,1.0
-0.29737070202827454,0.5790305733680725,1.0
-0.6180105209350586,0.1387443244457245,1.0
0.04146760702133179,0.29340988397598267,0.0
-0.8531644344329834,0.19509318470954895,0.0
0.15761983394622803,0.048787862062454224,0.0
-0.24930354952812195,0.5880750417709351,1.0
-0.15443502366542816,0.22800810635089874,0.0
-0.5126527547836304,0.34201672673225403,0.0
-0.32715925574302673,0.5252194404602051,0.0
-0.3313071131706238,0.5114257335662842,1.0
-0.2244059145450592,0.5548760890960693,1.0
-0.08099505305290222,0.7362363934516907,1.0
-0.33574366569519043,0.44970670342445374,1.0
0.1097104549407959,0.502927303314209,0.0
-0.6900700926780701,0.2604740262031555,1.0
-0.8243069648742676,0.16101573407649994,1.0
0.042898744344711304,0.18841663002967834,0.0
0.9213560223579407,-0.6593031883239746,0.0
-0.13195520639419556,0.6948997974395752,1.0
0.09706738591194153,0.031799912452697754,0.0
-0.937508225440979,0.14504952728748322,1.0
-0.08624565601348877,0.2683289051055908,0.0
0.189541757106781,0.018514364957809448,0.0
-0.757679283618927,0.05989682674407959,0.0
-0.5471819639205933,0.48100388050079346,1.0
-0.4057694673538208,0.6057772636413574,1.0
0.24382317066192627,0.6362524628639221,1.0
-0.10785830020904541,0.7508009076118469,1.0
-0.21722900867462158,0.49902886152267456,1.0
-0.3797478675842285,0.4955598711967468,1.0
-0.16959801316261292,0.5034216642379761,0.0
-0.8387787342071533,0.04245567321777344,0.0
-0.8624215126037598,0.15943525731563568,0.0
-0.6326258182525635,0.21358391642570496,0.0
-0.3651584982872009,0.4160340428352356,1.0
0.1642080843448639,0.8875550627708435,1.0
-0.4179847538471222,0.2525293529033661,1.0
-0.949874997138977,0.1910954713821411,0.0
-0.429215669631958,0.487853467464447,1.0
-0.04480871558189392,0.16518060863018036,0.0
-0.03904467821121216,0.6982073783874512,1.0
-0.5318410992622375,0.30831530690193176,0.0
0.9999999403953552,-0.8302873373031616,0.0
-0.419412761926651,0.3462628424167633,0.0
-0.6801124811172485,0.3292553424835205,1.0
-0.492398202419281,0.476514995098114,1.0
-0.7216116189956665,0.08815917372703552,0.0
-0.4091484546661377,0.26778095960617065,1.0
-0.37680771946907043,0.45488613843917847,0.0
-0.4433058500289917,0.38401487469673157,1.0
-0.16102884709835052,0.15695726871490479,1.0
0.30058348178863525,-0.27255821228027344,0.0
-0.31900304555892944,0.3874731659889221,1.0
-0.5893835425376892,0.3490070700645447,1.0
0.5137980580329895,-0.40155255794525146,0.0
-0.05384308099746704,0.7920371890068054,1.0
-0.4294504225254059,0.23578086495399475,0.0
-0.8441931009292603,0.04655960202217102,1.0
-0.6075432300567627,0.2444985955953598,1.0
-0.15320394933223724,0.5671298503875732,1.0
-0.3893444538116455,0.2899273633956909,1.0
-0.5297956466674805,0.19126617908477783,0.0
0.14303576946258545,0.8289700746536255,1.0
-0.6667110919952393,0.31972524523735046,0.0
-0.4757820665836334,0.31123021245002747,1.0
0.5466545820236206,0.15778730809688568,0.0
-0.8726350665092468,0.05810481309890747,1.0
-0.4112233519554138,0.10350815951824188,0.0
0.40670186281204224,0.6020288467407227,1.0
0.5028024315834045,-0.6124168634414673,0.0
-0.3442155718803406,0.4186933636665344,1.0
-0.6619604825973511,0.24426086246967316,1.0
-0.412281334400177,0.4668375253677368,0.0
-0.28155797719955444,0.2719121277332306,0.0
-0.6800220608711243,0.42869216203689575,0.0
-0.2922120690345764,0.694284200668335,1.0
-0.038481682538986206,0.743615984916687,1.0
-0.053350627422332764,0.5757092237472534,1.0
0.11585739254951477,0.9147374033927917,1.0
0.674666166305542,0.19628246128559113,0.0
-0.5148696303367615,0.5321844816207886,1.0
0.1967291235923767,0.055481553077697754,0.0
0.3219757080078125,0.6292813420295715,0.0
0.15061673521995544,0.2718038558959961,0.0
-0.43855297565460205,0.27862054109573364,0.0
-0.4727371335029602,0.4659113585948944,1.0
0.12592488527297974,0.18985354900360107,0.0
-0.5692542195320129,0.5007461309432983,1.0
-0.4951919913291931,0.06659495830535889,0.0
-0.45198482275009155,0.3543708026409149,0.0
-0.868419885635376,0.15341967344284058,0.0
-0.6390751600265503,0.42765185236930847,1.0
-0.37584125995635986,0.4576287567615509,1.0
-0.47687315940856934,0.26834338903427124,1.0
-0.8951746225357056,0.08566150069236755,0.0
0.3371787667274475,0.2525293231010437,0.0
-0.4718337059020996,0.47933655977249146,1.0
-0.11541153490543365,-0.0438576340675354,0.0
-0.07191401720046997,-0.019421309232711792,0.0
-0.3562050461769104,0.12780839204788208,0.0
-0.39393502473831177,0.5101111531257629,1.0
-0.44833970069885254,0.3594244420528412,1.0
0.06330609321594238,0.06120309233665466,0.0
-0.26772624254226685,0.1128724217414856,0.0
0.0021287500858306885,0.30849790573120117,1.0
-0.19560924172401428,0.24226374924182892,1.0
-0.04678022861480713,0.7334640622138977,1.0
0.5282341837882996,-0.8697534799575806,0.0
-0.32854291796684265,0.29096347093582153,1.0
-0.3813929259777069,0.20246222615242004,0.0
-0.32644301652908325,0.5368718504905701,0.0
-0.22086310386657715,0.5236121416091919,0.0
0.19168221950531006,0.3293490707874298,0.0
-0.5267672538757324,0.1553283929824829,1.0
-0.3457503318786621,0.2454727739095688,0.0
-0.407265305519104,0.04552572965621948,0.0
0.3812412619590759,-0.0816689133644104,0.0
0.040316373109817505,0.7241014242172241,1.0
-0.8213685154914856,0.14503596723079681,1.0
-0.13081364333629608,0.7511995434761047,1.0
-0.5422786474227905,0.4752237796783447,0.0
-0.39368364214897156,0.19401957094669342,0.0
-0.23983295261859894,0.631989598274231,1.0
-0.6921781301498413,0.2374832183122635,0.0
-0.6632500290870667,0.19582562148571014,0.0
-0.5731093883514404,0.2455471307039261,0.0
-0.6732951402664185,0.12510010600090027,0.0
-0.12848740816116333,0.26028040051460266,0.0
0.26102977991104126,0.1731373518705368,0.0
-0.46344029903411865,0.3061631917953491,0.0
-0.6312012672424316,0.20865562558174133,0.0
-0.362174391746521,0.3843587338924408,1.0
0.13375341892242432,0.5930038094520569,1.0
-0.030293375253677368,0.5102222561836243,1.0
-0.5941627025604248,0.38204866647720337,1.0
-0.2141207754611969,0.5283304452896118,0.0
0.33153337240219116,0.7859753370285034,1.0
-0.07173560559749603,0.42854130268096924,1.0
-0.8069021701812744,0.1861831396818161,1.0
-0.3129452168941498,0.5503578782081604,1.0
-0.0651482343673706,0.45359715819358826,1.0
0.21018648147583008,0.09694962203502655,0.0
-0.3762926459312439,0.34410712122917175,1.0
-0.8411504626274109,0.2363463044166565,1.0
-0.3587564527988434,0.4288998246192932,0.0
0.133976548910141,0.5923254489898682,0.0
-0.2822510600090027,0.2709977924823761,0.0
-0.7878358364105225,0.15451361238956451,1.0
-0.5872870683670044,0.4035228490829468,0.0
-0.6481108665466309,0.32318007946014404,0.0
-0.4801098704338074,0.47142088413238525,1.0
0.2688344120979309,-0.28022217750549316,0.0
-0.0954824835062027,0.24109458923339844,1.0
-0.6882309317588806,0.10006807744503021,0.0
-0.4399687647819519,0.47883448004722595,0.0
-0.6510555744171143,0.4142342805862427,0.0
-0.24046330153942108,0.40411120653152466,0.0
-0.6404366493225098,0.2928973138332367,1.0
-0.643403172492981,0.307112455368042,1.0
-0.3896104097366333,0.49484699964523315,0.0
0.0010888874530792236,0.8120598793029785,1.0
-0.6748479604721069,0.23360425233840942,0.0
-0.17400887608528137,0.28596723079681396,1.0
-0.9176376461982727,0.15060381591320038,1.0
0.13268736004829407,0.5279191136360168,0.0
-0.3152276277542114,0.3024922013282776,1.0
0.00839245319366455,0.7102319002151489,1.0
-0.43272942304611206,0.4245835840702057,1.0
0.08049154281616211,0.7123923897743225,1.0
-0.1713385432958603,0.45480912923812866,0.0
0.6099849939346313,-0.2931077480316162,0.0
-0.30272093415260315,0.5113542079925537,0.0
-0.016116231679916382,0.7020201683044434,0.0
-0.23484256863594055,0.10452643036842346,1.0
-0.11487099528312683,0.3452347218990326,1.0
-0.35767045617103577,0.4918447732925415,1.0
0.09308964014053345,0.28002244234085083,0.0
-0.6749637126922607,0.10198520123958588,1.0
0.14576709270477295,0.09336397051811218,0.0
-0.3025468587875366,0.4068776071071625,0.0
-0.9285773634910583,0.15656162798404694,0.0
-0.29201388359069824,0.25309741497039795,1.0
-0.32364746928215027,0.46615779399871826,1.0
-0.1621902585029602,0.46343550086021423,0.0
-0.4505882263183594,0.40410688519477844,1.0
-0.6889212131500244,0.10881544649600983,0.0
-0.4904916286468506,0.42946577072143555,1.0
-0.3295135498046875,0.5132759809494019,0.0
-0.3331887423992157,0.5562064051628113,1.0
-0.30183181166648865,0.3892329931259155,1.0
-0.20376800000667572,0.580307126045227,1.0
-0.7268245220184326,0.33522558212280273,0.0
-0.23264676332473755,0.42156150937080383,1.0
-0.4129703640937805,0.44987279176712036,0.0
-0.2813320457935333,0.5719942450523376,1.0
-0.17764919996261597,0.4423255920410156,0.0
-0.3868403434753418,0.4985761046409607,1.0
-0.4632704257965088,0.10107474029064178,1.0
0.009417980909347534,0.677870512008667,1.0
-0.7395455837249756,0.08481112122535706,0.0
-0.31235411763191223,0.4276583194732666,0.0
-0.4885493516921997,0.23107212781906128,0.0
-0.1972886025905609,0.6097074151039124,1.0
-0.8525635004043579,0.24280238151550293,0.0
-0.36370694637298584,0.41482073068618774,1.0
-0.03779119253158569,0.6063897013664246,1.0
-0.27801182866096497,0.4693387746810913,1.0
-0.3018624782562256,0.31208300590515137,1.0
-0.7734259366989136,0.3681396245956421,0.0
-0.1995094120502472,0.0006203949451446533,1.0
-0.2997063398361206,0.6122193336486816,1.0
0.10437202453613281,0.2706919014453888,0.0
-0.6052817106246948,0.1753474920988083,1.0
-0.09230884909629822,0.7035902738571167,1.0
-0.3875541687011719,0.46838054060935974,1.0
-0.5280303955078125,0.3709864616394043,0.0
-0.5463224649429321,0.4911930561065674,1.0
-0.3708706796169281,0.34062254428863525,1.0
-0.07692007720470428,0.5882160067558289,1.0
-0.16884726285934448,0.7141138911247253,1.0
-0.8799790143966675,0.20468512177467346,0.0
-0.6763567328453064,0.24835900962352753,1.0
-0.23338709771633148,0.6794090270996094,1.0
-0.5811917781829834,0.3032175898551941,1.0
-0.5102612972259521,0.45152777433395386,0.0
-0.006530493497848511,0.6188163757324219,1.0
0.23677301406860352,0.8549741506576538,1.0
-0.680751383304596,0.4180663228034973,0.0
-0.758103609085083,0.03324642777442932,0.0
-0.35860636830329895,0.27762719988822937,1.0
0.06613680720329285,0.3971487879753113,0.0
0.10098350048065186,0.3986445665359497,0.0
-0.7709758281707764,0.28416264057159424,0.0
-0.2843233346939087,0.5678874254226685,1.0
0.10022854804992676,0.1331806778907776,0.0
-0.11934281885623932,0.6909496188163757,1.0
0.03565698862075806,-0.02438756823539734,0.0
-0.24211835861206055,0.6197313070297241,1.0
-0.5373570919036865,0.4524439871311188,0.0
-0.5145146250724792,0.39226192235946655,0.0
-0.5631914138793945,0.374148964881897,0.0
0.696005642414093,-0.8434514999389648,0.0
-0.5189787745475769,0.4187158942222595,1.0
-0.14087194204330444,0.4073536992073059,0.0
-0.7875633239746094,0.20875908434391022,0.0
-0.6635862588882446,0.3142733573913574,1.0
0.12477436661720276,0.09298111498355865,0.0
-0.5368428230285645,0.4738752245903015,1.0
-0.32875198125839233,0.39325886964797974,1.0
0.054355889558792114,-0.08563780784606934,0.0
0.02256906032562256,0.043380409479141235,0.0
-0.3932335078716278,0.47073447704315186,1.0
-0.316669762134552,0.5849555134773254,1.0
0.9691659808158875,-0.5929509401321411,0.0
-0.3956355154514313,0.4810352921485901,1.0
-0.7293246984481812,-0.011479169130325317,0.0
-0.4243139624595642,0.3100852370262146,0.0
0.0003434121608734131,0.5014091730117798,1.0
-0.7027270793914795,0.3194710612297058,1.0
-0.45348060131073,0.21388353407382965,1.0
-0.274728924036026,0.18783831596374512,0.0
0.0471806526184082,0.17198148369789124,0.0
-0.5409417152404785,0.24928700923919678,0.0
-0.43636637926101685,0.5710469484329224,0.0
-0.329328328371048,0.5256500840187073,1.0
-0.3500158488750458,0.26608002185821533,0.0
-0.4278803765773773,0.4809492230415344,0.0
-0.3161763846874237,0.19251412153244019,0.0
0.3202105164527893,0.20380772650241852,0.0
-0.5671858787536621,0.3251226246356964,0.0
-0.5520504117012024,0.36319679021835327,1.0
-0.4538007974624634,0.294194757938385,0.0
0.2840055823326111,-0.1022423505783081,0.0
0.1105368435382843,0.665317177772522,1.0
-0.48088309168815613,0.4271204173564911,1.0
-0.3779671788215637,0.5259259939193726,1.0
-0.37905338406562805,0.5284031629562378,1.0
-0.8151879906654358,0.21676954627037048,0.0
-0.6682034730911255,0.21337509155273438,0.0
0.12409815192222595,0.5422260761260986,0.0
-0.5290098190307617,0.43332868814468384,1.0
-0.035198748111724854,0.4655390679836273,0.0
-0.4340672791004181,0.35972902178764343,1.0
-0.23606042563915253,0.45652085542678833,1.0
-0.3226067125797272,0.5453193187713623,0.0
-0.7488248348236084,0.3237058222293854,0.0
-0.07767525315284729,0.35841846466064453,0.0
0.0009261965751647949,0.6397718191146851,0.0
0.1769648790359497,0.582156240940094,0.0
-0.3489193916320801,0.5599527359008789,1.0
-0.6753249168395996,0.35126298666000366,1.0
-0.6144976615905762,0.4901551306247711,0.0
-0.4352402091026306,0.5854432582855225,0.0
-0.04228529334068298,0.7760201692581177,0.0
-0.07290349900722504,0.5974258184432983,1.0
-0.8229904174804688,0.07038259506225586,1.0
-0.03351253271102905,0.6743407249450684,1.0
-0.5313528776168823,0.3873208463191986,1.0
-0.6335227489471436,0.4069663882255554,1.0
-0.06550885736942291,0.2459590882062912,0.0
0.437710702419281,0.09345373511314392,0.0
-0.3662978410720825,0.48905110359191895,0.0
-0.45970600843429565,0.5045958757400513,1.0
-0.18342630565166473,0.2537873089313507,0.0
-0.42066437005996704,0.43209755420684814,1.0
0.15056556463241577,0.6122031807899475,0.0
-0.3253023028373718,0.3718467652797699,0.0
-0.4635741412639618,0.39461803436279297,1.0
-0.3562329411506653,0.3458311855792999,1.0
0.4031623601913452,0.18589717149734497,0.0
0.16341227293014526,0.32294440269470215,0.0
-0.4019564986228943,0.20559173822402954,0.0
-0.5928010940551758,0.46834510564804077,1.0
-0.8672754764556885,0.08542054891586304,0.0
-0.0917368084192276,0.5649486184120178,1.0
-0.44568103551864624,0.5202954411506653,0.0
-0.579889178276062,0.17691287398338318,1.0
-0.16129912436008453,0.10512763261795044,0.0
-0.38272830843925476,0.0072116851806640625,0.0
0.014616310596466064,0.5224397778511047,0.0
-0.7246707677841187,0.1253252476453781,0.0
0.38098835945129395,-0.03261005878448486,0.0
-0.5242902040481567,0.25749671459198,0.0
-0.1680891215801239,0.6569269895553589,0.0
-0.07260696589946747,0.7000317573547363,1.0
-0.7965208292007446,0.24082696437835693,1.0
0.37772703170776367,-0.3620195984840393,0.0
-0.5287042856216431,0.3596578538417816,1.0
-0.41555893421173096,0.3010682165622711,1.0
-0.12652747333049774,0.4201434254646301,1.0
-0.7124449610710144,0.2904234528541565,1.0
-0.6417187452316284,0.02730715274810791,0.0
-0.7429909110069275,0.13066548109054565,1.0
-0.378040075302124,0.315322607755661,0.0
0.2545740008354187,0.3477536141872406,0.0
-0.4526718854904175,0.37056005001068115,1.0
-0.3427067697048187,0.42548713088035583,0.0
-0.5409352779388428,0.3629337251186371,0.0
-0.6407859325408936,0.3538493514060974,0.0
-0.31872305274009705,0.4754886031150818,1.0
-0.409752756357193,0.4635593891143799,0.0
-0.17546075582504272,0.6901041269302368,1.0
0.7277844548225403,-0.6340475082397461,0.0
-0.4833483099937439,0.24681097269058228,1.0
-0.7315766215324402,0.3780100345611572,1.0
-0.32049882411956787,0.5868443846702576,0.0
-0.23840874433517456,0.4217599332332611,1.0
0.1484372317790985,-0.023459583520889282,0.0
-0.8869355916976929,0.14159581065177917,1.0
0.5080968141555786,0.891489565372467,1.0
-0.3518015146255493,0.4590159058570862,1.0
-0.36324623227119446,0.6127225756645203,0.0
-0.6614648103713989,0.4405636787414551,0.0
-0.4873827397823334,0.2507021427154541,0.0
-0.37966787815093994,0.45119282603263855,0.0
-0.39893946051597595,0.584132194519043,1.0
-0.8461699485778809,0.22171752154827118,1.0
-0.45691806077957153,0.3952104449272156,1.0
-0.3079878091812134,0.41546279191970825,1.0
-0.4318051338195801,0.14635811746120453,0.0
-0.6254830360412598,0.1962943822145462,1.0
-0.9067934155464172,-0.010180622339248657,0.0
0.6969611048698425,-0.7388030290603638,0.0
-0.517203152179718,0.45758920907974243,0.0
-0.05376178026199341,0.6506553888320923,1.0
0.4682183265686035,0.08961674571037292,0.0
-0.009248107671737671,0.7195394039154053,1.0
-0.5075474977493286,0.4915754199028015,1.0
-0.290459007024765,0.35749852657318115,1.0
-0.3211033344268799,0.5484702587127686,1.0
-0.5348807573318481,0.26684996485710144,0.0
-0.40337327122688293,0.48811882734298706,1.0
-0.4263984262943268,0.48828041553497314,0.0
0.032609134912490845,0.8549792766571045,1.0
-0.8789827227592468,0.09929345548152924,1.0
-0.3903657793998718,0.53619784116745,0.0
-0.7560872435569763,0.15579524636268616,0.0
-0.35009312629699707,0.6725031137466431,1.0
0.11404862999916077,0.6084712743759155,0.0
-0.5146838426589966,0.393760621547699,0.0
-0.5340582132339478,0.4376119375228882,0.0
-0.8604424595832825,0.20850153267383575,1.0
-0.7482832074165344,0.14805519580841064,1.0
-0.7039737701416016,0.27719300985336304,0.0
-0.5017954707145691,0.15415550768375397,0.0
0.5512719750404358,-0.03193563222885132,0.0
0.048327863216400146,0.22126862406730652,0.0
-0.16689789295196533,0.6505252122879028,1.0
-0.5655262470245361,0.1171596348285675,1.0
-0.5595625638961792,0.31811001896858215,1.0
0.5023289322853088,-0.11547541618347168,0.0
-0.609086275100708,0.3572441637516022,0.0
-0.4292451739311218,0.33274203538894653,1.0
0.25337105989456177,0.736127495765686,0.0
-0.02781587839126587,0.028452932834625244,0.0
-0.3303908109664917,0.03132447600364685,0.0
-0.19233331084251404,0.657982349395752,1.0
-0.5636615753173828,0.38184788823127747,1.0
-0.6019163131713867,0.34095144271850586,1.0
-0.2576524317264557,0.6599452495574951,1.0
-0.22073101997375488,0.5472120046615601,1.0
0.47434842586517334,-0.523515522480011,0.0
-0.3109493553638458,0.4690698981285095,0.0
-0.3193241059780121,0.3575681746006012,1.0
-0.5744856595993042,0.0049027204513549805,0.0
-0.44610488414764404,0.5329270362854004,1.0
-0.4438222050666809,0.3754196763038635,0.0
0.1307382583618164,0.5106297731399536,0.0
-0.6897671818733215,0.2032810002565384,1.0
0.4145694971084595,-0.49710947275161743,0.0
-0.4042727053165436,0.3535616099834442,1.0
-0.17579691112041473,0.6073606610298157,0.0
-0.15804317593574524,0.6644273400306702,1.0
0.06156459450721741,0.8777282238006592,1.0
-0.23390205204486847,0.5414130687713623,1.0
-0.24471241235733032,0.45968106389045715,1.0
-0.9015366435050964,0.25093454122543335,0.0
0.044805824756622314,0.33083677291870117,0.0
-0.047501832246780396,0.26743781566619873,0.0
-0.2601567804813385,0.15680691599845886,1.0
-0.017039358615875244,0.4884735345840454,1.0
0.5721493363380432,0.1737767904996872,0.0
-0.380637526512146,0.15609827637672424,1.0
-0.6963167786598206,0.1418232023715973,0.0
0.42664772272109985,0.06328395009040833,0.0
-0.31374239921569824,0.18788965046405792,1.0
-0.31397852301597595,0.361806184053421,0.0
0.2202123999595642,0.7821528911590576,1.0
-0.07578039169311523,0.6751059293746948,1.0
0.7735812067985535,-0.5112110376358032,0.0
-0.3067622184753418,0.16967998445034027,0.0
0.9400984644889832,-0.9354703426361084,0.0
-0.7584583759307861,0.281649112701416,0.0
-0.8197741508483887,0.09330159425735474,1.0
-0.37316298484802246,0.48671430349349976,1.0
-0.8939765095710754,0.07453149557113647,0.0
-0.6648771166801453,0.1417086273431778,1.0
-0.30708882212638855,0.6486489772796631,1.0
-0.18961234390735626,0.19365158677101135,0.0
-0.0567607581615448,0.5818914175033569,1.0
-0.6272894740104675,0.4624943733215332,1.0
-0.5797702074050903,0.21142160892486572,1.0
-0.3475053310394287,0.5526385307312012,1.0
0.31725162267684937,0.8254393339157104,1.0
-0.48333150148391724,0.2527398467063904,0.0
-0.5741336345672607,0.299722820520401,0.0
-0.2237280309200287,0.33038705587387085,0.0
-0.2027778923511505,0.5045043230056763,1.0
0.7718105912208557,-0.4501156806945801,0.0
-0.42447343468666077,0.5418114066123962,1.0
-0.8179186582565308,0.1483684927225113,0.0
-0.5148364901542664,0.4355601966381073,1.0
-0.3629702925682068,0.4039608836174011,0.0
-0.6098532676696777,0.1807985156774521,0.0
0.11510911583900452,0.25091204047203064,0.0
-0.5870832204818726,0.18852129578590393,0.0
-0.07860308885574341,0.4171583950519562,1.0
0.48500609397888184,-0.1267896294593811,0.0
-0.24585899710655212,0.5019823312759399,1.0
-0.09390802681446075,0.4483933448791504,0.0
-0.4331493675708771,0.2762649655342102,0.0
-0.2574376165866852,0.5318174362182617,1.0
-0.44342178106307983,0.482826828956604,1.0
-0.2631077170372009,0.4200642704963684,1.0
0.5984991788864136,-0.5818244218826294,0.0
-0.032003045082092285,0.7388092279434204,1.0
-0.5830235481262207,0.45254045724868774,0.0
-0.7641909718513489,0.23799964785575867,1.0
-0.5156623125076294,0.4555441737174988,0.0
-0.3035588264465332,0.6671189665794373,1.0
-0.5680310726165771,0.27675798535346985,0.0
0.05367344617843628,0.5967795848846436,1.0
-0.48288172483444214,0.5410308837890625,0.0
-0.2407623827457428,0.19500891864299774,0.0
-0.3060359060764313,0.601401686668396,0.0
-0.6314386129379272,0.4412715435028076,0.0
-0.8048639893531799,0.18673160672187805,0.0
-0.5468693971633911,0.3229745924472809,0.0
-0.4122745096683502,0.3314218819141388,0.0
-0.1259354054927826,-0.21406441926956177,0.0
0.23613393306732178,0.5130915641784668,1.0
-0.23523977398872375,0.41076815128326416,1.0
0.24187546968460083,0.281993567943573,1.0
-0.5831035375595093,0.25384432077407837,1.0
-0.7181911468505859,0.086224764585495,0.0
-0.4743961989879608,0.29930928349494934,1.0
-0.375570684671402,0.5264108180999756,1.0
-0.28402179479599,0.7265968322753906,1.0
0.13207465410232544,0.5251539349555969,0.0
-0.45881181955337524,0.3426115810871124,1.0
-0.9140231013298035,0.17752791941165924,1.0
-0.6370168924331665,0.13135859370231628,1.0
-0.15460079908370972,0.6856282949447632,0.0
-0.4355279803276062,0.5477977991104126,1.0
-0.76639723777771,0.30165791511535645,0.0
-0.7572329044342041,0.19330909848213196,0.0
-0.8681797981262207,0.21104301512241364,0.0
-0.1301819384098053,0.6980243921279907,0.0
-0.7956840991973877,0.29388827085494995,1.0
-0.4707772731781006,0.3317577838897705,0.0
-0.6317269206047058,0.30668070912361145,1.0
-0.4384281039237976,0.45384812355041504,0.0
-0.3261723816394806,0.3535212278366089,0.0
-0.6163580417633057,0.411491721868515,1.0
-0.5939954519271851,0.49386143684387207,0.0
-0.19150876998901367,0.657353937625885,1.0
-0.5431848764419556,0.33250313997268677,0.0
-0.573257565498352,0.32685962319374084,1.0
-0.5768511891365051,0.4247957170009613,0.0
-0.4192964732646942,0.36025023460388184,1.0
-0.3466496169567108,0.5572465658187866,1.0
0.04245343804359436,0.5307406783103943,1.0
-0.02197548747062683,0.6092106103897095,1.0
-0.4655708074569702,0.4283515214920044,1.0
0.14672741293907166,0.39770078659057617,0.0
-0.9452722668647766,0.15227454900741577,0.0
-0.841926634311676,0.047037363052368164,1.0
0.39918196201324463,0.6534608602523804,1.0
-0.4682810306549072,0.25238707661628723,1.0
-0.5362892150878906,0.45160984992980957,1.0
-0.05204266309738159,0.15363483130931854,0.0
-0.5358242988586426,0.1433684229850769,0.0
0.9680343270301819,-0.48460227251052856,0.0
-0.2664237916469574,0.4899369478225708,0.0
-0.24283456802368164,0.5471001863479614,1.0
-0.14236244559288025,0.6287664175033569,1.0
-0.40796908736228943,0.05775803327560425,0.0
-0.5532020330429077,0.37145912647247314,0.0
-0.7877544164657593,0.012994140386581421,1.0
-0.5442613363265991,0.27877843379974365,0.0
-0.22104790806770325,0.41197669506073,1.0
-0.5886073112487793,0.47363823652267456,0.0
-0.5413268208503723,0.3523488938808441,0.0
-0.08287279307842255,0.6470446586608887,1.0
0.18870073556900024,-0.4590303897857666,0.0
-0.4521697461605072,0.4244380593299866,1.0
-0.2352416217327118,0.36960622668266296,1.0
0.017333656549453735,0.6165077686309814,1.0
-0.9577649831771851,0.18361718952655792,1.0
-0.21400469541549683,0.6118606328964233,1.0
0.21639984846115112,0.6358017921447754,1.0
-0.5880063772201538,0.4363134801387787,1.0
-0.013502150774002075,0.2054281234741211,0.0
-0.4039058983325958,0.37953832745552063,1.0
-0.4654603898525238,0.4802573025226593,1.0
-0.6649879217147827,0.13844817876815796,1.0
-0.3443153500556946,0.6229017972946167,0.0
-0.7696477174758911,0.11956188082695007,0.0
-0.18920424580574036,0.2255416214466095,0.0
-0.5718432664871216,0.3371528089046478,0.0
-0.49810487031936646,0.4465843737125397,1.0
-0.5425199270248413,0.20002098381519318,0.0
-0.5823538899421692,0.2974770665168762,0.0
-0.46840518712997437,0.3544701933860779,0.0
-0.3036300837993622,0.5377306342124939,0.0
-0.21576735377311707,0.6578115224838257,1.0
-0.5776606798171997,0.45196259021759033,0.0
-0.46623432636260986,0.4316917359828949,1.0
-0.2157905548810959,-0.18947577476501465,0.0
-0.05029076337814331,0.7528985142707825,1.0
-0.20032963156700134,0.5778058171272278,1.0
-0.23899945616722107,0.39743107557296753,1.0
-0.46257197856903076,0.3505382835865021,0.0
-0.24653682112693787,0.6634742021560669,1.0
-0.13317403197288513,0.40236425399780273,0.0
-0.1485227793455124,0.6646307706832886,1.0
-0.630394697189331,0.14715531468391418,1.0
-0.04096931219100952,0.8536865711212158,1.0
-0.2662146985530853,0.8609879612922668,0.0
0.590805172920227,-0.2828291058540344,0.0
-0.07799312472343445,0.45044901967048645,0.0
0.023306161165237427,0.2132413685321808,0.0
-0.781559944152832,0.23494121432304382,1.0
-0.05217689275741577,0.6875832676887512,1.0
-0.7291226983070374,0.3575347065925598,1.0
-0.1505565196275711,0.6694142818450928,0.0
-0.6045352220535278,0.2190050482749939,0.0
-0.8626663684844971,0.12492004036903381,1.0
-0.6286540627479553,0.15191036462783813,0.0
-0.22476831078529358,0.6635904312133789,0.0
-0.9232767820358276,0.2648921608924866,0.0
-0.6139281988143921,0.42116057872772217,1.0
-0.34285712242126465,0.3404628336429596,1.0
-0.34213557839393616,0.5983859896659851,1.0
-0.4490824043750763,0.3717922866344452,0.0
-0.5519813299179077,0.12555070221424103,0.0
-0.64247727394104,0.42485231161117554,0.0
-0.09726785123348236,0.7352465391159058,1.0
0.39112842082977295,0.5738404989242554,0.0
-0.4453606605529785,0.5408581495285034,1.0
-0.7120832204818726,0.18966418504714966,1.0
-0.6065317988395691,0.39407697319984436,0.0
0.42258894443511963,0.44955265522003174,0.0
-0.27791690826416016,0.315353661775589,0.0
-0.6170523166656494,0.431455135345459,0.0
0.03172910213470459,0.19852468371391296,0.0
-0.535676896572113,0.45159265398979187,1.0
-0.8337375521659851,0.09858343005180359,0.0
0.31415456533432007,0.7532105445861816,1.0
-0.6513757705688477,0.40899890661239624,0.0
-0.5236856937408447,0.2966688871383667,0.0
-0.703479528427124,0.2526538372039795,0.0
-0.018734067678451538,0.020538359880447388,0.0
-0.34357064962387085,0.28690046072006226,0.0
0.26837092638015747,0.3784250020980835,1.0
-0.47239112854003906,0.426708847284317,1.0
0.9537897706031799,-1.0,0.0
-0.38583624362945557,0.36172765493392944,1.0
-0.5878037810325623,0.38147518038749695,1.0
-0.6003801822662354,0.3397004306316376,1.0
-0.521090567111969,0.14423412084579468,0.0
-0.16446000337600708,0.5596336722373962,0.0
-0.3719560205936432,0.5979489088058472,0.0
0.06125184893608093,0.8160190582275391,0.0
-0.5680079460144043,0.2587257921695709,0.0
0.10132372379302979,0.01467907428741455,0.0
-0.6205959320068359,0.385672926902771,0.0
-0.24110335111618042,0.5330889225006104,1.0
-0.38020482659339905,0.40201011300086975,1.0
-0.10114642977714539,0.6124591827392578,1.0
-0.8263665437698364,0.07507327198982239,1.0
-0.4021368622779846,0.4519432485103607,0.0
-0.866869330406189,0.09504558145999908,1.0
-0.11095583438873291,0.6437307596206665,1.0
-0.19357328116893768,0.03293415904045105,0.0
-0.5498810410499573,0.09722258150577545,1.0
-0.050390541553497314,0.4728268086910248,0.0
-0.4256383776664734,0.5063733458518982,1.0
-0.6745136976242065,0.2480883002281189,0.0
-0.76472008228302,0.1851474940776825,0.0
-0.20585490763187408,0.5353366732597351,0.0
-0.670435905456543,0.2523198425769806,1.0
-0.1776142418384552,-0.1430298089981079,0.0
-0.03358837962150574,-0.1933119297027588,0.0
0.6547098159790039,-0.6182063817977905,0.0
-0.7537856101989746,0.08635666966438293,1.0
0.15562662482261658,0.06676429510116577,0.0
-0.2733286917209625,0.21011343598365784,0.0
-0.5465185642242432,0.37910762429237366,1.0
-0.3154226243495941,0.4252701997756958,1.0
-0.5569223165512085,0.13473200798034668,0.0
-0.7005534768104553,0.11002735793590546,1.0
-0.5160101056098938,0.4563212990760803,1.0
-0.2030687928199768,0.07350286841392517,0.0
-0.30553585290908813,0.3717218339443207,1.0
0.2412816286087036,0.6898856163024902,1.0
0.034367144107818604,0.7598954439163208,1.0
-0.042436063289642334,0.6918002367019653,1.0
-0.8765981197357178,0.07052817940711975,1.0
-0.22852444648742676,0.1436181217432022,0.0
-0.3040198087692261,0.46148762106895447,1.0
-0.059034109115600586,-0.20283174514770508,0.0
-0.6233077645301819,0.3791714310646057,0.0
-0.5566608309745789,0.42781856656074524,1.0
-0.366134911775589,0.19815923273563385,0.0
0.11915689706802368,0.1877865344285965,0.0
-0.2346246987581253,0.5690874457359314,0.0
-0.17824038863182068,0.7124359607696533,1.0
-0.4964751899242401,0.21052177250385284,0.0
0.3605117201805115,0.6439013481140137,0.0
0.207597553730011,-0.08750173449516296,0.0
-0.3719026446342468,0.4459293484687805,0.0
0.17640334367752075,0.18131497502326965,0.0
-0.16623574495315552,0.018765509128570557,0.0
0.5212913751602173,-0.5113330483436584,0.0
-0.379547655582428,0.3676966428756714,0.0
-0.06965067982673645,0.6837689876556396,0.0
0.16901803016662598,-0.2641729712486267,0.0
-0.608601450920105,0.2709047794342041,1.0
-0.23328743875026703,0.6405386328697205,1.0
-0.5048747062683105,0.461076021194458,1.0
0.1266285479068756,0.14049889147281647,0.0
-0.4476328492164612,0.44897663593292236,0.0
0.13381090760231018,0.8868280649185181,1.0
-0.297569215297699,0.47400909662246704,0.0
0.10978513956069946,0.2770960330963135,0.0
-0.18980586528778076,0.4450682997703552,0.0
0.028319358825683594,0.6646430492401123,1.0
-0.6596057415008545,0.19723302125930786,0.0
-0.48911094665527344,0.2618788182735443,0.0
-0.24060966074466705,0.17192187905311584,0.0
-0.5536835193634033,0.3797072172164917,1.0
-0.05076801776885986,0.34552744030952454,0.0
-0.0072731077671051025,0.2019798308610916,0.0
-0.03327569365501404,0.5774012804031372,1.0
0.03947955369949341,0.730549693107605,1.0
-0.3873708248138428,0.457581102848053,1.0
-0.22752179205417633,0.054410457611083984,0.0
-0.5042324662208557,0.39534974098205566,0.0
-0.10585206747055054,0.5325985550880432,1.0
-0.4728427529335022,0.3270827829837799,0.0
-0.5527828931808472,0.32523515820503235,1.0
0.23027551174163818,0.2395799160003662,0.0
-0.21706539392471313,0.5237939357757568,1.0
-0.4466422498226166,0.4535369873046875,0.0
0.058668553829193115,0.5888639688491821,1.0
0.40054208040237427,0.03629344701766968,0.0
-0.06383034586906433,0.3772122263908386,1.0
0.20725810527801514,0.01836511492729187,0.0
-0.45544853806495667,0.24004605412483215,1.0
0.24499452114105225,0.24632211029529572,0.0
-0.7074315547943115,0.16149473190307617,0.0
-0.04254069924354553,0.28138551115989685,0.0
-0.9109783172607422,-0.0013656020164489746,0.0
-0.4168669283390045,0.3765058219432831,0.0
0.05328300595283508,0.6341602802276611,0.0
-0.30085307359695435,0.5348987579345703,0.0
-0.4783899784088135,0.22149676084518433,0.0
-0.23138031363487244,0.11484071612358093,0.0
-0.36780354380607605,0.035637617111206055,0.0
-0.35519108176231384,0.5600417852401733,1.0
-0.1466798037290573,0.6611232161521912,1.0
-0.7367734909057617,0.17093344032764435,0.0
0.035766810178756714,0.5863427519798279,0.0
0.006334364414215088,0.17771852016448975,0.0
-0.9033653140068054,0.09354551136493683,0.0
-0.21966660022735596,0.3776174485683441,1.0
